Loan_ID,Loan_Type,Purpose,Origination_Date,Maturity_Date,Loan_Amount,Term_Months,Interest_Rate_Pct,Monthly_Payment,Outstanding_Balance,Outstanding_Pct,Credit_Score,DTI_Pct,LTV_Pct,Annual_Income,Employment_Status,Employment_Years,State,Industry,Collateral_Type,Delinquency_Status,Missed_Payments,Payments_Made,Property_Type,Co_Borrower,Score_CreditBand,Score_DTI,Score_LTV,Score_Employment,Score_PaymentHistory,Risk_Score,Risk_Grade,Risk_Label,PD_Estimate,LGD_Estimate,Expected_Loss,Expected_Loss_Rate
LN00001,Personal,Home Improvement,2020-02-21,2022-02-10,15500,24,12.39,732.46,775.0,0.05,727,0.3888,,68245,Employed,0.5,NC,,Unsecured,Current,0,24,,No,20,35,15,25,0,19.5,B,Moderate-Low,0.015,0.75,8.72,0.0113
LN00002,Personal,Debt Consolidation,2023-04-24,2025-04-13,17500,24,11.77,821.91,5832.75,0.3333,710,0.2915,,121207,Employed,4.5,AZ,,Unsecured,Current,0,16,,No,20,20,15,15,0,14.8,A,Low Risk,0.005,0.75,21.87,0.0037
LN00003,Personal,Home Improvement,2022-10-31,2025-10-15,25000,36,13.91,853.35,9722.5,0.3889,560,0.2655,,55207,Employed,3.7,WI,,Unsecured,Current,0,22,,No,100,10,15,15,0,36.2,C,Moderate,0.04,0.75,291.68,0.03
LN00004,Personal,Debt Consolidation,2022-07-08,2025-06-22,8000,36,12.95,269.36,2222.4,0.2778,642,0.5466,,98603,Employed,1.1,MD,,Unsecured,Current,0,26,,No,55,80,15,25,0,41.2,C,Moderate,0.04,0.75,66.67,0.03
LN00005,Personal,Medical,2021-11-27,2026-11-01,13500,60,13.51,310.7,6075.0,0.45,644,0.2936,,63205,Employed,0.5,NC,,Unsecured,Current,0,33,,No,55,20,15,25,0,26.2,B,Moderate-Low,0.015,0.75,68.34,0.0112
LN00006,Personal,Medical,2022-02-17,2024-02-07,41000,24,12.87,1946.71,2050.0,0.05,672,0.239,,88847,Employed,1.2,NY,,Unsecured,Current,0,24,,No,35,10,15,25,0,17.8,B,Moderate-Low,0.015,0.75,23.06,0.0112
LN00007,Personal,Vacation,2024-02-03,2026-01-23,32000,24,11.44,1498.0,22665.6,0.7083,745,0.3267,,79672,Employed,10.6,MA,,Unsecured,Current,0,7,,No,10,20,15,0,0,10.2,A,Low Risk,0.005,0.75,85.0,0.0038
LN00008,Personal,Medical,2023-07-11,2027-06-20,61000,48,13.5,1651.66,44481.2,0.7292,588,0.2545,,47084,Retired,26.0,WI,,Unsecured,Current,0,13,,No,75,10,15,10,0,28.2,B,Moderate-Low,0.015,0.75,500.41,0.0112
LN00009,Personal,Home Improvement,2020-04-03,2022-03-24,58500,24,13.2,2786.7,7312.5,0.125,639,0.4245,,99293,Contract,2.7,MI,,Unsecured,Delinquent,3,21,,No,55,35,15,35,75,46.0,C,Moderate,0.04,0.75,219.38,0.03
LN00010,Personal,Medical,2021-07-23,2026-06-27,27500,60,13.42,631.64,10540.75,0.3833,576,0.3314,,126731,Employed,6.1,MA,,Unsecured,Current,0,37,,No,100,20,15,5,0,37.8,C,Moderate,0.04,0.75,316.22,0.03
LN00011,Personal,Other,2021-12-28,2025-12-07,58000,48,12.03,1528.22,19331.4,0.3333,684,0.3684,,120784,Self-Employed,8.8,OH,,Unsecured,Current,0,32,,No,35,35,15,30,0,24.5,B,Moderate-Low,0.015,0.75,217.48,0.0113
LN00012,Personal,Vacation,2022-12-29,2025-12-13,12500,36,10.28,404.99,5555.0,0.4444,850,0.2981,,46157,Employed,6.1,GA,,Unsecured,Current,0,20,,No,0,20,15,5,0,7.8,A,Low Risk,0.005,0.75,20.83,0.0037
LN00013,Personal,Debt Consolidation,2023-11-03,2026-10-18,33500,36,12.29,1117.33,24193.7,0.7222,696,0.3212,,27070,Self-Employed,1.6,NJ,,Unsecured,Current,0,10,,No,35,20,15,50,0,22.8,B,Moderate-Low,0.015,0.75,272.18,0.0113
LN00014,Personal,Home Improvement,2021-10-08,2023-09-28,66000,24,12.88,3134.04,3300.0,0.05,674,0.3802,,59075,Employed,1.2,WA,,Unsecured,Current,0,24,,No,35,35,15,25,0,24.0,B,Moderate-Low,0.015,0.75,37.12,0.0112
LN00015,Personal,Other,2023-09-04,2026-08-19,20500,36,12.0,680.89,13667.35,0.6667,697,0.2826,,118696,Employed,10.2,TN,,Unsecured,Current,0,12,,No,35,20,15,0,0,17.8,B,Moderate-Low,0.015,0.75,153.76,0.0113
LN00016,Personal,Education,2021-06-26,2024-06-10,28500,36,14.38,979.33,1425.0,0.05,500,0.3184,,86921,Employed,2.3,IL,,Unsecured,Current,0,36,,No,100,20,15,15,0,38.8,C,Moderate,0.04,0.75,42.75,0.03
LN00017,Personal,Home Improvement,2023-04-10,2028-03-14,72000,60,10.5,1547.56,51602.4,0.7167,831,0.3517,,79800,Employed,4.1,WA,,Unsecured,Current,0,17,,No,0,20,15,15,0,8.8,A,Low Risk,0.005,0.75,193.51,0.0038
LN00018,Personal,Home Improvement,2024-03-27,2026-03-17,40000,24,13.02,1902.05,33332.0,0.8333,609,0.352,,44520,Employed,2.0,NY,,Unsecured,Late,1,4,,No,75,20,15,15,30,37.2,C,Moderate,0.04,0.75,999.96,0.03
LN00019,Personal,Vacation,2022-02-27,2024-02-17,73500,24,11.93,3457.5,3675.0,0.05,675,0.3372,,85031,Employed,6.7,WA,,Unsecured,Current,0,24,,No,35,20,15,5,0,18.2,B,Moderate-Low,0.015,0.75,41.34,0.0112
LN00020,Personal,Education,2023-10-25,2025-10-14,49000,24,13.48,2340.61,28581.7,0.5833,631,0.2784,,107642,Self-Employed,4.6,NY,,Unsecured,Current,0,10,,No,55,10,15,40,0,25.2,B,Moderate-Low,0.015,0.75,321.54,0.0112
LN00021,Personal,Other,2020-08-16,2024-07-26,52000,48,12.92,1392.97,2600.0,0.05,615,0.3514,,55097,Employed,4.3,PA,,Unsecured,Late,1,47,,No,75,20,15,15,30,37.2,C,Moderate,0.04,0.75,78.0,0.03
LN00022,Personal,Medical,2022-11-05,2025-10-20,32000,36,11.28,1051.89,12444.8,0.3889,738,0.3793,,39678,Retired,0.9,NY,,Unsecured,Current,0,22,,No,20,35,15,35,0,20.5,B,Moderate-Low,0.015,0.75,140.0,0.0112
LN00023,Personal,Education,2022-02-04,2025-01-19,62000,36,12.44,2072.34,8611.8,0.1389,631,0.4076,,62253,Employed,4.5,PA,,Unsecured,Current,0,31,,No,55,35,15,15,0,29.0,B,Moderate-Low,0.015,0.75,96.88,0.0112
LN00024,Personal,Medical,2022-09-27,2026-09-06,29000,48,13.0,778.0,15103.2,0.5208,665,0.2254,,65977,Employed,13.6,CA,,Unsecured,Current,0,23,,No,35,10,15,0,0,15.2,B,Moderate-Low,0.015,0.75,169.91,0.0112
LN00025,Personal,Debt Consolidation,2020-04-28,2023-04-13,16000,36,12.1,532.19,800.0,0.05,708,0.2837,,86961,Retired,5.6,GA,,Unsecured,Current,0,36,,No,20,20,15,15,0,14.8,A,Low Risk,0.005,0.75,3.0,0.0038
LN00026,Personal,Home Improvement,2020-05-21,2025-04-25,20500,60,12.59,462.15,2732.65,0.1333,703,0.4223,,39798,Self-Employed,1.6,MO,,Unsecured,Current,0,52,,No,20,35,15,50,0,22.0,B,Moderate-Low,0.015,0.75,30.74,0.0112
LN00027,Personal,Vacation,2021-06-26,2024-06-10,51000,36,11.35,1678.14,2550.0,0.05,776,0.4113,,48516,Retired,0.6,IN,,Unsecured,Current,0,36,,No,10,35,15,35,0,17.5,B,Moderate-Low,0.015,0.75,28.69,0.0113
LN00028,Personal,Other,2023-12-31,2026-12-15,49000,36,13.36,1659.51,38112.2,0.7778,587,0.4153,,49717,Employed,4.2,MI,,Unsecured,Current,0,8,,No,75,35,15,15,0,35.0,C,Moderate,0.04,0.75,1143.37,0.03
LN00029,Personal,Medical,2022-11-25,2027-10-30,24500,60,12.12,546.48,16740.85,0.6833,670,0.3903,,284954,Employed,6.2,GA,,Unsecured,Delinquent,2,19,,No,35,35,15,5,55,33.0,C,Moderate,0.04,0.75,502.23,0.03
LN00030,Personal,Other,2023-04-20,2026-04-04,31500,36,12.65,1056.06,17501.4,0.5556,680,0.3035,,105891,Employed,2.3,GA,,Unsecured,Current,0,16,,No,35,20,15,15,0,19.2,B,Moderate-Low,0.015,0.75,196.89,0.0112
LN00031,Personal,Debt Consolidation,2020-05-18,2023-05-03,44500,36,12.18,1481.87,2225.0,0.05,706,0.3521,,39227,Retired,5.7,TX,,Unsecured,Current,0,36,,No,20,20,15,15,0,14.8,A,Low Risk,0.005,0.75,8.34,0.0037
LN00032,Personal,Home Improvement,2023-10-02,2027-09-11,54000,48,11.7,1414.09,41623.2,0.7708,769,0.4044,,75032,Employed,2.1,TN,,Unsecured,Current,0,11,,No,10,35,15,15,0,15.5,B,Moderate-Low,0.015,0.75,468.26,0.0112
LN00033,Personal,Home Improvement,2024-05-25,2027-05-10,60500,36,13.31,2047.53,55460.35,0.9167,728,0.3782,,94550,Self-Employed,7.3,TN,,Unsecured,Current,0,3,,No,20,35,15,30,0,20.0,B,Moderate-Low,0.015,0.75,623.93,0.0113
LN00034,Personal,Vacation,2023-09-11,2025-08-31,11500,24,11.42,538.24,6229.55,0.5417,707,0.246,,79864,Employed,0.5,AZ,,Unsecured,Current,0,11,,No,20,10,15,25,0,13.2,A,Low Risk,0.005,0.75,23.36,0.0037
LN00035,Personal,Other,2023-10-11,2025-09-30,7000,24,9.65,321.88,4083.1,0.5833,850,0.3849,,28749,Employed,10.4,NY,,Unsecured,Current,0,10,,No,0,35,15,0,0,11.0,A,Low Risk,0.005,0.75,15.31,0.0037
LN00036,Personal,Vacation,2021-05-24,2023-05-14,20000,24,13.08,951.59,1000.0,0.05,623,0.4678,,61857,Employed,0.5,OH,,Unsecured,Current,0,24,,No,55,55,15,25,0,35.0,C,Moderate,0.04,0.75,30.0,0.03
LN00037,Personal,Debt Consolidation,2021-01-10,2025-12-15,55500,60,12.44,1246.94,14801.85,0.2667,693,0.5105,,52796,Employed,4.4,NC,,Unsecured,Current,0,44,,No,35,80,15,15,0,34.2,C,Moderate,0.04,0.75,444.06,0.03
LN00038,Personal,Debt Consolidation,2020-04-13,2022-04-03,10000,24,10.62,464.32,500.0,0.05,768,0.2991,,53407,Self-Employed,19.7,MO,,Unsecured,Current,0,24,,No,10,20,15,25,0,12.8,A,Low Risk,0.005,0.75,1.88,0.0038
LN00039,Personal,Vacation,2022-04-12,2025-03-27,15500,36,11.64,512.16,3013.2,0.1944,727,0.241,,112744,Employed,4.8,TN,,Unsecured,Current,0,29,,No,20,10,15,15,0,12.2,A,Low Risk,0.005,0.75,11.3,0.0038
LN00040,Personal,Medical,2022-02-15,2025-01-30,47500,36,12.04,1578.59,7918.25,0.1667,760,0.3653,,137751,Contract,1.7,CA,,Unsecured,Current,0,30,,No,10,35,15,45,0,18.5,B,Moderate-Low,0.015,0.75,89.08,0.0112
LN00041,Personal,Vacation,2022-05-16,2026-04-25,38000,48,11.39,989.34,16625.0,0.4375,785,0.3692,,51336,Self-Employed,4.1,MO,,Unsecured,Current,0,27,,No,0,35,15,40,0,15.0,B,Moderate-Low,0.015,0.75,187.03,0.0112
LN00042,Personal,Education,2021-08-30,2024-08-14,48000,36,12.88,1614.54,2400.0,0.05,592,0.1851,,69386,Contract,0.5,OH,,Unsecured,Current,0,36,,No,75,0,15,45,0,29.2,B,Moderate-Low,0.015,0.75,27.0,0.0112
LN00043,Personal,Education,2020-04-27,2024-04-06,51000,48,10.93,1316.39,2550.0,0.05,798,0.426,,35670,Employed,0.5,TX,,Unsecured,Current,0,48,,No,0,35,15,25,0,13.5,A,Low Risk,0.005,0.75,9.56,0.0037
LN00044,Personal,Debt Consolidation,2022-11-06,2024-10-26,45000,24,12.46,2127.99,3748.5,0.0833,674,0.3918,,75391,Retired,6.2,FL,,Unsecured,Current,0,22,,No,35,35,15,15,0,23.0,B,Moderate-Low,0.015,0.75,42.17,0.0112
LN00045,Personal,Education,2022-04-06,2025-03-21,72000,36,10.55,2341.87,13996.8,0.1944,849,0.3179,,27555,Retired,1.3,NY,,Unsecured,Current,0,29,,No,0,20,15,35,0,10.8,A,Low Risk,0.005,0.75,52.49,0.0038
LN00046,Personal,Education,2023-06-22,2025-06-11,6500,24,12.48,307.44,2708.55,0.4167,653,0.4121,,81129,Employed,2.0,FL,,Unsecured,Current,0,14,,No,55,35,15,15,0,29.0,B,Moderate-Low,0.015,0.75,30.47,0.0112
LN00047,Personal,Vacation,2021-02-22,2025-02-01,56000,48,12.03,1475.52,7000.0,0.125,716,0.4096,,51717,Employed,2.0,NJ,,Unsecured,Current,0,42,,No,20,35,15,15,0,18.5,B,Moderate-Low,0.015,0.75,78.75,0.0112
LN00048,Personal,Debt Consolidation,2022-07-25,2026-07-04,59000,48,11.24,1531.77,28272.8,0.4792,731,0.1938,,51273,Retired,16.0,NJ,,Unsecured,Current,0,25,,No,20,0,15,10,0,9.2,A,Low Risk,0.005,0.75,106.02,0.0037
LN00049,Personal,Debt Consolidation,2023-06-26,2028-05-30,12000,60,12.75,271.5,9200.4,0.7667,673,0.4061,,126676,Contract,4.2,MD,,Unsecured,Current,0,14,,No,35,35,15,35,0,25.0,B,Moderate-Low,0.015,0.75,103.5,0.0112
LN00050,Personal,Home Improvement,2020-09-28,2024-09-07,5500,48,13.04,147.66,275.0,0.05,650,0.3223,,117544,Retired,0.6,VA,,Unsecured,Current,0,47,,No,55,20,15,35,0,27.2,B,Moderate-Low,0.015,0.75,3.09,0.0112
LN00051,Personal,Other,2020-11-19,2024-10-29,49000,48,12.17,1294.45,2450.0,0.05,714,0.3455,,68523,Self-Employed,2.1,MA,,Unsecured,Current,0,46,,No,20,20,15,40,0,17.2,B,Moderate-Low,0.015,0.75,27.56,0.0112
LN00052,Personal,Other,2023-09-29,2025-09-18,60000,24,11.41,2807.91,32502.0,0.5417,780,0.3957,,40201,Employed,4.1,MO,,Unsecured,Current,0,11,,No,0,35,15,15,0,12.5,A,Low Risk,0.005,0.75,121.88,0.0037
LN00053,Personal,Other,2021-06-25,2024-06-09,29500,36,12.1,981.23,1475.0,0.05,695,0.4169,,52126,Retired,0.9,NY,,Unsecured,Current,0,36,,No,35,35,15,35,0,25.0,B,Moderate-Low,0.015,0.75,16.59,0.0112
LN00054,Personal,Medical,2021-07-31,2025-07-10,62500,48,11.75,1638.2,14325.0,0.2292,736,0.3019,,144197,Employed,0.5,WI,,Unsecured,Current,0,37,,No,20,20,15,25,0,15.8,B,Moderate-Low,0.015,0.75,161.16,0.0113
LN00055,Personal,Debt Consolidation,2022-11-01,2026-10-11,59000,48,13.44,1595.74,31960.3,0.5417,581,0.2879,,36180,Employed,3.3,TN,,Unsecured,Current,0,22,,No,75,20,15,15,0,31.2,C,Moderate,0.04,0.75,958.81,0.03
LN00056,Personal,Home Improvement,2021-07-20,2026-06-24,13000,60,12.48,292.34,4982.9,0.3833,667,0.2859,,72963,Employed,6.3,TX,,Unsecured,Current,0,37,,No,35,20,15,5,0,18.2,B,Moderate-Low,0.015,0.75,56.06,0.0113
LN00057,Personal,Vacation,2024-02-27,2027-02-11,24500,36,11.92,812.81,20415.85,0.8333,728,0.3283,,157372,Employed,1.5,MA,,Unsecured,Current,0,6,,No,20,20,15,25,0,15.8,B,Moderate-Low,0.015,0.75,229.68,0.0113
LN00058,Personal,Medical,2020-06-03,2022-05-24,41500,24,12.18,1957.04,2075.0,0.05,695,0.3767,,119581,Employed,7.1,IL,,Unsecured,Current,0,24,,No,35,35,15,5,0,22.0,B,Moderate-Low,0.015,0.75,23.34,0.0112
LN00059,Personal,Debt Consolidation,2020-09-18,2025-08-23,8000,60,10.37,171.44,1600.0,0.2,850,0.3998,,49827,Employed,18.0,TX,,Unsecured,Current,0,48,,No,0,35,15,0,0,11.0,A,Low Risk,0.005,0.75,6.0,0.0038
LN00060,Personal,Medical,2023-10-28,2026-10-12,18000,36,12.64,603.37,12999.6,0.7222,681,0.2234,,119151,Self-Employed,2.6,GA,,Unsecured,Current,0,10,,No,35,10,15,40,0,19.2,B,Moderate-Low,0.015,0.75,146.25,0.0113
LN00061,Personal,Home Improvement,2021-04-29,2024-04-13,26500,36,13.65,901.21,1325.0,0.05,633,0.3697,,78841,Contract,6.9,PA,,Unsecured,Current,0,36,,No,55,35,15,25,0,30.0,C,Moderate,0.04,0.75,39.75,0.03
LN00062,Personal,Vacation,2021-01-02,2022-12-23,65500,24,11.51,3068.35,3275.0,0.05,745,0.392,,153020,Self-Employed,0.5,NJ,,Unsecured,Current,0,24,,No,10,35,15,50,0,19.0,B,Moderate-Low,0.015,0.75,36.84,0.0112
LN00063,Personal,Debt Consolidation,2020-11-22,2024-11-01,72500,48,11.71,1898.9,4531.25,0.0625,778,0.1971,,57838,Employed,10.9,NY,,Unsecured,Current,0,45,,No,10,0,15,0,0,5.2,A,Low Risk,0.005,0.75,16.99,0.0037
LN00064,Personal,Home Improvement,2021-02-12,2024-01-28,65500,36,14.41,2251.7,3275.0,0.05,506,0.341,,46599,Employed,35.0,MA,,Unsecured,Current,0,36,,No,100,20,15,0,0,37.2,C,Moderate,0.04,0.75,98.25,0.03
LN00065,Personal,Medical,2023-09-13,2025-09-02,36500,24,12.47,1726.2,19772.05,0.5417,690,0.3031,,74868,Employed,18.5,OH,,Unsecured,Current,0,11,,No,35,20,15,0,0,17.8,B,Moderate-Low,0.015,0.75,222.44,0.0113
LN00066,Personal,Education,2021-12-20,2025-11-29,30000,48,14.07,820.85,9999.0,0.3333,587,0.4299,,95582,Employed,6.7,IN,,Unsecured,Current,0,32,,No,75,35,15,5,0,34.0,C,Moderate,0.04,0.75,299.97,0.03
LN00067,Personal,Medical,2020-08-24,2022-08-14,43500,24,10.86,2024.61,2175.0,0.05,806,0.4269,,77484,Employed,12.6,NC,,Unsecured,Current,0,24,,No,0,35,15,0,0,11.0,A,Low Risk,0.005,0.75,8.16,0.0038
LN00068,Personal,Medical,2023-05-06,2025-04-25,19500,24,13.5,931.65,6499.35,0.3333,613,0.4627,,63924,Employed,0.5,AZ,,Unsecured,Current,0,16,,No,75,55,15,25,0,41.0,C,Moderate,0.04,0.75,194.98,0.03
LN00069,Personal,Debt Consolidation,2022-02-27,2024-02-17,68000,24,10.46,3152.31,3400.0,0.05,769,0.24,,30352,Employed,4.3,MD,,Unsecured,Current,0,24,,No,10,10,15,15,0,9.2,A,Low Risk,0.005,0.75,12.75,0.0038
LN00070,Personal,Other,2022-11-30,2024-11-19,71000,24,12.8,3368.8,8875.0,0.125,653,0.4198,,142517,Self-Employed,15.7,MO,,Unsecured,Current,0,21,,No,55,35,15,25,0,30.0,C,Moderate,0.04,0.75,266.25,0.03
LN00071,Personal,Medical,2022-06-02,2026-05-12,39000,48,13.74,1060.65,17062.5,0.4375,562,0.3772,,71127,Retired,6.0,FL,,Unsecured,Current,0,27,,No,100,35,15,15,0,42.5,C,Moderate,0.04,0.75,511.88,0.03
LN00072,Personal,Other,2024-01-14,2026-01-03,29000,24,12.54,1372.46,20540.7,0.7083,680,0.2516,,70428,Employed,3.9,MI,,Unsecured,Current,0,7,,No,35,10,15,15,0,16.8,B,Moderate-Low,0.015,0.75,231.08,0.0112
LN00073,Personal,Home Improvement,2022-04-04,2026-03-14,17000,48,12.79,454.3,6728.6,0.3958,616,0.301,,94091,Employed,0.8,MI,,Unsecured,Current,0,29,,No,75,20,15,25,0,32.2,C,Moderate,0.04,0.75,201.86,0.03
LN00074,Personal,Medical,2023-10-19,2028-09-22,53000,60,12.6,1195.09,46814.9,0.8833,582,0.3499,,66451,Employed,9.6,PA,,Unsecured,Delinquent,3,7,,No,75,20,15,5,75,45.2,C,Moderate,0.04,0.75,1404.45,0.03
LN00075,Personal,Education,2021-09-14,2023-09-04,61000,24,12.77,2893.47,3050.0,0.05,637,0.3332,,81388,Employed,1.2,MI,,Unsecured,Current,0,24,,No,55,20,15,25,0,26.2,B,Moderate-Low,0.015,0.75,34.31,0.0112
LN00076,Personal,Education,2022-06-23,2027-05-28,30500,60,12.6,687.74,17284.35,0.5667,648,0.5315,,39575,Self-Employed,8.3,MA,,Unsecured,Current,0,26,,No,55,80,15,30,0,41.8,C,Moderate,0.04,0.75,518.53,0.03
LN00077,Personal,Other,2023-09-11,2026-08-26,12500,36,12.15,416.07,8680.0,0.6944,733,0.583,,85444,Employed,4.6,FL,,Unsecured,Current,0,11,,No,20,80,15,15,0,29.8,B,Moderate-Low,0.015,0.75,97.65,0.0113
LN00078,Personal,Home Improvement,2024-03-18,2026-03-08,27500,24,12.93,1306.5,21771.75,0.7917,629,0.3277,,46524,Self-Employed,2.4,GA,,Unsecured,Current,0,5,,No,55,20,15,40,0,27.8,B,Moderate-Low,0.015,0.75,244.93,0.0112
LN00079,Personal,Vacation,2020-02-20,2023-02-04,11000,36,11.3,361.69,550.0,0.05,816,0.3313,,113643,Employed,5.3,TX,,Unsecured,Current,0,36,,No,0,20,15,5,0,7.8,A,Low Risk,0.005,0.75,2.06,0.0037
LN00080,Personal,Other,2022-04-28,2027-04-02,30000,60,12.36,672.8,15999.0,0.5333,656,0.31,,161299,Employed,5.1,MD,,Unsecured,Current,0,28,,No,55,20,15,5,0,24.2,B,Moderate-Low,0.015,0.75,179.99,0.0113
LN00081,Personal,Other,2022-03-29,2027-03-03,18000,60,13.29,412.23,9300.6,0.5167,585,0.2931,,96904,Employed,1.1,GA,,Unsecured,Current,0,29,,No,75,20,15,25,0,32.2,C,Moderate,0.04,0.75,279.02,0.03
LN00082,Personal,Other,2024-05-13,2026-05-03,65500,24,14.44,3158.48,57312.5,0.875,502,0.3811,,102983,Employed,1.8,AZ,,Unsecured,Current,0,3,,No,100,35,15,25,0,43.5,C,Moderate,0.04,0.75,1719.38,0.03
LN00083,Personal,Debt Consolidation,2023-02-15,2025-02-04,45000,24,12.08,2119.99,11250.0,0.25,727,0.345,,44856,Retired,8.8,GA,,Unsecured,Current,0,18,,No,20,20,15,15,0,14.8,A,Low Risk,0.005,0.75,42.19,0.0038
LN00084,Personal,Education,2024-06-29,2027-06-14,21500,36,11.64,710.42,20304.6,0.9444,647,0.364,,44310,Self-Employed,5.7,MA,,Unsecured,Current,0,2,,No,55,35,15,30,0,30.5,C,Moderate,0.04,0.75,609.14,0.03
LN00085,Personal,Education,2023-06-08,2028-05-12,42000,60,11.17,916.75,31500.0,0.75,737,0.3312,,31864,Employed,2.5,IN,,Unsecured,Current,0,15,,No,20,20,15,15,0,14.8,A,Low Risk,0.005,0.75,118.12,0.0037
LN00086,Personal,Home Improvement,2024-03-03,2027-02-16,46500,36,13.08,1568.56,38748.45,0.8333,644,0.4303,,106950,Employed,3.2,TN,,Unsecured,Current,0,6,,No,55,55,15,15,0,34.0,C,Moderate,0.04,0.75,1162.45,0.03
LN00087,Personal,Debt Consolidation,2023-07-07,2028-06-10,70500,60,11.46,1549.06,54052.35,0.7667,733,0.3664,,66070,Employed,0.5,GA,,Unsecured,Current,0,14,,No,20,35,15,25,0,19.5,B,Moderate-Low,0.015,0.75,608.09,0.0113
LN00088,Personal,Education,2021-07-10,2024-06-24,60500,36,11.83,2004.56,3025.0,0.05,726,0.3275,,161146,Employed,1.1,NJ,,Unsecured,Current,0,36,,No,20,20,15,25,0,15.8,B,Moderate-Low,0.015,0.75,34.03,0.0112
LN00089,Personal,Home Improvement,2020-11-04,2023-10-20,30000,36,12.7,1006.49,1500.0,0.05,719,0.3607,,59249,Employed,3.0,GA,,Unsecured,Current,0,36,,No,20,35,15,15,0,18.5,B,Moderate-Low,0.015,0.75,16.88,0.0113
LN00090,Personal,Vacation,2022-04-29,2024-04-18,26000,24,11.56,1218.57,1300.0,0.05,671,0.2861,,140158,Employed,4.2,AZ,,Unsecured,Current,0,24,,No,35,20,15,15,0,19.2,B,Moderate-Low,0.015,0.75,14.62,0.0112
LN00091,Personal,Education,2021-02-27,2023-02-17,68000,24,11.05,3170.91,3400.0,0.05,714,0.4041,,65542,Employed,0.7,AZ,,Unsecured,Current,0,24,,No,20,35,15,25,0,19.5,B,Moderate-Low,0.015,0.75,38.25,0.0112
LN00092,Personal,Medical,2022-09-03,2027-08-08,60500,60,11.92,1343.34,36300.0,0.6,702,0.2685,,97194,Retired,4.6,CA,,Unsecured,Current,0,24,,No,20,10,15,25,0,13.2,A,Low Risk,0.005,0.75,136.12,0.0037
LN00093,Personal,Home Improvement,2023-01-07,2027-12-12,22000,60,11.72,486.27,14667.4,0.6667,703,0.3017,,82793,Self-Employed,0.5,MO,,Unsecured,Current,0,20,,No,20,20,15,50,0,18.2,B,Moderate-Low,0.015,0.75,165.01,0.0113
LN00094,Personal,Vacation,2021-07-12,2024-06-26,62000,36,11.2,2035.68,3100.0,0.05,803,0.3049,,89412,Employed,11.2,AZ,,Unsecured,Current,0,36,,No,0,20,15,0,0,7.2,A,Low Risk,0.005,0.75,11.62,0.0037
LN00095,Personal,Home Improvement,2024-01-23,2028-12-27,21000,60,12.62,473.74,18549.3,0.8833,669,0.3048,,44829,Self-Employed,7.6,PA,,Unsecured,Current,0,7,,No,35,20,15,30,0,20.8,B,Moderate-Low,0.015,0.75,208.68,0.0113
LN00096,Personal,Debt Consolidation,2023-04-27,2028-03-31,29000,60,11.1,631.98,21265.7,0.7333,793,0.2027,,121091,Self-Employed,14.3,MD,,Unsecured,Current,0,16,,No,0,10,15,25,0,7.2,A,Low Risk,0.005,0.75,79.75,0.0038
LN00097,Personal,Vacation,2022-08-03,2025-07-18,15500,36,13.81,528.32,4736.8,0.3056,556,0.3991,,154511,Employed,4.2,PA,,Unsecured,Current,0,25,,No,100,35,15,15,0,42.5,C,Moderate,0.04,0.75,142.1,0.03
LN00098,Personal,Vacation,2022-07-20,2025-07-04,69500,36,12.65,2330.03,21239.2,0.3056,674,0.4826,,74866,Employed,1.0,NJ,,Unsecured,Current,0,25,,No,35,55,15,25,0,29.0,B,Moderate-Low,0.015,0.75,238.94,0.0112
LN00099,Personal,Other,2021-05-31,2026-05-05,70000,60,10.32,1498.34,24500.0,0.35,831,0.4585,,143302,Employed,3.6,FL,,Unsecured,Current,0,39,,No,0,55,15,15,0,17.5,B,Moderate-Low,0.015,0.75,275.62,0.0112
LN00100,Personal,Other,2021-04-04,2025-03-14,28000,48,10.25,713.52,4082.4,0.1458,850,0.283,,95032,Self-Employed,0.5,FL,,Unsecured,Current,0,41,,No,0,20,15,50,0,12.2,A,Low Risk,0.005,0.75,15.31,0.0038
LN00101,Personal,Education,2021-05-21,2023-05-11,29000,24,13.16,1380.89,1450.0,0.05,614,0.4093,,31970,Self-Employed,8.0,OH,,Unsecured,Current,0,24,,No,75,35,15,30,0,36.5,C,Moderate,0.04,0.75,43.5,0.03
LN00102,Personal,Education,2020-09-15,2023-08-31,17000,36,13.52,577.06,850.0,0.05,577,0.2556,,64191,Self-Employed,3.3,TN,,Unsecured,Current,0,36,,No,100,10,15,40,0,38.8,C,Moderate,0.04,0.75,25.5,0.03
LN00103,Personal,Home Improvement,2023-12-03,2028-11-06,5500,60,12.89,124.83,4675.0,0.85,672,0.4881,,103580,Self-Employed,1.2,NC,,Unsecured,Current,0,9,,No,35,55,15,50,0,31.5,C,Moderate,0.04,0.75,140.25,0.03
LN00104,Personal,Education,2021-09-29,2024-09-13,46500,36,13.0,1566.77,2585.4,0.0556,630,0.3426,,67354,Retired,8.3,CA,,Unsecured,Late,1,34,,No,55,20,15,15,30,31.2,C,Moderate,0.04,0.75,77.56,0.03
LN00105,Personal,Other,2024-01-04,2028-12-08,7500,60,11.83,166.19,6500.25,0.8667,704,0.2924,,68037,Employed,5.0,OH,,Unsecured,Current,0,8,,No,20,20,15,5,0,13.8,A,Low Risk,0.005,0.75,24.38,0.0038
LN00106,Personal,Education,2023-11-28,2025-11-17,44000,24,10.48,2040.14,27500.0,0.625,794,0.1669,,25000,Retired,1.2,MI,,Unsecured,Current,0,9,,No,0,0,15,35,0,5.8,A,Low Risk,0.005,0.75,103.12,0.0037
LN00107,Personal,Medical,2021-12-12,2023-12-02,6500,24,14.19,312.67,325.0,0.05,584,0.2564,,49567,Employed,7.6,MO,,Unsecured,Current,0,24,,No,75,10,15,5,0,27.8,B,Moderate-Low,0.015,0.75,3.66,0.0113
LN00108,Personal,Medical,2020-01-26,2024-01-05,52000,48,12.01,1369.61,4331.6,0.0833,683,0.2832,,74235,Employed,0.7,TN,,Unsecured,Severely Delinquent,4,44,,No,35,20,15,25,100,40.2,C,Moderate,0.04,0.75,129.95,0.03
LN00109,Personal,Other,2022-06-10,2025-05-25,11500,36,12.99,387.43,2875.0,0.25,650,0.2437,,93403,Self-Employed,7.7,PA,,Unsecured,Current,0,27,,No,55,10,15,30,0,24.2,B,Moderate-Low,0.015,0.75,32.34,0.0112
LN00110,Personal,Education,2022-08-10,2027-07-15,19000,60,11.61,418.91,11082.7,0.5833,707,0.4699,,82981,Self-Employed,13.6,AZ,,Unsecured,Current,0,25,,No,20,55,15,25,0,24.5,B,Moderate-Low,0.015,0.75,124.68,0.0112
LN00111,Personal,Vacation,2021-05-17,2025-04-26,62000,48,11.86,1628.44,10335.4,0.1667,714,0.4117,,39122,Employed,1.8,FL,,Unsecured,Current,0,40,,No,20,35,15,25,0,19.5,B,Moderate-Low,0.015,0.75,116.27,0.0112
LN00112,Personal,Medical,2023-03-13,2028-02-15,33500,60,10.48,719.71,24009.45,0.7167,788,0.3941,,30437,Self-Employed,3.4,WI,,Unsecured,Current,0,17,,No,0,35,15,40,0,15.0,B,Moderate-Low,0.015,0.75,270.11,0.0113
LN00113,Personal,Medical,2021-10-27,2026-10-01,65500,60,12.2,1463.64,28381.15,0.4333,705,0.2947,,69678,Employed,13.5,PA,,Unsecured,Current,0,34,,No,20,20,15,0,0,13.2,A,Low Risk,0.005,0.75,106.43,0.0038
LN00114,Personal,Medical,2021-07-26,2025-07-05,23000,48,12.8,614.75,5271.6,0.2292,664,0.513,,143346,Self-Employed,10.8,WI,,Unsecured,Current,0,37,,No,35,80,15,25,0,35.2,C,Moderate,0.04,0.75,158.15,0.03
LN00115,Personal,Vacation,2020-06-24,2023-06-09,6000,36,11.9,199.0,300.0,0.05,691,0.2959,,87011,Self-Employed,0.8,GA,,Unsecured,Current,0,36,,No,35,20,15,50,0,22.8,B,Moderate-Low,0.015,0.75,3.38,0.0113
LN00116,Personal,Debt Consolidation,2023-08-15,2028-07-19,63000,60,13.98,1465.25,50400.0,0.8,567,0.5066,,96368,Employed,0.5,TN,,Unsecured,Current,0,12,,No,100,80,15,25,0,54.8,D,High,0.1,0.75,3780.0,0.075
LN00117,Personal,Medical,2021-03-29,2025-03-08,17000,48,12.4,451.02,2478.6,0.1458,709,0.4713,,119532,Self-Employed,3.3,WA,,Unsecured,Current,0,41,,No,20,55,15,40,0,26.0,B,Moderate-Low,0.015,0.75,27.88,0.0112
LN00118,Personal,Other,2023-02-07,2028-01-12,47000,60,11.96,1044.54,32115.1,0.6833,718,0.3097,,25000,Employed,3.0,IN,,Unsecured,Current,0,19,,No,20,20,15,15,0,14.8,A,Low Risk,0.005,0.75,120.43,0.0037
LN00119,Personal,Medical,2023-12-10,2027-11-19,44500,48,13.48,1204.45,37081.85,0.8333,620,0.2651,,37203,Employed,6.5,MA,,Unsecured,Current,0,8,,No,55,10,15,5,0,21.8,B,Moderate-Low,0.015,0.75,417.17,0.0112
LN00120,Personal,Other,2024-01-17,2026-01-06,8500,24,11.53,398.26,6020.55,0.7083,697,0.3873,,79978,Employed,5.5,OH,,Unsecured,Current,0,7,,No,35,35,15,5,0,22.0,B,Moderate-Low,0.015,0.75,67.73,0.0112
LN00121,Personal,Education,2021-03-19,2024-03-03,53000,36,11.9,1757.83,2650.0,0.05,776,0.3314,,51452,Employed,1.7,TN,,Unsecured,Current,0,36,,No,10,20,15,25,0,12.8,A,Low Risk,0.005,0.75,9.94,0.0038
LN00122,Personal,Home Improvement,2021-02-01,2023-01-22,46000,24,12.15,2168.6,2300.0,0.05,727,0.25,,95444,Employed,0.6,MI,,Unsecured,Current,0,24,,No,20,10,15,25,0,13.2,A,Low Risk,0.005,0.75,8.62,0.0037
LN00123,Personal,Debt Consolidation,2023-12-21,2025-12-10,66000,24,11.76,3099.46,44002.2,0.6667,684,0.3537,,99741,Employed,9.9,MO,,Unsecured,Current,0,8,,No,35,20,15,5,0,18.2,B,Moderate-Low,0.015,0.75,495.02,0.0112
LN00124,Personal,Vacation,2023-11-29,2027-11-08,39000,48,11.32,1014.05,31687.5,0.8125,786,0.2974,,124381,Employed,26.4,IL,,Unsecured,Current,0,9,,No,0,20,15,0,0,7.2,A,Low Risk,0.005,0.75,118.83,0.0038
LN00125,Personal,Home Improvement,2023-03-21,2025-03-10,69000,24,11.33,3226.52,22997.7,0.3333,722,0.359,,81132,Employed,7.2,TN,,Unsecured,Late,1,16,,No,20,20,15,5,30,19.8,B,Moderate-Low,0.015,0.75,258.72,0.0112
LN00126,Personal,Vacation,2022-09-05,2026-08-15,64000,48,11.79,1678.77,32000.0,0.5,723,0.4276,,65733,Self-Employed,10.6,NY,,Unsecured,Current,0,24,,No,20,35,15,25,0,19.5,B,Moderate-Low,0.015,0.75,360.0,0.0112
LN00127,Personal,Education,2023-03-27,2025-03-16,10000,24,12.01,470.78,2917.0,0.2917,697,0.304,,58038,Employed,2.5,TX,,Unsecured,Current,0,17,,No,35,20,15,15,0,19.2,B,Moderate-Low,0.015,0.75,32.82,0.0113
LN00128,Personal,Vacation,2021-05-23,2023-05-13,60000,24,11.69,2815.73,3000.0,0.05,670,0.3733,,78236,Employed,5.9,NY,,Unsecured,Current,0,24,,No,35,35,15,5,0,22.0,B,Moderate-Low,0.015,0.75,33.75,0.0112
LN00129,Personal,Education,2022-07-11,2027-06-15,70500,60,12.41,1582.88,39952.35,0.5667,710,0.3446,,114098,Employed,35.0,MA,,Unsecured,Current,0,26,,No,20,20,15,0,0,13.2,A,Low Risk,0.005,0.75,149.82,0.0037
LN00130,Personal,Other,2023-03-10,2027-02-17,48500,48,10.13,1233.12,30312.5,0.625,781,0.2932,,51962,Employed,24.8,WI,,Unsecured,Current,0,18,,No,0,20,15,0,0,7.2,A,Low Risk,0.005,0.75,113.67,0.0037
LN00131,Personal,Debt Consolidation,2023-07-05,2026-06-19,21500,36,12.42,718.43,13138.65,0.6111,656,0.4675,,151250,Employed,2.6,OH,,Unsecured,Current,0,14,,No,55,55,15,15,0,34.0,C,Moderate,0.04,0.75,394.16,0.03
LN00132,Personal,Debt Consolidation,2020-12-21,2023-12-06,52500,36,12.65,1760.09,2625.0,0.05,614,0.1888,,43240,Employed,18.0,MO,,Unsecured,Current,0,36,,No,75,0,15,0,0,24.8,B,Moderate-Low,0.015,0.75,29.53,0.0112
LN00133,Personal,Debt Consolidation,2023-11-12,2028-10-16,47500,60,11.61,1047.27,40375.0,0.85,763,0.331,,65709,Employed,28.4,WI,,Unsecured,Current,0,9,,No,10,20,15,0,0,10.2,A,Low Risk,0.005,0.75,151.41,0.0038
LN00134,Personal,Vacation,2023-12-18,2027-11-27,17000,48,11.21,441.11,14166.1,0.8333,777,0.2086,,164481,Self-Employed,1.2,MI,,Unsecured,Current,0,8,,No,10,10,15,50,0,12.8,A,Low Risk,0.005,0.75,53.12,0.0037
LN00135,Personal,Home Improvement,2021-06-25,2024-06-09,53500,36,12.57,1791.57,2675.0,0.05,642,0.4555,,132522,Self-Employed,10.2,MD,,Unsecured,Current,0,36,,No,55,55,15,25,0,35.0,C,Moderate,0.04,0.75,80.25,0.03
LN00136,Personal,Home Improvement,2023-01-20,2025-01-09,45500,24,13.23,2168.07,11375.0,0.25,637,0.5308,,51440,Retired,12.6,IL,,Unsecured,Late,1,18,,No,55,80,15,10,30,45.8,C,Moderate,0.04,0.75,341.25,0.03
LN00137,Personal,Education,2020-12-05,2022-11-25,50500,24,12.91,2398.73,2525.0,0.05,644,0.3646,,60243,Employed,0.5,MI,,Unsecured,Current,0,24,,No,55,35,15,25,0,30.0,C,Moderate,0.04,0.75,75.75,0.03
LN00138,Personal,Medical,2020-09-11,2025-08-16,39500,60,13.42,907.26,9215.35,0.2333,558,0.4174,,39000,Self-Employed,1.5,MI,,Unsecured,Delinquent,2,46,,No,100,35,15,50,55,57.0,D,High,0.1,0.75,691.15,0.075
LN00139,Personal,Vacation,2020-06-13,2025-05-18,38500,60,13.16,879.15,5775.0,0.15,651,0.3401,,81788,Employed,10.4,WI,,Unsecured,Current,0,51,,No,55,20,15,0,0,23.8,B,Moderate-Low,0.015,0.75,64.97,0.0113
LN00140,Personal,Other,2020-02-22,2024-02-01,66500,48,11.22,1725.84,3325.0,0.05,789,0.2023,,41526,Employed,6.4,FL,,Unsecured,Current,0,48,,No,0,10,15,5,0,5.2,A,Low Risk,0.005,0.75,12.47,0.0038
LN00141,Personal,Home Improvement,2023-03-26,2027-03-05,48000,48,11.96,1263.08,30998.4,0.6458,751,0.421,,94243,Self-Employed,1.0,TX,,Unsecured,Current,0,17,,No,10,35,15,50,0,19.0,B,Moderate-Low,0.015,0.75,348.73,0.0112
LN00142,Personal,Vacation,2021-07-23,2026-06-27,62000,60,12.75,1402.77,23764.6,0.3833,662,0.2856,,48205,Contract,4.2,PA,,Unsecured,Current,0,37,,No,35,20,15,35,0,21.2,B,Moderate-Low,0.015,0.75,267.35,0.0112
LN00143,Personal,Medical,2022-08-20,2024-08-09,49000,24,12.35,2314.62,2450.0,0.05,704,0.2296,,74848,Employed,9.1,VA,,Unsecured,Current,0,24,,No,20,10,15,5,0,11.2,A,Low Risk,0.005,0.75,9.19,0.0038
LN00144,Personal,Medical,2021-11-06,2024-10-21,28500,36,12.01,946.74,1584.6,0.0556,709,0.3811,,59832,Self-Employed,16.1,AZ,,Unsecured,Current,0,34,,No,20,35,15,25,0,19.5,B,Moderate-Low,0.015,0.75,17.83,0.0113
LN00145,Personal,Medical,2022-07-20,2024-07-09,9500,24,12.22,448.17,475.0,0.05,656,0.427,,80583,Employed,2.5,FL,,Unsecured,Current,0,24,,No,55,35,15,15,0,29.0,B,Moderate-Low,0.015,0.75,5.34,0.0112
LN00146,Personal,Education,2022-11-19,2027-10-24,6500,60,12.45,146.07,4658.55,0.7167,653,0.3706,,77956,Self-Employed,2.3,CA,,Unsecured,Severely Delinquent,4,17,,No,55,35,15,40,100,51.5,D,High,0.1,0.75,349.39,0.075
LN00147,Personal,Education,2020-04-21,2025-03-26,24000,60,11.57,528.67,2800.8,0.1167,807,0.288,,70765,Employed,3.3,OH,,Unsecured,Current,0,53,,No,0,20,15,15,0,8.8,A,Low Risk,0.005,0.75,10.5,0.0037
LN00148,Personal,Medical,2024-04-05,2029-03-10,20000,60,13.73,462.57,19000.0,0.95,597,0.3963,,66911,Employed,6.8,NC,,Unsecured,Late,1,3,,No,75,35,15,5,30,40.0,C,Moderate,0.04,0.75,570.0,0.03
LN00149,Personal,Education,2020-09-05,2025-08-10,34000,60,13.34,779.54,6800.0,0.2,593,0.3967,,113122,Contract,3.0,CA,,Unsecured,Current,0,48,,No,75,35,15,35,0,37.0,C,Moderate,0.04,0.75,204.0,0.03
LN00150,Personal,Vacation,2021-09-28,2024-09-12,7000,36,11.15,229.67,350.0,0.05,757,0.2784,,65954,Employed,2.8,MO,,Unsecured,Current,0,35,,No,10,10,15,15,0,9.2,A,Low Risk,0.005,0.75,1.31,0.0037
LN00151,Personal,Other,2020-08-20,2023-08-05,58500,36,12.49,1956.76,2925.0,0.05,683,0.367,,127854,Retired,8.6,MA,,Unsecured,Current,0,36,,No,35,35,15,15,0,23.0,B,Moderate-Low,0.015,0.75,32.91,0.0113
LN00152,Personal,Medical,2024-01-07,2028-12-11,38500,60,13.27,881.32,34007.05,0.8833,619,0.4431,,85958,Employed,0.8,MI,,Unsecured,Current,0,7,,No,75,55,15,25,0,41.0,C,Moderate,0.04,0.75,1020.21,0.03
LN00153,Personal,Home Improvement,2022-08-25,2027-07-30,9000,60,12.26,201.38,5400.0,0.6,639,0.3388,,179956,Employed,1.9,GA,,Unsecured,Current,0,24,,No,55,20,15,25,0,26.2,B,Moderate-Low,0.015,0.75,60.75,0.0112
LN00154,Personal,Home Improvement,2023-05-12,2026-04-26,10000,36,12.79,335.93,5833.0,0.5833,642,0.3197,,120315,Self-Employed,3.9,IN,,Unsecured,Current,0,15,,No,55,20,15,40,0,27.8,B,Moderate-Low,0.015,0.75,65.62,0.0112
LN00155,Personal,Education,2024-05-01,2028-04-10,59500,48,13.82,1620.56,58262.4,0.9792,571,0.4088,,106959,Employed,3.9,AZ,,Unsecured,Delinquent,3,1,,No,100,35,15,15,75,57.5,D,High,0.1,0.75,4369.68,0.075
LN00156,Personal,Education,2021-08-02,2023-07-23,54000,24,12.45,2553.33,2700.0,0.05,670,0.5324,,59775,Self-Employed,0.5,MI,,Unsecured,Current,0,24,,No,35,80,15,50,0,37.8,C,Moderate,0.04,0.75,81.0,0.03
LN00157,Personal,Medical,2022-07-03,2025-06-17,7000,36,11.77,231.73,1944.6,0.2778,705,0.3185,,26347,Employed,3.0,MO,,Unsecured,Current,0,26,,No,20,20,15,15,0,14.8,A,Low Risk,0.005,0.75,7.29,0.0037
LN00158,Personal,Home Improvement,2021-10-21,2026-09-25,19000,60,12.3,425.53,8232.7,0.4333,704,0.4175,,42988,Contract,0.7,OH,,Unsecured,Current,0,34,,No,20,35,15,45,0,21.5,B,Moderate-Low,0.015,0.75,92.62,0.0113
LN00159,Personal,Other,2024-05-07,2027-04-22,54500,36,10.71,1776.78,49960.15,0.9167,794,0.338,,116112,Employed,7.5,AZ,,Unsecured,Current,0,3,,No,0,20,15,5,0,7.8,A,Low Risk,0.005,0.75,187.35,0.0037
LN00160,Personal,Debt Consolidation,2022-03-01,2027-02-03,62000,60,13.13,1414.82,31000.0,0.5,646,0.3508,,126058,Employed,6.2,IL,,Unsecured,Current,0,30,,No,55,20,15,5,0,24.2,B,Moderate-Low,0.015,0.75,348.75,0.0112
LN00161,Personal,Vacation,2020-07-24,2024-07-03,66000,48,10.47,1688.87,3300.0,0.05,820,0.2796,,80737,Employed,22.3,MA,,Unsecured,Current,0,48,,No,0,10,15,0,0,4.8,A,Low Risk,0.005,0.75,12.38,0.0038
LN00162,Personal,Medical,2022-04-19,2025-04-03,39500,36,13.61,1342.55,8776.9,0.2222,612,0.3931,,56125,Employed,7.6,IL,,Unsecured,Current,0,28,,No,75,35,15,5,0,34.0,C,Moderate,0.04,0.75,263.31,0.03
LN00163,Personal,Education,2023-08-23,2028-07-27,10000,60,11.79,221.38,8167.0,0.8167,692,0.3881,,77653,Retired,1.8,NJ,,Unsecured,Late,1,11,,No,35,35,15,35,30,31.0,C,Moderate,0.04,0.75,245.01,0.03
LN00164,Personal,Debt Consolidation,2023-07-07,2027-06-16,34500,48,11.6,901.76,24436.35,0.7083,771,0.4091,,69191,Retired,2.8,TN,,Unsecured,Current,0,14,,No,10,35,15,25,0,16.5,B,Moderate-Low,0.015,0.75,274.91,0.0113
LN00165,Personal,Other,2023-07-16,2026-06-30,39000,36,11.84,1292.38,24917.1,0.6389,706,0.4729,,123444,Contract,13.9,MI,,Unsecured,Current,0,13,,No,20,55,15,20,0,24.0,B,Moderate-Low,0.015,0.75,280.32,0.0113
LN00166,Personal,Other,2020-07-20,2025-06-24,19500,60,13.77,451.41,3250.65,0.1667,567,0.4102,,54919,Employed,6.0,NY,,Unsecured,Current,0,50,,No,100,35,15,5,0,41.5,C,Moderate,0.04,0.75,97.52,0.03
LN00167,Personal,Medical,2020-04-04,2022-03-25,17500,24,12.89,831.08,875.0,0.05,643,0.3814,,89134,Self-Employed,21.3,NJ,,Unsecured,Current,0,24,,No,55,35,15,25,0,30.0,C,Moderate,0.04,0.75,26.25,0.03
LN00168,Personal,Vacation,2022-06-01,2026-05-11,65500,48,11.91,1721.97,28656.25,0.4375,714,0.2057,,63212,Employed,4.3,IL,,Unsecured,Current,0,27,,No,20,10,15,15,0,12.2,A,Low Risk,0.005,0.75,107.46,0.0037
LN00169,Personal,Vacation,2020-12-24,2023-12-09,72500,36,10.74,2364.64,3625.0,0.05,776,0.3052,,30642,Employed,6.4,FL,,Unsecured,Current,0,36,,No,10,20,15,5,0,10.8,A,Low Risk,0.005,0.75,13.59,0.0037
LN00170,Personal,Other,2023-04-09,2028-03-13,10000,60,11.12,218.02,7167.0,0.7167,773,0.2099,,51326,Employed,4.4,IL,,Unsecured,Current,0,17,,No,10,10,15,15,0,9.2,A,Low Risk,0.005,0.75,26.88,0.0038
LN00171,Personal,Vacation,2021-06-06,2026-05-11,48000,60,11.16,1047.47,16800.0,0.35,764,0.2104,,57132,Retired,1.1,CA,,Unsecured,Current,0,39,,No,10,10,15,35,0,11.2,A,Low Risk,0.005,0.75,63.0,0.0038
LN00172,Personal,Education,2020-05-31,2023-05-16,61000,36,11.43,2009.51,3050.0,0.05,753,0.4327,,134759,Retired,12.2,MA,,Unsecured,Current,0,36,,No,10,55,15,10,0,20.0,B,Moderate-Low,0.015,0.75,34.31,0.0112
LN00173,Personal,Medical,2023-11-14,2028-10-18,42000,60,12.45,943.85,35700.0,0.85,670,0.3346,,66292,Employed,0.5,NC,,Unsecured,Current,0,9,,No,35,20,15,25,0,20.2,B,Moderate-Low,0.015,0.75,401.62,0.0112
LN00174,Personal,Education,2022-09-16,2027-08-21,40500,60,12.52,911.58,25648.65,0.6333,680,0.3245,,43587,Employed,1.0,WA,,Unsecured,Late,1,22,,No,35,20,15,25,30,26.2,B,Moderate-Low,0.015,0.75,288.55,0.0113
LN00175,Personal,Education,2020-02-14,2024-01-24,39000,48,10.25,993.83,1950.0,0.05,758,0.4151,,86963,Employed,0.9,WA,,Unsecured,Current,0,48,,No,10,35,15,25,0,16.5,B,Moderate-Low,0.015,0.75,21.94,0.0113
LN00176,Personal,Medical,2021-08-09,2026-07-14,36000,60,12.81,815.61,13798.8,0.3833,619,0.3653,,100925,Employed,1.2,GA,,Unsecured,Current,0,37,,No,75,35,15,25,0,36.0,C,Moderate,0.04,0.75,413.96,0.03
LN00177,Personal,Other,2023-06-25,2026-06-09,39500,36,11.59,1304.24,24138.45,0.6111,755,0.3475,,93698,Self-Employed,12.2,NC,,Unsecured,Current,0,14,,No,10,20,15,25,0,12.8,A,Low Risk,0.005,0.75,90.52,0.0038
LN00178,Personal,Vacation,2023-07-09,2025-06-28,52000,24,12.81,2467.54,21668.4,0.4167,656,0.3569,,75640,Employed,6.5,TX,,Unsecured,Current,0,14,,No,55,20,15,5,0,24.2,B,Moderate-Low,0.015,0.75,243.77,0.0113
LN00179,Personal,Medical,2024-02-08,2028-01-18,74500,48,10.45,1905.65,65187.5,0.875,812,0.3564,,41226,Employed,22.7,IL,,Unsecured,Current,0,6,,No,0,20,15,0,0,7.2,A,Low Risk,0.005,0.75,244.45,0.0037
LN00180,Personal,Education,2020-12-25,2025-11-29,56500,60,11.89,1253.67,15068.55,0.2667,765,0.3621,,64460,Employed,3.1,OH,,Unsecured,Current,0,44,,No,10,35,15,15,0,15.5,B,Moderate-Low,0.015,0.75,169.52,0.0112
LN00181,Personal,Vacation,2020-12-02,2024-11-11,60500,48,11.43,1576.32,3781.25,0.0625,779,0.3818,,39584,Retired,10.2,NC,,Unsecured,Current,0,45,,No,10,35,15,10,0,15.0,B,Moderate-Low,0.015,0.75,42.54,0.0113
LN00182,Personal,Home Improvement,2020-08-23,2024-08-02,53500,48,11.45,1394.46,2675.0,0.05,699,0.2364,,43724,Contract,3.6,MA,,Unsecured,Current,0,48,,No,35,10,15,35,0,18.8,B,Moderate-Low,0.015,0.75,30.09,0.0112
LN00183,Personal,Vacation,2023-02-15,2028-01-20,48000,60,13.2,1097.07,33600.0,0.7,642,0.4732,,37739,Employed,2.9,VA,,Unsecured,Current,0,18,,No,55,55,15,15,0,34.0,C,Moderate,0.04,0.75,1008.0,0.03
LN00184,Personal,Other,2023-01-03,2026-12-13,28500,48,12.16,752.76,16624.05,0.5833,694,0.3026,,128419,Employed,3.1,NY,,Unsecured,Current,0,20,,No,35,20,15,15,0,19.2,B,Moderate-Low,0.015,0.75,187.02,0.0112
LN00185,Personal,Home Improvement,2023-07-31,2028-07-04,61500,60,11.53,1353.47,48172.95,0.7833,766,0.4455,,247675,Employed,18.7,VA,,Unsecured,Current,0,13,,No,10,55,15,0,0,19.0,B,Moderate-Low,0.015,0.75,541.95,0.0113
LN00186,Personal,Education,2023-06-22,2025-06-11,12000,24,12.67,568.64,5000.4,0.4167,671,0.3251,,88968,Employed,1.8,MO,,Unsecured,Current,0,14,,No,35,20,15,25,0,20.2,B,Moderate-Low,0.015,0.75,56.25,0.0112
LN00187,Personal,Medical,2023-07-25,2025-07-14,26500,24,13.68,1268.34,12144.95,0.4583,615,0.3578,,42116,Retired,7.6,MA,,Unsecured,Current,0,13,,No,75,20,15,15,0,31.2,C,Moderate,0.04,0.75,364.35,0.03
LN00188,Personal,Medical,2020-10-13,2022-10-03,52500,24,12.71,2488.8,2625.0,0.05,644,0.331,,33077,Retired,4.5,TX,,Unsecured,Current,0,24,,No,55,20,15,25,0,26.2,B,Moderate-Low,0.015,0.75,29.53,0.0112
LN00189,Personal,Home Improvement,2020-07-18,2022-07-08,72000,24,12.95,3421.32,3600.0,0.05,644,0.2143,,85810,Retired,9.8,GA,,Unsecured,Current,0,24,,No,55,10,15,15,0,22.8,B,Moderate-Low,0.015,0.75,40.5,0.0112
LN00190,Personal,Other,2022-01-29,2027-01-03,47000,60,12.8,1064.59,22715.1,0.4833,646,0.3794,,75496,Employed,12.9,MO,,Unsecured,Current,0,31,,No,55,35,15,0,0,27.5,B,Moderate-Low,0.015,0.75,255.54,0.0112
LN00191,Personal,Education,2023-09-03,2028-08-07,63500,60,13.56,1463.09,50800.0,0.8,637,0.23,,52499,Self-Employed,2.6,NY,,Unsecured,Current,0,12,,No,55,10,15,40,0,25.2,B,Moderate-Low,0.015,0.75,571.5,0.0112
LN00192,Personal,Vacation,2020-03-08,2024-02-16,34500,48,11.32,897.04,1725.0,0.05,746,0.4002,,51512,Employed,0.6,VA,,Unsecured,Current,0,48,,No,10,35,15,25,0,16.5,B,Moderate-Low,0.015,0.75,19.41,0.0113
LN00193,Personal,Other,2020-07-22,2024-07-01,56500,48,13.1,1518.56,2825.0,0.05,627,0.2477,,213752,Employed,1.5,VA,,Unsecured,Current,0,48,,No,55,10,15,25,0,23.8,B,Moderate-Low,0.015,0.75,31.78,0.0112
LN00194,Personal,Debt Consolidation,2022-03-26,2024-03-15,32000,24,11.24,1495.02,1600.0,0.05,781,0.211,,164669,Employed,4.1,NC,,Unsecured,Current,0,24,,No,0,10,15,15,0,6.2,A,Low Risk,0.005,0.75,6.0,0.0038
LN00195,Personal,Education,2023-09-19,2025-09-08,53000,24,12.73,2513.0,28710.1,0.5417,629,0.4768,,165969,Employed,0.8,OH,,Unsecured,Current,0,11,,No,55,55,15,25,0,35.0,C,Moderate,0.04,0.75,861.3,0.03
LN00196,Personal,Home Improvement,2024-05-30,2026-05-20,10500,24,12.18,495.15,9187.5,0.875,712,0.208,,55989,Employed,13.5,NJ,,Unsecured,Current,0,3,,No,20,10,15,0,0,10.8,A,Low Risk,0.005,0.75,34.45,0.0037
LN00197,Personal,Home Improvement,2024-04-16,2026-04-06,9500,24,12.26,448.35,7916.35,0.8333,646,0.2897,,44029,Employed,0.5,MO,,Unsecured,Current,0,4,,No,55,20,15,25,0,26.2,B,Moderate-Low,0.015,0.75,89.06,0.0113
LN00198,Personal,Education,2024-05-04,2028-04-13,50500,48,12.83,1350.53,46293.35,0.9167,643,0.4243,,103848,Self-Employed,2.4,IL,,Unsecured,Current,0,4,,No,55,35,15,40,0,31.5,C,Moderate,0.04,0.75,1388.8,0.03
LN00199,Personal,Home Improvement,2020-10-23,2024-10-02,37500,48,11.28,974.31,1875.0,0.05,782,0.4677,,39941,Employed,5.0,IL,,Unsecured,Current,0,46,,No,0,55,15,5,0,16.5,B,Moderate-Low,0.015,0.75,21.09,0.0112
LN00200,Personal,Home Improvement,2020-09-26,2022-09-16,36500,24,13.15,1737.85,1825.0,0.05,615,0.2702,,100178,Employed,2.6,CA,,Unsecured,Current,0,24,,No,75,10,15,15,0,28.8,B,Moderate-Low,0.015,0.75,20.53,0.0112
LN00201,Personal,Other,2020-12-22,2022-12-12,74000,24,11.12,3453.1,3700.0,0.05,771,0.2471,,99167,Employed,4.7,NC,,Unsecured,Current,0,24,,No,10,10,15,15,0,9.2,A,Low Risk,0.005,0.75,13.88,0.0038
LN00202,Personal,Medical,2024-03-07,2026-02-25,57500,24,12.25,2713.44,45522.75,0.7917,695,0.2789,,135066,Employed,10.5,FL,,Unsecured,Current,0,5,,No,35,10,15,0,0,15.2,B,Moderate-Low,0.015,0.75,512.13,0.0112
LN00203,Personal,Debt Consolidation,2022-10-28,2027-10-02,11000,60,11.05,239.44,6966.3,0.6333,743,0.2732,,117989,Retired,4.8,GA,,Unsecured,Current,0,22,,No,10,10,15,25,0,10.2,A,Low Risk,0.005,0.75,26.12,0.0037
LN00204,Personal,Vacation,2023-08-10,2028-07-14,41000,60,12.54,923.25,32800.0,0.8,626,0.5153,,32842,Employed,4.1,CA,,Unsecured,Current,0,12,,No,55,80,15,15,0,40.2,C,Moderate,0.04,0.75,984.0,0.03
LN00205,Personal,Vacation,2023-11-06,2028-10-10,65500,60,12.03,1458.0,54581.15,0.8333,696,0.4123,,69602,Employed,9.4,NY,,Unsecured,Current,0,10,,No,35,35,15,5,0,22.0,B,Moderate-Low,0.015,0.75,614.04,0.0113
LN00206,Personal,Home Improvement,2021-10-21,2023-10-11,53500,24,12.55,2532.19,2675.0,0.05,651,0.2463,,64979,Employed,22.3,WI,,Unsecured,Current,0,24,,No,55,10,15,0,0,21.2,B,Moderate-Low,0.015,0.75,30.09,0.0112
LN00207,Personal,Vacation,2022-02-19,2026-01-29,47000,48,11.58,1228.02,17625.0,0.375,771,0.3325,,92720,Employed,1.2,WI,,Unsecured,Current,0,30,,No,10,20,15,25,0,12.8,A,Low Risk,0.005,0.75,66.09,0.0037
LN00208,Personal,Home Improvement,2024-06-12,2026-06-02,9500,24,14.1,456.57,9103.85,0.9583,500,0.3203,,75506,Self-Employed,0.9,MO,,Unsecured,Late,1,1,,No,100,20,15,50,30,48.2,C,Moderate,0.04,0.75,273.12,0.03
LN00209,Personal,Vacation,2021-04-12,2026-03-17,26500,60,12.37,594.44,8392.55,0.3167,694,0.3333,,95305,Employed,3.5,AZ,,Unsecured,Current,0,41,,No,35,20,15,15,0,19.2,B,Moderate-Low,0.015,0.75,94.42,0.0113
LN00210,Personal,Medical,2024-02-03,2029-01-07,50500,60,11.46,1109.61,44606.65,0.8833,711,0.3812,,49185,Employed,0.5,NY,,Unsecured,Current,0,7,,No,20,35,15,25,0,19.5,B,Moderate-Low,0.015,0.75,501.82,0.0112
LN00211,Personal,Debt Consolidation,2020-11-08,2024-10-18,73500,48,12.29,1946.02,3675.0,0.05,673,0.352,,154100,Employed,0.9,TN,,Unsecured,Current,0,46,,No,35,20,15,25,0,20.2,B,Moderate-Low,0.015,0.75,41.34,0.0112
LN00212,Personal,Education,2020-07-16,2025-06-20,9000,60,12.3,201.57,1500.3,0.1667,662,0.3649,,51360,Self-Employed,34.3,VA,,Unsecured,Current,0,50,,No,35,35,15,25,0,24.0,B,Moderate-Low,0.015,0.75,16.88,0.0113
LN00213,Personal,Other,2023-10-04,2027-09-13,41500,48,11.24,1077.43,31988.2,0.7708,722,0.4133,,132630,Employed,0.8,NY,,Unsecured,Current,0,11,,No,20,35,15,25,0,19.5,B,Moderate-Low,0.015,0.75,359.87,0.0113
LN00214,Personal,Debt Consolidation,2021-08-12,2023-08-02,33500,24,11.87,1574.93,1675.0,0.05,680,0.2991,,119932,Employed,7.9,WI,,Unsecured,Current,0,24,,No,35,20,15,5,0,18.2,B,Moderate-Low,0.015,0.75,18.84,0.0112
LN00215,Personal,Debt Consolidation,2023-09-06,2026-08-21,42000,36,12.9,1413.12,28001.4,0.6667,646,0.298,,25000,Employed,0.5,TN,,Unsecured,Current,0,12,,No,55,20,15,25,0,26.2,B,Moderate-Low,0.015,0.75,315.02,0.0113
LN00216,Personal,Vacation,2020-08-23,2024-08-02,64000,48,13.94,1746.97,3200.0,0.05,615,0.1866,,72007,Employed,4.0,NC,,Unsecured,Current,0,48,,No,75,0,15,15,0,26.2,B,Moderate-Low,0.015,0.75,36.0,0.0112
LN00217,Personal,Medical,2020-02-29,2024-02-08,31000,48,13.31,836.43,1550.0,0.05,656,0.3273,,46985,Employed,3.7,PA,,Unsecured,Current,0,48,,No,55,20,15,15,0,25.2,B,Moderate-Low,0.015,0.75,17.44,0.0113
LN00218,Personal,Education,2020-01-13,2023-12-23,35500,48,11.52,926.51,1775.0,0.05,711,0.4293,,81108,Retired,11.0,PA,,Unsecured,Current,0,48,,No,20,35,15,10,0,18.0,B,Moderate-Low,0.015,0.75,19.97,0.0113
LN00219,Personal,Education,2020-10-17,2022-10-07,49500,24,10.42,2293.78,2475.0,0.05,850,0.3894,,54021,Employed,0.5,CA,,Unsecured,Current,0,24,,No,0,35,15,25,0,13.5,A,Low Risk,0.005,0.75,9.28,0.0037
LN00220,Personal,Other,2022-05-09,2027-04-13,52500,60,13.99,1221.31,29751.75,0.5667,600,0.3514,,75458,Employed,0.5,PA,,Unsecured,Delinquent,2,26,,No,75,20,15,25,55,43.2,C,Moderate,0.04,0.75,892.55,0.03
LN00221,Personal,Education,2020-04-17,2022-04-07,29000,24,12.17,1367.43,1450.0,0.05,662,0.233,,80204,Employed,6.5,IL,,Unsecured,Current,0,24,,No,35,10,15,5,0,15.8,B,Moderate-Low,0.015,0.75,16.31,0.0112
LN00222,Personal,Vacation,2021-07-11,2023-07-01,58500,24,12.34,2763.1,2925.0,0.05,656,0.3637,,58804,Self-Employed,0.5,MA,,Unsecured,Current,0,24,,No,55,35,15,50,0,32.5,C,Moderate,0.04,0.75,87.75,0.03
LN00223,Personal,Debt Consolidation,2021-07-13,2026-06-17,19000,60,11.93,421.97,6967.3,0.3667,764,0.2212,,50091,Self-Employed,5.7,OH,,Unsecured,Current,0,38,,No,10,10,15,30,0,10.8,A,Low Risk,0.005,0.75,26.13,0.0038
LN00224,Personal,Education,2020-08-15,2025-07-20,72500,60,11.66,1600.29,13289.25,0.1833,738,0.2897,,134903,Self-Employed,2.1,MI,,Unsecured,Current,0,49,,No,20,20,15,40,0,17.2,B,Moderate-Low,0.015,0.75,149.5,0.0112
LN00225,Personal,Education,2020-04-03,2024-03-13,61500,48,12.38,1631.03,3075.0,0.05,694,0.4612,,83641,Employed,0.8,GA,,Unsecured,Current,0,48,,No,35,55,15,25,0,29.0,B,Moderate-Low,0.015,0.75,34.59,0.0112
LN00226,Personal,Home Improvement,2021-02-22,2023-02-12,35000,24,11.22,1634.85,1750.0,0.05,731,0.2892,,65828,Retired,5.7,MI,,Unsecured,Current,0,24,,No,20,20,15,15,0,14.8,A,Low Risk,0.005,0.75,6.56,0.0037
LN00227,Personal,Other,2021-11-02,2025-10-12,25000,48,12.75,667.59,7292.5,0.2917,673,0.3647,,63677,Employed,11.9,NY,,Unsecured,Current,0,34,,No,35,35,15,0,0,21.5,B,Moderate-Low,0.015,0.75,82.04,0.0112
LN00228,Personal,Home Improvement,2020-09-21,2023-09-06,55500,36,11.42,1828.06,2775.0,0.05,752,0.4327,,48687,Employed,6.4,WA,,Unsecured,Current,0,36,,No,10,55,15,5,0,19.5,B,Moderate-Low,0.015,0.75,31.22,0.0113
LN00229,Personal,Vacation,2022-03-24,2024-03-13,62000,24,11.8,2912.77,3100.0,0.05,703,0.3704,,38237,Employed,4.2,TX,,Unsecured,Current,0,24,,No,20,35,15,15,0,18.5,B,Moderate-Low,0.015,0.75,34.88,0.0113
LN00230,Personal,Other,2023-03-25,2027-03-04,40500,48,12.21,1070.7,26154.9,0.6458,727,0.5211,,105009,Employed,5.0,AZ,,Unsecured,Current,0,17,,No,20,80,15,5,0,28.8,B,Moderate-Low,0.015,0.75,294.24,0.0112
LN00231,Personal,Medical,2020-08-23,2024-08-02,16000,48,11.82,419.93,800.0,0.05,746,0.4391,,88484,Employed,0.5,WA,,Unsecured,Current,0,48,,No,10,55,15,25,0,21.5,B,Moderate-Low,0.015,0.75,9.0,0.0112
LN00232,Personal,Debt Consolidation,2023-11-13,2028-10-17,19000,60,11.31,416.05,16150.0,0.85,752,0.4386,,46011,Employed,7.9,VA,,Unsecured,Current,0,9,,No,10,55,15,5,0,19.5,B,Moderate-Low,0.015,0.75,181.69,0.0113
LN00233,Personal,Medical,2023-04-21,2028-03-25,43500,60,13.06,991.1,33351.45,0.7667,600,0.44,,91336,Employed,8.6,FL,,Unsecured,Delinquent,2,14,,No,75,55,15,5,55,50.0,D,High,0.1,0.75,2501.36,0.075
LN00234,Personal,Other,2021-11-13,2024-10-28,66000,36,13.2,2230.16,3669.6,0.0556,581,0.309,,42059,Employed,2.8,PA,,Unsecured,Current,0,34,,No,75,20,15,15,0,31.2,C,Moderate,0.04,0.75,110.09,0.03
LN00235,Personal,Other,2024-05-08,2027-04-23,32000,36,11.05,1048.4,29334.4,0.9167,819,0.3497,,59885,Employed,7.1,VA,,Unsecured,Current,0,3,,No,0,20,15,5,0,7.8,A,Low Risk,0.005,0.75,110.0,0.0037
LN00236,Personal,Home Improvement,2020-07-29,2023-07-14,38500,36,10.84,1257.53,1925.0,0.05,777,0.3487,,54912,Employed,0.5,IL,,Unsecured,Current,0,36,,No,10,20,15,25,0,12.8,A,Low Risk,0.005,0.75,7.22,0.0038
LN00237,Personal,Education,2020-12-28,2022-12-18,52000,24,11.32,2431.34,2600.0,0.05,805,0.4975,,199395,Employed,1.9,TN,,Unsecured,Current,0,24,,No,0,55,15,25,0,18.5,B,Moderate-Low,0.015,0.75,29.25,0.0112
LN00238,Personal,Debt Consolidation,2023-07-08,2027-06-17,54500,48,11.97,1434.39,38602.35,0.7083,689,0.4285,,140956,Employed,4.4,NJ,,Unsecured,Current,0,14,,No,35,35,15,15,0,23.0,B,Moderate-Low,0.015,0.75,434.28,0.0113
LN00239,Personal,Education,2023-07-17,2028-06-20,11000,60,12.51,247.53,8616.3,0.7833,604,0.2867,,66381,Self-Employed,5.5,MI,,Unsecured,Current,0,13,,No,75,20,15,30,0,32.8,C,Moderate,0.04,0.75,258.49,0.03
LN00240,Personal,Vacation,2022-11-05,2026-10-15,59500,48,11.62,1555.78,32231.15,0.5417,704,0.4873,,97575,Employed,3.2,FL,,Unsecured,Current,0,22,,No,20,55,15,15,0,23.5,B,Moderate-Low,0.015,0.75,362.6,0.0112
LN00241,Personal,Debt Consolidation,2022-01-25,2024-01-15,17500,24,13.17,833.38,875.0,0.05,662,0.4915,,126042,Employed,2.4,MI,,Unsecured,Current,0,24,,No,35,55,15,15,0,28.0,B,Moderate-Low,0.015,0.75,9.84,0.0112
LN00242,Personal,Other,2023-04-03,2028-03-07,70500,60,12.77,1595.8,50527.35,0.7167,650,0.1898,,107550,Contract,3.4,MO,,Unsecured,Current,0,17,,No,55,0,15,35,0,22.2,B,Moderate-Low,0.015,0.75,568.43,0.0112
LN00243,Personal,Vacation,2023-03-16,2028-02-18,14000,60,10.62,301.75,10033.8,0.7167,728,0.2434,,56030,Employed,7.8,OH,,Unsecured,Current,0,17,,No,20,10,15,5,0,11.2,A,Low Risk,0.005,0.75,37.63,0.0038
LN00244,Personal,Medical,2022-07-11,2024-06-30,16000,24,14.81,774.34,800.0,0.05,500,0.422,,67477,Self-Employed,0.9,NY,,Unsecured,Current,0,24,,No,100,35,15,50,0,46.0,C,Moderate,0.04,0.75,24.0,0.03
LN00245,Personal,Vacation,2020-03-21,2023-03-06,23000,36,11.45,757.9,1150.0,0.05,747,0.3279,,135058,Self-Employed,14.2,GA,,Unsecured,Current,0,36,,No,10,20,15,25,0,12.8,A,Low Risk,0.005,0.75,4.31,0.0037
LN00246,Personal,Medical,2022-02-02,2026-01-12,59000,48,13.62,1601.04,20897.8,0.3542,626,0.3185,,46100,Employed,4.0,MI,,Unsecured,Current,0,31,,No,55,20,15,15,0,25.2,B,Moderate-Low,0.015,0.75,235.1,0.0112
LN00247,Personal,Other,2020-05-14,2024-04-23,6500,48,14.29,178.57,325.0,0.05,508,0.4085,,113780,Employed,19.8,NJ,,Unsecured,Current,0,48,,No,100,35,15,0,0,41.0,C,Moderate,0.04,0.75,9.75,0.03
LN00248,Personal,Medical,2021-05-31,2025-05-10,23000,48,11.35,598.36,4312.5,0.1875,742,0.3274,,76755,Retired,23.9,WI,,Unsecured,Current,0,39,,No,10,20,15,10,0,11.2,A,Low Risk,0.005,0.75,16.17,0.0037
LN00249,Personal,Other,2021-12-17,2024-12-01,37000,36,10.97,1210.81,4110.7,0.1111,749,0.3593,,39060,Contract,5.6,MI,,Unsecured,Current,0,32,,No,10,20,15,25,0,12.8,A,Low Risk,0.005,0.75,15.42,0.0038
LN00250,Personal,Vacation,2023-05-03,2026-04-17,22500,36,12.74,755.3,12501.0,0.5556,629,0.3085,,62465,Employed,4.9,FL,,Unsecured,Current,0,16,,No,55,20,15,15,0,25.2,B,Moderate-Low,0.015,0.75,140.64,0.0113
LN00251,Personal,Other,2023-10-04,2026-09-18,9500,36,13.42,322.02,6596.8,0.6944,613,0.3778,,75420,Employed,4.7,IN,,Unsecured,Current,0,11,,No,75,35,15,15,0,35.0,C,Moderate,0.04,0.75,197.9,0.03
LN00252,Personal,Home Improvement,2020-02-07,2024-01-17,71000,48,12.28,1879.48,3550.0,0.05,683,0.2382,,48314,Employed,6.6,VA,,Unsecured,Current,0,48,,No,35,10,15,5,0,15.8,B,Moderate-Low,0.015,0.75,39.94,0.0113
LN00253,Personal,Home Improvement,2021-01-28,2026-01-02,9000,60,15.18,214.96,2549.7,0.2833,512,0.3988,,44140,Contract,9.9,GA,,Unsecured,Current,0,43,,No,100,35,15,25,0,43.5,C,Moderate,0.04,0.75,76.49,0.03
LN00254,Personal,Education,2024-06-02,2028-05-12,23000,48,13.05,617.6,21562.5,0.9375,641,0.2917,,71008,Employed,2.4,NY,,Unsecured,Current,0,3,,No,55,20,15,15,0,25.2,B,Moderate-Low,0.015,0.75,242.58,0.0113
LN00255,Personal,Vacation,2024-04-18,2028-03-28,66500,48,12.01,1751.53,60960.55,0.9167,699,0.3645,,164775,Employed,1.6,WI,,Unsecured,Current,0,4,,No,35,35,15,25,0,24.0,B,Moderate-Low,0.015,0.75,685.81,0.0113
LN00256,Personal,Home Improvement,2021-01-05,2023-12-21,68500,36,11.65,2263.75,3425.0,0.05,713,0.3329,,71972,Self-Employed,4.1,WI,,Unsecured,Current,0,36,,No,20,20,15,40,0,17.2,B,Moderate-Low,0.015,0.75,38.53,0.0112
LN00257,Personal,Home Improvement,2022-04-21,2024-04-10,59000,24,12.42,2788.92,2950.0,0.05,712,0.3038,,50216,Self-Employed,1.4,VA,,Unsecured,Current,0,24,,No,20,20,15,50,0,18.2,B,Moderate-Low,0.015,0.75,33.19,0.0113
LN00258,Personal,Home Improvement,2024-03-20,2028-02-28,49000,48,14.42,1349.34,43894.2,0.8958,552,0.376,,80847,Employed,3.0,MA,,Unsecured,Current,0,5,,No,100,35,15,15,0,42.5,C,Moderate,0.04,0.75,1316.83,0.03
LN00259,Personal,Education,2021-02-01,2026-01-06,60500,60,11.82,1340.29,17139.65,0.2833,695,0.3776,,112014,Self-Employed,11.7,VA,,Unsecured,Current,0,43,,No,35,35,15,25,0,24.0,B,Moderate-Low,0.015,0.75,192.82,0.0112
LN00260,Personal,Education,2024-04-24,2029-03-29,67500,60,12.25,1510.04,62997.75,0.9333,670,0.2966,,93126,Self-Employed,1.0,MI,,Unsecured,Current,0,4,,No,35,20,15,50,0,22.8,B,Moderate-Low,0.015,0.75,708.72,0.0112
LN00261,Personal,Medical,2021-02-12,2024-01-28,72500,36,10.94,2371.5,3625.0,0.05,844,0.3323,,42883,Employed,24.9,WI,,Unsecured,Current,0,36,,No,0,20,15,0,0,7.2,A,Low Risk,0.005,0.75,13.59,0.0037
LN00262,Personal,Other,2022-01-30,2027-01-04,5500,60,11.09,119.83,2658.15,0.4833,776,0.2391,,149667,Retired,4.5,MO,,Unsecured,Current,0,31,,No,10,10,15,25,0,10.2,A,Low Risk,0.005,0.75,9.97,0.0038
LN00263,Personal,Education,2020-06-20,2024-05-30,18000,48,11.56,470.13,900.0,0.05,733,0.3522,,86068,Employed,10.3,PA,,Unsecured,Current,0,48,,No,20,20,15,0,0,13.2,A,Low Risk,0.005,0.75,3.38,0.0038
LN00264,Personal,Medical,2020-07-06,2025-06-10,62500,60,9.82,1322.41,10418.75,0.1667,825,0.3071,,87150,Self-Employed,2.7,GA,,Unsecured,Current,0,50,,No,0,20,15,40,0,11.2,A,Low Risk,0.005,0.75,39.07,0.0037
LN00265,Personal,Home Improvement,2020-04-19,2025-03-24,54500,60,10.85,1180.89,6360.15,0.1167,787,0.2537,,72299,Employed,0.6,WA,,Unsecured,Current,0,53,,No,0,10,15,25,0,7.2,A,Low Risk,0.005,0.75,23.85,0.0037
LN00266,Personal,Debt Consolidation,2022-02-06,2024-01-27,57000,24,11.92,2681.06,2850.0,0.05,647,0.2886,,59554,Employed,5.8,GA,,Unsecured,Current,0,24,,No,55,20,15,5,0,24.2,B,Moderate-Low,0.015,0.75,32.06,0.0112
LN00267,Personal,Vacation,2020-10-08,2023-09-23,49000,36,11.32,1611.63,2450.0,0.05,764,0.3672,,58934,Employed,6.8,TX,,Unsecured,Current,0,36,,No,10,35,15,5,0,14.5,A,Low Risk,0.005,0.75,9.19,0.0038
LN00268,Personal,Debt Consolidation,2022-07-07,2027-06-11,63500,60,11.36,1392.07,35985.45,0.5667,779,0.3019,,41743,Employed,6.2,WI,,Unsecured,Current,0,26,,No,10,20,15,5,0,10.8,A,Low Risk,0.005,0.75,134.95,0.0038
LN00269,Personal,Other,2021-03-17,2025-02-24,7000,48,11.84,183.79,875.0,0.125,699,0.2586,,192810,Employed,6.4,IL,,Unsecured,Current,0,42,,No,35,10,15,5,0,15.8,B,Moderate-Low,0.015,0.75,9.84,0.0112
LN00270,Personal,Debt Consolidation,2024-05-08,2026-04-28,68500,24,11.91,3221.65,59937.5,0.875,744,0.2391,,102102,Employed,4.9,MI,,Unsecured,Current,0,3,,No,10,10,15,15,0,9.2,A,Low Risk,0.005,0.75,224.77,0.0038
LN00271,Personal,Debt Consolidation,2022-05-09,2025-04-23,43000,36,12.29,1434.18,9554.6,0.2222,680,0.4283,,44924,Employed,22.6,WI,,Unsecured,Current,0,28,,No,35,35,15,0,0,21.5,B,Moderate-Low,0.015,0.75,107.49,0.0113
LN00272,Personal,Other,2023-07-18,2025-07-07,65000,24,12.57,3077.11,29789.5,0.4583,675,0.3223,,45648,Employed,14.5,IN,,Unsecured,Current,0,13,,No,35,20,15,0,0,17.8,B,Moderate-Low,0.015,0.75,335.13,0.0112
LN00273,Personal,Home Improvement,2022-05-29,2026-05-08,63000,48,11.99,1658.72,27562.5,0.4375,745,0.2612,,99477,Employed,12.4,CA,,Unsecured,Current,0,27,,No,10,10,15,0,0,7.8,A,Low Risk,0.005,0.75,103.36,0.0038
LN00274,Personal,Debt Consolidation,2023-09-22,2026-09-06,21500,36,11.96,713.7,16722.7,0.7778,715,0.2649,,52950,Contract,3.8,IN,,Unsecured,Delinquent,3,8,,No,20,10,15,35,75,29.2,B,Moderate-Low,0.015,0.75,188.13,0.0112
LN00275,Personal,Medical,2022-08-20,2027-07-25,57000,60,11.08,1241.59,34200.0,0.6,749,0.2515,,32592,Employed,14.0,TX,,Unsecured,Current,0,24,,No,10,10,15,0,0,7.8,A,Low Risk,0.005,0.75,128.25,0.0038
LN00276,Personal,Other,2022-01-01,2023-12-22,17500,24,11.92,823.13,875.0,0.05,722,0.4095,,114641,Employed,1.6,FL,,Unsecured,Current,0,24,,No,20,35,15,25,0,19.5,B,Moderate-Low,0.015,0.75,9.84,0.0112
LN00277,Personal,Medical,2020-09-30,2024-09-09,11500,48,12.26,304.31,575.0,0.05,695,0.2647,,130736,Employed,6.6,TX,,Unsecured,Current,0,47,,No,35,10,15,5,0,15.8,B,Moderate-Low,0.015,0.75,6.47,0.0113
LN00278,Personal,Home Improvement,2023-11-25,2028-10-29,35000,60,11.37,767.46,29750.0,0.85,738,0.1916,,280342,Employed,5.5,TN,,Unsecured,Current,0,9,,No,20,0,15,5,0,8.8,A,Low Risk,0.005,0.75,111.56,0.0037
LN00279,Personal,Home Improvement,2020-03-16,2025-02-18,46000,60,12.88,1043.82,4600.0,0.1,679,0.4688,,117763,Employed,1.6,MI,,Unsecured,Current,0,54,,No,35,55,15,25,0,29.0,B,Moderate-Low,0.015,0.75,51.75,0.0112
LN00280,Personal,Education,2021-09-27,2025-09-06,50500,48,12.13,1333.08,13675.4,0.2708,617,0.3228,,74241,Employed,5.5,IN,,Unsecured,Current,0,35,,No,75,20,15,5,0,30.2,C,Moderate,0.04,0.75,410.26,0.03
LN00281,Personal,Debt Consolidation,2020-03-15,2024-02-23,22500,48,12.26,595.39,1125.0,0.05,693,0.2892,,170676,Employed,3.8,OH,,Unsecured,Current,0,48,,No,35,20,15,15,0,19.2,B,Moderate-Low,0.015,0.75,12.66,0.0113
LN00282,Personal,Vacation,2020-09-11,2024-08-21,24500,48,11.93,644.34,1225.0,0.05,673,0.3763,,26005,Employed,4.4,VA,,Unsecured,Current,0,48,,No,35,35,15,15,0,23.0,B,Moderate-Low,0.015,0.75,13.78,0.0112
LN00283,Personal,Vacation,2021-11-25,2026-10-30,40500,60,13.04,922.33,18225.0,0.45,666,0.366,,50207,Employed,16.1,PA,,Unsecured,Current,0,33,,No,35,35,15,0,0,21.5,B,Moderate-Low,0.015,0.75,205.03,0.0112
LN00284,Personal,Debt Consolidation,2024-06-28,2028-06-07,29000,48,13.04,778.57,27790.7,0.9583,631,0.2716,,66358,Self-Employed,12.4,FL,,Unsecured,Current,0,2,,No,55,10,15,25,0,23.8,B,Moderate-Low,0.015,0.75,312.65,0.0113
LN00285,Personal,Debt Consolidation,2023-01-22,2026-01-06,34500,36,9.91,1111.76,16290.9,0.4722,832,0.2744,,70945,Employed,14.3,MI,,Unsecured,Current,0,19,,No,0,10,15,0,0,4.8,A,Low Risk,0.005,0.75,61.09,0.0037
LN00286,Personal,Vacation,2021-09-19,2025-08-29,71500,48,11.32,1859.09,19362.2,0.2708,747,0.4096,,157260,Employed,0.5,MA,,Unsecured,Current,0,35,,No,10,35,15,25,0,16.5,B,Moderate-Low,0.015,0.75,217.82,0.0112
LN00287,Personal,Medical,2021-12-20,2026-11-24,13000,60,13.02,295.92,6067.1,0.4667,653,0.4702,,78699,Employed,3.7,MA,,Unsecured,Current,0,32,,No,55,55,15,15,0,34.0,C,Moderate,0.04,0.75,182.01,0.03
LN00288,Personal,Other,2023-08-02,2027-07-12,9500,48,12.83,254.06,8114.9,0.8542,623,0.4647,,62727,Employed,2.6,TX,,Unsecured,Severely Delinquent,6,7,,No,55,55,15,15,100,54.0,D,High,0.1,0.75,608.62,0.075
LN00289,Personal,Home Improvement,2022-11-16,2026-10-26,46500,48,12.64,1239.19,30029.7,0.6458,702,0.2512,,91214,Contract,6.1,PA,,Unsecured,Severely Delinquent,4,17,,No,20,10,15,25,100,33.2,C,Moderate,0.04,0.75,900.89,0.03
LN00290,Personal,Other,2020-09-15,2022-09-05,13000,24,12.29,613.72,650.0,0.05,705,0.3688,,106880,Employed,0.5,FL,,Unsecured,Current,0,24,,No,20,35,15,25,0,19.5,B,Moderate-Low,0.015,0.75,7.31,0.0112
LN00291,Personal,Home Improvement,2022-02-23,2026-02-02,25500,48,13.17,686.25,9562.5,0.375,604,0.3414,,77209,Employed,5.2,MD,,Unsecured,Current,0,30,,No,75,20,15,5,0,30.2,C,Moderate,0.04,0.75,286.88,0.03
LN00292,Personal,Education,2022-01-31,2026-01-10,64000,48,14.5,1764.99,22668.8,0.3542,543,0.416,,105485,Self-Employed,3.4,MA,,Unsecured,Current,0,31,,No,100,35,15,40,0,45.0,C,Moderate,0.04,0.75,680.06,0.03
LN00293,Personal,Home Improvement,2022-03-26,2026-03-05,36000,48,13.03,966.33,14248.8,0.3958,600,0.4243,,115795,Employed,10.4,NJ,,Unsecured,Current,0,29,,No,75,35,15,0,0,33.5,C,Moderate,0.04,0.75,427.46,0.03
LN00294,Personal,Vacation,2024-02-15,2026-02-04,47000,24,14.33,2263.94,35250.0,0.75,553,0.2001,,51710,Employed,7.0,PA,,Unsecured,Current,0,6,,No,100,10,15,5,0,35.2,C,Moderate,0.04,0.75,1057.5,0.03
LN00295,Personal,Home Improvement,2024-05-06,2028-04-15,67000,48,13.12,1801.44,62812.5,0.9375,608,0.2554,,59551,Self-Employed,1.0,NC,,Unsecured,Current,0,3,,No,75,10,15,50,0,32.2,C,Moderate,0.04,0.75,1884.38,0.03
LN00296,Personal,Debt Consolidation,2021-02-13,2026-01-18,10000,60,12.67,225.84,2833.0,0.2833,693,0.226,,67462,Employed,2.2,NY,,Unsecured,Current,0,43,,No,35,10,15,15,0,16.8,B,Moderate-Low,0.015,0.75,31.87,0.0112
LN00297,Personal,Other,2023-12-31,2026-12-15,74000,36,11.12,2426.87,57557.2,0.7778,762,0.2363,,164027,Contract,7.0,MA,,Unsecured,Current,0,8,,No,10,10,15,25,0,10.2,A,Low Risk,0.005,0.75,215.84,0.0038
LN00298,Personal,Medical,2023-12-24,2027-12-03,72000,48,12.08,1898.87,59997.6,0.8333,686,0.3398,,41219,Employed,0.5,FL,,Unsecured,Current,0,8,,No,35,20,15,25,0,20.2,B,Moderate-Low,0.015,0.75,674.97,0.0112
LN00299,Personal,Education,2023-12-28,2026-12-12,25000,36,12.94,841.63,19445.0,0.7778,683,0.3188,,60778,Self-Employed,0.7,PA,,Unsecured,Current,0,8,,No,35,20,15,50,0,22.8,B,Moderate-Low,0.015,0.75,218.76,0.0113
LN00300,Personal,Vacation,2021-02-15,2023-02-05,62500,24,12.68,2961.98,3125.0,0.05,682,0.3588,,82001,Employed,2.0,IL,,Unsecured,Current,0,24,,No,35,20,15,15,0,19.2,B,Moderate-Low,0.015,0.75,35.16,0.0113
LN00301,Personal,Education,2023-02-08,2027-01-18,42500,48,11.88,1116.69,25678.5,0.6042,681,0.214,,91478,Employed,4.8,MD,,Unsecured,Current,0,19,,No,35,10,15,15,0,16.8,B,Moderate-Low,0.015,0.75,288.88,0.0112
LN00302,Personal,Other,2020-05-14,2022-05-04,26000,24,11.31,1215.55,1300.0,0.05,807,0.3149,,82886,Employed,1.3,MI,,Unsecured,Current,0,24,,No,0,20,15,25,0,9.8,A,Low Risk,0.005,0.75,4.88,0.0038
LN00303,Personal,Debt Consolidation,2024-04-24,2029-03-29,45500,60,12.68,1027.83,42465.15,0.9333,677,0.1815,,57754,Self-Employed,3.5,AZ,,Unsecured,Current,0,4,,No,35,0,15,40,0,16.8,B,Moderate-Low,0.015,0.75,477.73,0.0112
LN00304,Personal,Other,2023-08-08,2027-07-18,44500,48,12.77,1188.75,32449.4,0.7292,674,0.3634,,234939,Employed,1.3,FL,,Unsecured,Current,0,13,,No,35,35,15,25,0,24.0,B,Moderate-Low,0.015,0.75,365.06,0.0113
LN00305,Personal,Home Improvement,2024-05-16,2027-05-01,20500,36,12.04,681.29,18792.35,0.9167,655,0.5527,,69357,Employed,14.4,MO,,Unsecured,Current,0,3,,No,55,80,15,0,0,38.8,C,Moderate,0.04,0.75,563.77,0.03
LN00306,Personal,Education,2022-10-26,2027-09-30,60500,60,12.1,1348.85,38314.65,0.6333,709,0.3091,,177115,Self-Employed,12.6,TX,,Unsecured,Current,0,22,,No,20,20,15,25,0,15.8,B,Moderate-Low,0.015,0.75,431.04,0.0113
LN00307,Personal,Other,2020-12-03,2024-11-12,46000,48,11.86,1208.2,2875.0,0.0625,718,0.4276,,72068,Employed,2.0,PA,,Unsecured,Current,0,45,,No,20,35,15,15,0,18.5,B,Moderate-Low,0.015,0.75,32.34,0.0112
LN00308,Personal,Medical,2022-11-28,2026-11-07,39000,48,10.69,1002.11,21937.5,0.5625,737,0.3557,,50887,Self-Employed,12.0,MI,,Unsecured,Current,0,21,,No,20,20,15,25,0,15.8,B,Moderate-Low,0.015,0.75,246.8,0.0113
LN00309,Personal,Debt Consolidation,2020-09-13,2024-08-23,45000,48,12.54,1196.99,2250.0,0.05,685,0.3811,,84353,Employed,1.3,MI,,Unsecured,Current,0,48,,No,35,35,15,25,0,24.0,B,Moderate-Low,0.015,0.75,25.31,0.0112
LN00310,Personal,Education,2020-12-16,2023-12-01,40500,36,11.58,1337.07,2025.0,0.05,777,0.3234,,66023,Self-Employed,15.7,WI,,Unsecured,Current,0,36,,No,10,20,15,25,0,12.8,A,Low Risk,0.005,0.75,7.59,0.0037
LN00311,Personal,Other,2020-02-28,2022-02-17,53000,24,12.62,2510.27,2650.0,0.05,688,0.4292,,60218,Employed,2.1,FL,,Unsecured,Current,0,24,,No,35,35,15,15,0,23.0,B,Moderate-Low,0.015,0.75,29.81,0.0112
LN00312,Personal,Vacation,2024-04-19,2027-04-04,72000,36,10.93,2354.8,69998.4,0.9722,775,0.2627,,56062,Employed,35.0,WI,,Unsecured,Delinquent,3,1,,No,10,10,15,0,75,22.8,B,Moderate-Low,0.015,0.75,787.48,0.0112
LN00313,Personal,Other,2022-09-16,2026-08-26,56500,48,11.57,1475.96,29425.2,0.5208,761,0.3931,,94517,Self-Employed,8.4,GA,,Unsecured,Current,0,23,,No,10,35,15,30,0,17.0,B,Moderate-Low,0.015,0.75,331.03,0.0112
LN00314,Personal,Home Improvement,2022-07-17,2026-06-26,47500,48,11.78,1245.73,22762.0,0.4792,742,0.3829,,132088,Self-Employed,4.0,FL,,Unsecured,Current,0,25,,No,10,35,15,40,0,18.0,B,Moderate-Low,0.015,0.75,256.07,0.0112
LN00315,Personal,Education,2022-09-18,2027-08-23,29000,60,12.32,649.79,17884.3,0.6167,677,0.2859,,50390,Employed,9.9,MA,,Unsecured,Current,0,23,,No,35,20,15,5,0,18.2,B,Moderate-Low,0.015,0.75,201.2,0.0113
LN00316,Personal,Medical,2024-01-11,2027-12-21,40000,48,12.11,1055.52,34168.0,0.8542,692,0.302,,99141,Self-Employed,7.4,NJ,,Unsecured,Current,0,7,,No,35,20,15,30,0,20.8,B,Moderate-Low,0.015,0.75,384.39,0.0112
LN00317,Personal,Debt Consolidation,2024-04-06,2027-03-22,61000,36,13.3,2064.16,54222.9,0.8889,569,0.2845,,49942,Employed,3.1,VA,,Unsecured,Current,0,4,,No,100,20,15,15,0,38.8,C,Moderate,0.04,0.75,1626.69,0.03
LN00318,Personal,Home Improvement,2022-08-13,2025-07-28,49500,36,12.42,1654.06,15127.2,0.3056,669,0.2171,,100376,Employed,5.6,NY,,Unsecured,Current,0,25,,No,35,10,15,5,0,15.8,B,Moderate-Low,0.015,0.75,170.18,0.0112
LN00319,Personal,Education,2020-04-13,2022-04-03,46000,24,11.07,2145.46,2300.0,0.05,792,0.0918,,38009,Retired,0.5,MI,,Unsecured,Current,0,24,,No,0,0,15,35,0,5.8,A,Low Risk,0.005,0.75,8.62,0.0037
LN00320,Personal,Other,2020-11-23,2023-11-08,61000,36,13.44,2068.28,3050.0,0.05,607,0.4114,,108130,Retired,4.4,NJ,,Unsecured,Current,0,36,,No,75,35,15,25,0,36.0,C,Moderate,0.04,0.75,91.5,0.03
LN00321,Personal,Education,2024-04-11,2027-03-27,24500,36,11.16,803.96,21778.05,0.8889,719,0.3354,,56699,Employed,6.0,PA,,Unsecured,Current,0,4,,No,20,20,15,5,0,13.8,A,Low Risk,0.005,0.75,81.67,0.0038
LN00322,Personal,Vacation,2021-09-23,2026-08-28,9000,60,12.37,201.89,3750.3,0.4167,643,0.4182,,73694,Employed,0.5,TN,,Unsecured,Current,0,35,,No,55,35,15,25,0,30.0,C,Moderate,0.04,0.75,112.51,0.03
LN00323,Personal,Debt Consolidation,2021-03-16,2024-02-29,30000,36,11.37,987.43,1500.0,0.05,751,0.283,,47402,Employed,11.1,MD,,Unsecured,Current,0,36,,No,10,20,15,0,0,10.2,A,Low Risk,0.005,0.75,5.62,0.0037
LN00324,Personal,Debt Consolidation,2023-05-08,2028-04-11,68500,60,11.67,1512.35,50231.05,0.7333,767,0.322,,52477,Employed,20.0,TN,,Unsecured,Current,0,16,,No,10,20,15,0,0,10.2,A,Low Risk,0.005,0.75,188.37,0.0038
LN00325,Personal,Vacation,2020-10-01,2025-09-05,49000,60,11.94,1088.49,10618.3,0.2167,709,0.143,,54645,Self-Employed,0.5,NC,,Unsecured,Current,0,47,,No,20,0,15,50,0,13.2,A,Low Risk,0.005,0.75,39.82,0.0038
LN00326,Personal,Home Improvement,2022-03-31,2024-03-20,58000,24,11.78,2724.31,2900.0,0.05,729,0.3522,,48620,Employed,7.3,TX,,Unsecured,Current,0,24,,No,20,20,15,5,0,13.8,A,Low Risk,0.005,0.75,10.88,0.0038
LN00327,Personal,Education,2020-05-30,2024-05-09,8000,48,13.27,215.69,400.0,0.05,643,0.3911,,62440,Employed,18.9,WA,,Unsecured,Current,0,48,,No,55,35,15,0,0,27.5,B,Moderate-Low,0.015,0.75,4.5,0.0112
LN00328,Personal,Medical,2020-09-20,2022-09-10,30500,24,14.42,1470.45,1525.0,0.05,500,0.2347,,73750,Employed,0.5,NY,,Unsecured,Current,0,24,,No,100,10,15,25,0,37.2,C,Moderate,0.04,0.75,45.75,0.03
LN00329,Personal,Education,2021-02-11,2024-01-27,19500,36,12.75,654.69,975.0,0.05,656,0.3672,,151181,Employed,3.8,WI,,Unsecured,Current,0,36,,No,55,35,15,15,0,29.0,B,Moderate-Low,0.015,0.75,10.97,0.0113
LN00330,Personal,Vacation,2020-03-20,2022-03-10,25500,24,13.11,1213.63,1275.0,0.05,669,0.418,,87777,Self-Employed,6.3,IL,,Unsecured,Current,0,24,,No,35,35,15,30,0,24.5,B,Moderate-Low,0.015,0.75,14.34,0.0112
LN00331,Personal,Education,2023-05-26,2026-05-10,54500,36,13.67,1853.96,31789.85,0.5833,624,0.2478,,128375,Employed,13.3,IN,,Unsecured,Current,0,15,,No,55,10,15,0,0,21.2,B,Moderate-Low,0.015,0.75,357.64,0.0113
LN00332,Personal,Education,2022-03-15,2025-02-27,63000,36,13.06,2124.54,20997.9,0.3333,624,0.2034,,36088,Employed,2.9,MI,,Unsecured,Severely Delinquent,6,24,,No,55,10,15,15,100,42.8,C,Moderate,0.04,0.75,629.94,0.03
LN00333,Personal,Other,2022-08-30,2026-08-09,42000,48,12.36,1113.46,21000.0,0.5,672,0.1352,,44481,Employed,0.5,CA,,Unsecured,Current,0,24,,No,35,0,15,25,0,15.2,B,Moderate-Low,0.015,0.75,236.25,0.0112
LN00334,Personal,Other,2023-04-10,2028-03-14,26500,60,11.83,587.2,18992.55,0.7167,730,0.4983,,71622,Self-Employed,8.9,MI,,Unsecured,Current,0,17,,No,20,55,15,30,0,25.0,B,Moderate-Low,0.015,0.75,213.67,0.0113
LN00335,Personal,Other,2021-06-27,2026-06-01,13000,60,12.07,289.64,4767.1,0.3667,722,0.3911,,73851,Employed,0.5,MD,,Unsecured,Current,0,38,,No,20,35,15,25,0,19.5,B,Moderate-Low,0.015,0.75,53.63,0.0113
LN00336,Personal,Vacation,2020-12-15,2025-11-19,31000,60,11.45,680.99,8782.3,0.2833,763,0.162,,50457,Self-Employed,2.1,WI,,Unsecured,Delinquent,2,43,,No,10,0,15,40,55,20.2,B,Moderate-Low,0.015,0.75,98.8,0.0112
LN00337,Personal,Debt Consolidation,2020-03-05,2023-02-18,59500,36,12.17,1981.09,2975.0,0.05,702,0.3523,,75015,Retired,3.0,MD,,Unsecured,Current,0,36,,No,20,20,15,25,0,15.8,B,Moderate-Low,0.015,0.75,33.47,0.0113
LN00338,Personal,Vacation,2022-06-22,2024-06-11,38500,24,12.26,1817.01,1925.0,0.05,660,0.2814,,66848,Employed,3.9,NJ,,Unsecured,Current,0,24,,No,35,20,15,15,0,19.2,B,Moderate-Low,0.015,0.75,21.66,0.0113
LN00339,Personal,Other,2022-10-24,2027-09-28,18500,60,11.96,411.15,11716.05,0.6333,691,0.2383,,82071,Retired,5.8,WI,,Unsecured,Current,0,22,,No,35,10,15,15,0,16.8,B,Moderate-Low,0.015,0.75,131.81,0.0113
LN00340,Personal,Other,2022-11-28,2025-11-12,49500,36,11.72,1637.5,20626.65,0.4167,719,0.3635,,148226,Employed,6.7,OH,,Unsecured,Current,0,21,,No,20,35,15,5,0,17.5,B,Moderate-Low,0.015,0.75,232.05,0.0113
LN00341,Personal,Education,2021-10-04,2026-09-08,37500,60,13.14,855.93,15626.25,0.4167,629,0.3239,,38995,Employed,7.4,PA,,Unsecured,Current,0,35,,No,55,20,15,5,0,24.2,B,Moderate-Low,0.015,0.75,175.8,0.0113
LN00342,Personal,Home Improvement,2023-10-16,2027-09-25,21500,48,13.44,581.5,17021.55,0.7917,608,0.3469,,67649,Employed,6.8,NC,,Unsecured,Current,0,10,,No,75,20,15,5,0,30.2,C,Moderate,0.04,0.75,510.65,0.03
LN00343,Personal,Medical,2023-02-16,2027-01-26,43000,48,12.95,1152.52,26875.0,0.625,675,0.3256,,61161,Employed,0.5,MI,,Unsecured,Current,0,18,,No,35,20,15,25,0,20.2,B,Moderate-Low,0.015,0.75,302.34,0.0112
LN00344,Personal,Medical,2023-11-14,2026-10-29,21500,36,12.56,719.87,16125.0,0.75,674,0.3759,,39494,Employed,1.3,TN,,Unsecured,Current,0,9,,No,35,35,15,25,0,24.0,B,Moderate-Low,0.015,0.75,181.41,0.0113
LN00345,Personal,Vacation,2020-09-06,2024-08-16,10000,48,13.11,268.82,500.0,0.05,570,0.5079,,92142,Self-Employed,23.8,MD,,Unsecured,Current,0,48,,No,100,80,15,25,0,54.8,D,High,0.1,0.75,37.5,0.075
LN00346,Personal,Medical,2024-05-02,2028-04-11,73000,48,11.96,1920.94,66919.1,0.9167,731,0.3389,,54689,Employed,1.1,IL,,Unsecured,Current,0,4,,No,20,20,15,25,0,15.8,B,Moderate-Low,0.015,0.75,752.84,0.0113
LN00347,Personal,Home Improvement,2022-06-24,2026-06-03,51500,48,10.08,1308.15,23602.45,0.4583,825,0.389,,66472,Self-Employed,5.0,NC,,Unsecured,Current,0,26,,No,0,35,15,30,0,14.0,A,Low Risk,0.005,0.75,88.51,0.0038
LN00348,Personal,Education,2023-02-25,2027-02-04,21000,48,12.15,554.56,13125.0,0.625,689,0.3887,,159712,Employed,1.5,NC,,Unsecured,Current,0,18,,No,35,35,15,25,0,24.0,B,Moderate-Low,0.015,0.75,147.66,0.0113
LN00349,Personal,Home Improvement,2020-04-13,2023-03-29,35000,36,11.53,1154.66,1750.0,0.05,756,0.2978,,58334,Employed,3.9,IN,,Unsecured,Current,0,36,,No,10,20,15,15,0,11.8,A,Low Risk,0.005,0.75,6.56,0.0037
LN00350,Personal,Debt Consolidation,2022-04-26,2024-04-15,69000,24,12.31,3258.07,3450.0,0.05,630,0.2819,,86638,Self-Employed,0.5,NJ,,Unsecured,Current,0,24,,No,55,20,15,50,0,28.8,B,Moderate-Low,0.015,0.75,38.81,0.0112
LN00351,Personal,Vacation,2023-02-01,2025-01-21,69000,24,12.57,3266.47,14372.7,0.2083,641,0.4555,,141584,Employed,5.2,PA,,Unsecured,Current,0,19,,No,55,55,15,5,0,33.0,C,Moderate,0.04,0.75,431.18,0.03
LN00352,Personal,Other,2024-03-28,2027-03-13,30000,36,10.52,975.36,25833.0,0.8611,779,0.3666,,54386,Employed,1.6,MI,,Unsecured,Current,0,5,,No,10,35,15,25,0,16.5,B,Moderate-Low,0.015,0.75,290.62,0.0112
LN00353,Personal,Other,2023-08-28,2025-08-17,71500,24,12.48,3381.8,35750.0,0.5,691,0.3065,,45389,Employed,3.4,MD,,Unsecured,Current,0,12,,No,35,20,15,15,0,19.2,B,Moderate-Low,0.015,0.75,402.19,0.0113
LN00354,Personal,Debt Consolidation,2022-05-05,2025-04-19,29500,36,12.11,981.37,6554.9,0.2222,731,0.2724,,272968,Retired,17.6,PA,,Unsecured,Current,0,28,,No,20,10,15,10,0,11.8,A,Low Risk,0.005,0.75,24.58,0.0037
LN00355,Personal,Debt Consolidation,2021-01-16,2025-12-21,39500,60,13.0,898.75,10534.65,0.2667,675,0.3298,,115939,Retired,5.4,MI,,Unsecured,Current,0,44,,No,35,20,15,15,0,19.2,B,Moderate-Low,0.015,0.75,118.51,0.0112
LN00356,Personal,Other,2021-11-17,2023-11-07,9500,24,12.9,451.2,475.0,0.05,648,0.3122,,43778,Employed,17.0,MI,,Unsecured,Current,0,24,,No,55,20,15,0,0,23.8,B,Moderate-Low,0.015,0.75,5.34,0.0112
LN00357,Personal,Debt Consolidation,2022-10-29,2025-10-13,28000,36,14.66,965.97,10889.2,0.3889,500,0.3849,,80779,Employed,8.8,MA,,Unsecured,Current,0,22,,No,100,35,15,5,0,41.5,C,Moderate,0.04,0.75,326.68,0.03
LN00358,Personal,Other,2024-02-06,2027-01-21,24500,36,13.51,831.53,20415.85,0.8333,618,0.352,,90339,Employed,0.5,MA,,Unsecured,Current,0,6,,No,75,20,15,25,0,32.2,C,Moderate,0.04,0.75,612.48,0.03
LN00359,Personal,Education,2024-02-17,2026-02-06,73000,24,11.92,3433.64,54750.0,0.75,716,0.2836,,57318,Self-Employed,2.2,NJ,,Unsecured,Current,0,6,,No,20,20,15,40,0,17.2,B,Moderate-Low,0.015,0.75,615.94,0.0113
LN00360,Personal,Education,2023-06-05,2026-05-20,64000,36,13.48,2171.24,37331.2,0.5833,612,0.441,,50286,Self-Employed,2.2,WA,,Unsecured,Current,0,15,,No,75,55,15,40,0,42.5,C,Moderate,0.04,0.75,1119.94,0.03
LN00361,Personal,Home Improvement,2022-03-31,2024-03-20,30500,24,11.34,1426.36,1525.0,0.05,779,0.2969,,44775,Employed,9.9,NY,,Unsecured,Current,0,24,,No,10,20,15,5,0,10.8,A,Low Risk,0.005,0.75,5.72,0.0038
LN00362,Personal,Home Improvement,2021-05-23,2025-05-02,43000,48,11.0,1111.36,8062.5,0.1875,799,0.285,,30944,Employed,1.1,CA,,Unsecured,Current,0,39,,No,0,20,15,25,0,9.8,A,Low Risk,0.005,0.75,30.23,0.0037
LN00363,Personal,Education,2021-11-06,2025-10-16,25500,48,11.25,662.16,7438.35,0.2917,721,0.3894,,147384,Employed,8.5,MI,,Unsecured,Current,0,34,,No,20,35,15,5,0,17.5,B,Moderate-Low,0.015,0.75,83.68,0.0112
LN00364,Personal,Debt Consolidation,2023-08-31,2027-08-10,70000,48,12.26,1852.32,52500.0,0.75,692,0.1543,,45338,Self-Employed,7.2,VA,,Unsecured,Current,0,12,,No,35,0,15,30,0,15.8,B,Moderate-Low,0.015,0.75,590.62,0.0112
LN00365,Personal,Education,2021-09-20,2026-08-25,56000,60,12.72,1266.16,23335.2,0.4167,665,0.359,,179441,Employed,1.9,PA,,Unsecured,Current,0,35,,No,35,20,15,25,0,20.2,B,Moderate-Low,0.015,0.75,262.52,0.0112
LN00366,Personal,Home Improvement,2023-08-01,2025-07-21,73000,24,12.22,3443.87,33455.9,0.4583,649,0.2376,,95799,Employed,7.2,MI,,Unsecured,Current,0,13,,No,55,10,15,5,0,21.8,B,Moderate-Low,0.015,0.75,376.38,0.0113
LN00367,Personal,Education,2022-09-06,2025-08-21,31500,36,12.08,1047.45,10498.95,0.3333,724,0.3368,,168931,Employed,9.3,IL,,Unsecured,Current,0,24,,No,20,20,15,5,0,13.8,A,Low Risk,0.005,0.75,39.37,0.0037
LN00368,Personal,Education,2023-12-08,2028-11-11,21000,60,13.05,478.35,18200.7,0.8667,636,0.3374,,150574,Retired,10.2,MO,,Unsecured,Current,0,8,,No,55,20,15,10,0,24.8,B,Moderate-Low,0.015,0.75,204.76,0.0113
LN00369,Personal,Debt Consolidation,2023-10-25,2026-10-09,55000,36,11.51,1813.94,39721.0,0.7222,727,0.3376,,74973,Retired,1.2,WI,,Unsecured,Current,0,10,,No,20,20,15,35,0,16.8,B,Moderate-Low,0.015,0.75,446.86,0.0112
LN00370,Personal,Education,2020-06-08,2024-05-18,65500,48,11.89,1721.33,3275.0,0.05,708,0.2584,,146294,Employed,2.2,MD,,Unsecured,Current,0,48,,No,20,10,15,15,0,12.2,A,Low Risk,0.005,0.75,12.28,0.0037
LN00371,Personal,Vacation,2020-12-02,2023-11-17,22500,36,11.84,745.6,1125.0,0.05,742,0.421,,60113,Retired,5.1,NJ,,Unsecured,Current,0,36,,No,10,35,15,15,0,15.5,B,Moderate-Low,0.015,0.75,12.66,0.0113
LN00372,Personal,Education,2024-01-08,2026-12-23,29500,36,11.72,975.88,23765.2,0.8056,695,0.2587,,53109,Employed,2.4,MD,,Unsecured,Current,0,7,,No,35,10,15,15,0,16.8,B,Moderate-Low,0.015,0.75,267.36,0.0113
LN00373,Personal,Vacation,2022-07-17,2024-07-06,52500,24,12.11,2474.06,2625.0,0.05,642,0.299,,157450,Employed,0.5,IL,,Unsecured,Current,0,24,,No,55,20,15,25,0,26.2,B,Moderate-Low,0.015,0.75,29.53,0.0112
LN00374,Personal,Vacation,2023-10-09,2028-09-12,49000,60,12.2,1094.94,40831.7,0.8333,730,0.4478,,67728,Self-Employed,3.3,MI,,Unsecured,Current,0,10,,No,20,55,15,40,0,26.0,B,Moderate-Low,0.015,0.75,459.36,0.0113
LN00375,Personal,Debt Consolidation,2024-03-07,2026-02-25,35000,24,12.22,1651.17,27709.5,0.7917,658,0.2639,,83294,Employed,0.5,OH,,Unsecured,Current,0,5,,No,55,10,15,25,0,23.8,B,Moderate-Low,0.015,0.75,311.73,0.0112
LN00376,Personal,Debt Consolidation,2023-12-05,2027-11-14,54000,48,13.17,1453.25,43875.0,0.8125,590,0.4659,,76018,Employed,2.6,FL,,Unsecured,Current,0,9,,No,75,55,15,15,0,40.0,C,Moderate,0.04,0.75,1316.25,0.03
LN00377,Personal,Home Improvement,2020-03-05,2025-02-07,23500,60,13.0,534.7,2350.0,0.1,577,0.3389,,52838,Employed,6.4,MI,,Unsecured,Current,0,54,,No,100,20,15,5,0,37.8,C,Moderate,0.04,0.75,70.5,0.03
LN00378,Personal,Vacation,2022-02-22,2026-02-01,11000,48,12.22,290.86,4125.0,0.375,696,0.3321,,89140,Retired,5.9,MA,,Unsecured,Current,0,30,,No,35,20,15,15,0,19.2,B,Moderate-Low,0.015,0.75,46.41,0.0113
LN00379,Personal,Medical,2023-10-30,2025-10-19,54000,24,12.94,2565.74,31498.2,0.5833,592,0.4097,,110731,Employed,2.3,MO,,Unsecured,Current,0,10,,No,75,35,15,15,0,35.0,C,Moderate,0.04,0.75,944.95,0.03
LN00380,Personal,Other,2023-01-05,2025-12-20,46000,36,11.74,1522.15,20442.4,0.4444,739,0.3192,,33919,Employed,6.8,WA,,Unsecured,Current,0,20,,No,20,20,15,5,0,13.8,A,Low Risk,0.005,0.75,76.66,0.0038
LN00381,Personal,Vacation,2024-03-28,2026-03-18,36500,24,12.64,1729.11,28897.05,0.7917,672,0.2177,,71557,Contract,3.1,CA,,Unsecured,Current,0,5,,No,35,10,15,35,0,18.8,B,Moderate-Low,0.015,0.75,325.09,0.0112
LN00382,Personal,Home Improvement,2021-04-15,2026-03-20,57000,60,12.51,1282.67,18051.9,0.3167,661,0.2716,,90239,Employed,3.4,GA,,Unsecured,Current,0,41,,No,35,10,15,15,0,16.8,B,Moderate-Low,0.015,0.75,203.08,0.0112
LN00383,Personal,Other,2024-01-24,2027-01-08,49500,36,13.17,1671.91,39877.2,0.8056,657,0.481,,32751,Employed,7.5,NY,,Unsecured,Current,0,7,,No,55,55,15,5,0,33.0,C,Moderate,0.04,0.75,1196.32,0.03
LN00384,Personal,Education,2021-05-07,2023-04-27,22000,24,11.56,1031.1,1100.0,0.05,716,0.2818,,97146,Employed,3.7,OH,,Unsecured,Current,0,24,,No,20,20,15,15,0,14.8,A,Low Risk,0.005,0.75,4.12,0.0037
LN00385,Personal,Debt Consolidation,2023-05-09,2028-04-12,71500,60,11.7,1579.66,52430.95,0.7333,741,0.2898,,153833,Employed,9.8,TX,,Unsecured,Current,0,16,,No,10,20,15,5,0,10.8,A,Low Risk,0.005,0.75,196.62,0.0038
LN00386,Personal,Debt Consolidation,2021-04-24,2026-03-29,56500,60,13.76,1307.64,18831.45,0.3333,584,0.4586,,81095,Employed,0.5,MO,,Unsecured,Current,0,40,,No,75,55,15,25,0,41.0,C,Moderate,0.04,0.75,564.94,0.03
LN00387,Personal,Education,2021-04-24,2025-04-03,23500,48,12.55,625.21,3917.45,0.1667,741,0.4221,,65863,Employed,13.5,MD,,Unsecured,Current,0,40,,No,10,35,15,0,0,14.0,A,Low Risk,0.005,0.75,14.69,0.0037
LN00388,Personal,Education,2021-09-10,2024-08-25,22000,36,10.92,719.42,1100.0,0.05,773,0.5057,,100769,Contract,3.3,IL,,Unsecured,Current,0,36,,No,10,80,15,35,0,28.8,B,Moderate-Low,0.015,0.75,12.38,0.0113
LN00389,Personal,Education,2021-09-07,2026-08-12,36000,60,10.78,778.78,14400.0,0.4,839,0.2867,,49844,Employed,2.1,NC,,Unsecured,Current,0,36,,No,0,20,15,15,0,8.8,A,Low Risk,0.005,0.75,54.0,0.0038
LN00390,Personal,Medical,2023-02-12,2028-01-17,12000,60,12.84,272.06,8400.0,0.7,638,0.4056,,73280,Employed,3.2,TN,,Unsecured,Current,0,18,,No,55,35,15,15,0,29.0,B,Moderate-Low,0.015,0.75,94.5,0.0112
LN00391,Personal,Medical,2023-11-27,2027-11-06,9500,48,13.25,256.04,7718.75,0.8125,595,0.3223,,109820,Employed,6.5,AZ,,Unsecured,Current,0,9,,No,75,20,15,5,0,30.2,C,Moderate,0.04,0.75,231.56,0.03
LN00392,Personal,Home Improvement,2024-03-25,2027-03-10,25000,36,12.23,833.11,21527.5,0.8611,700,0.283,,79415,Employed,1.7,MO,,Unsecured,Current,0,5,,No,20,20,15,25,0,15.8,B,Moderate-Low,0.015,0.75,242.18,0.0112
LN00393,Personal,Vacation,2022-08-06,2025-07-21,62500,36,9.77,2009.96,19100.0,0.3056,850,0.2219,,136262,Employed,2.2,TX,,Unsecured,Current,0,25,,No,0,10,15,15,0,6.2,A,Low Risk,0.005,0.75,71.62,0.0037
LN00394,Personal,Other,2021-05-12,2026-04-16,66000,60,13.26,1510.5,21997.8,0.3333,604,0.4007,,36986,Employed,3.0,NC,,Unsecured,Current,0,40,,No,75,35,15,15,0,35.0,C,Moderate,0.04,0.75,659.93,0.03
LN00395,Personal,Home Improvement,2022-01-29,2027-01-03,52000,60,11.94,1155.14,25131.6,0.4833,703,0.3678,,325341,Employed,11.7,FL,,Unsecured,Current,0,31,,No,20,35,15,0,0,17.0,B,Moderate-Low,0.015,0.75,282.73,0.0112
LN00396,Personal,Debt Consolidation,2022-02-11,2026-01-21,52000,48,12.72,1387.81,18418.4,0.3542,660,0.2526,,162016,Employed,7.1,WI,,Unsecured,Current,0,31,,No,35,10,15,5,0,15.8,B,Moderate-Low,0.015,0.75,207.21,0.0113
LN00397,Personal,Medical,2022-09-08,2025-08-23,41000,36,12.97,1380.86,13665.3,0.3333,658,0.419,,63098,Retired,0.5,OH,,Unsecured,Current,0,24,,No,55,35,15,35,0,31.0,C,Moderate,0.04,0.75,409.96,0.03
LN00398,Personal,Debt Consolidation,2021-03-09,2023-02-27,20500,24,12.37,968.55,1025.0,0.05,668,0.278,,90443,Contract,5.6,OH,,Unsecured,Current,0,24,,No,35,10,15,25,0,17.8,B,Moderate-Low,0.015,0.75,11.53,0.0112
LN00399,Personal,Vacation,2023-11-25,2026-11-09,34000,36,14.3,1167.0,25500.0,0.75,586,0.4268,,55139,Self-Employed,4.7,WI,,Unsecured,Current,0,9,,No,75,35,15,40,0,37.5,C,Moderate,0.04,0.75,765.0,0.03
LN00400,Personal,Education,2024-05-07,2028-04-16,33500,48,10.73,861.44,31406.25,0.9375,771,0.3345,,123947,Employed,6.0,MI,,Unsecured,Current,0,3,,No,10,20,15,5,0,10.8,A,Low Risk,0.005,0.75,117.77,0.0037
LN00401,Personal,Vacation,2021-06-19,2025-05-29,28500,48,13.25,768.12,5343.75,0.1875,613,0.2695,,76331,Employed,7.1,VA,,Unsecured,Current,0,39,,No,75,10,15,5,0,27.8,B,Moderate-Low,0.015,0.75,60.12,0.0113
LN00402,Personal,Medical,2024-01-19,2026-01-08,40500,24,12.72,1920.12,28686.15,0.7083,654,0.3306,,38475,Self-Employed,0.5,TN,,Unsecured,Current,0,7,,No,55,20,15,50,0,28.8,B,Moderate-Low,0.015,0.75,322.72,0.0113
LN00403,Personal,Other,2021-10-02,2025-09-11,22500,48,10.7,578.25,7031.25,0.3125,850,0.4471,,41940,Retired,7.7,MD,,Unsecured,Delinquent,2,33,,No,0,55,15,15,55,28.5,B,Moderate-Low,0.015,0.75,79.1,0.0112
LN00404,Personal,Education,2021-06-18,2023-06-08,38500,24,11.24,1798.69,1925.0,0.05,783,0.3627,,78120,Retired,9.4,MO,,Unsecured,Current,0,24,,No,0,35,15,15,0,12.5,A,Low Risk,0.005,0.75,7.22,0.0038
LN00405,Personal,Vacation,2020-11-08,2024-10-18,32000,48,13.38,864.53,1600.0,0.05,591,0.2808,,66072,Employed,13.9,OH,,Unsecured,Current,0,46,,No,75,20,15,0,0,29.8,B,Moderate-Low,0.015,0.75,18.0,0.0112
LN00406,Personal,Vacation,2023-02-01,2028-01-06,9500,60,12.49,213.68,6491.35,0.6833,669,0.38,,117049,Employed,0.5,NJ,,Unsecured,Current,0,19,,No,35,35,15,25,0,24.0,B,Moderate-Low,0.015,0.75,73.03,0.0113
LN00407,Personal,Other,2020-12-10,2025-11-14,20000,60,11.39,438.75,5000.0,0.25,780,0.1839,,57185,Employed,2.8,VA,,Unsecured,Current,0,45,,No,0,0,15,15,0,3.8,A,Low Risk,0.005,0.75,18.75,0.0038
LN00408,Personal,Debt Consolidation,2023-01-15,2025-12-30,50500,36,12.29,1684.33,23846.1,0.4722,675,0.4809,,53701,Employed,0.5,TX,,Unsecured,Current,0,19,,No,35,55,15,25,0,29.0,B,Moderate-Low,0.015,0.75,268.27,0.0113
LN00409,Personal,Home Improvement,2022-04-24,2024-04-13,61000,24,11.64,2861.24,3050.0,0.05,738,0.3203,,41405,Self-Employed,4.8,IL,,Unsecured,Current,0,24,,No,20,20,15,40,0,17.2,B,Moderate-Low,0.015,0.75,34.31,0.0112
LN00410,Personal,Medical,2020-01-19,2023-01-03,41000,36,11.22,1346.56,2050.0,0.05,794,0.3933,,89978,Employed,6.7,OH,,Unsecured,Current,0,36,,No,0,35,15,5,0,11.5,A,Low Risk,0.005,0.75,7.69,0.0038
LN00411,Personal,Education,2023-09-12,2028-08-16,67000,60,10.77,1449.07,54718.9,0.8167,795,0.2977,,103668,Employed,14.3,TN,,Unsecured,Current,0,11,,No,0,20,15,0,0,7.2,A,Low Risk,0.005,0.75,205.2,0.0038
LN00412,Personal,Education,2020-02-04,2022-01-24,45500,24,11.86,2138.87,2275.0,0.05,730,0.3996,,150370,Self-Employed,1.0,IN,,Unsecured,Current,0,24,,No,20,35,15,50,0,22.0,B,Moderate-Low,0.015,0.75,25.59,0.0112
LN00413,Personal,Home Improvement,2022-10-25,2024-10-14,26500,24,10.34,1227.0,2207.45,0.0833,825,0.2636,,65576,Self-Employed,1.5,AZ,,Unsecured,Current,0,22,,No,0,10,15,50,0,9.8,A,Low Risk,0.005,0.75,8.28,0.0038
LN00414,Personal,Education,2022-12-09,2024-11-28,10000,24,11.48,468.31,1250.0,0.125,753,0.2258,,67617,Employed,2.9,IL,,Unsecured,Current,0,21,,No,10,10,15,15,0,9.2,A,Low Risk,0.005,0.75,4.69,0.0038
LN00415,Personal,Vacation,2021-07-01,2025-06-10,53000,48,12.11,1398.56,11039.9,0.2083,728,0.2843,,122429,Employed,16.8,WA,,Unsecured,Current,0,38,,No,20,20,15,0,0,13.2,A,Low Risk,0.005,0.75,41.4,0.0038
LN00416,Personal,Debt Consolidation,2023-11-28,2026-11-12,53500,36,13.26,1809.33,40125.0,0.75,583,0.2799,,127074,Employed,5.4,GA,,Unsecured,Current,0,9,,No,75,10,15,5,0,27.8,B,Moderate-Low,0.015,0.75,451.41,0.0113
LN00417,Personal,Vacation,2022-04-10,2024-03-30,58000,24,11.71,2722.41,2900.0,0.05,753,0.3797,,39487,Employed,0.6,WA,,Unsecured,Current,0,24,,No,10,35,15,25,0,16.5,B,Moderate-Low,0.015,0.75,32.62,0.0112
LN00418,Personal,Other,2023-12-10,2025-11-29,23000,24,13.06,1094.11,16290.9,0.7083,618,0.3065,,149846,Self-Employed,12.7,TN,,Unsecured,Late,1,7,,No,75,20,15,25,30,38.2,C,Moderate,0.04,0.75,488.73,0.03
LN00419,Personal,Other,2022-12-17,2024-12-06,27500,24,11.8,1291.95,4584.25,0.1667,716,0.3453,,33443,Employed,13.1,TX,,Unsecured,Current,0,20,,No,20,20,15,0,0,13.2,A,Low Risk,0.005,0.75,17.19,0.0037
LN00420,Personal,Medical,2020-04-05,2024-03-15,45000,48,11.88,1182.37,2250.0,0.05,740,0.2988,,63188,Self-Employed,0.6,FL,,Unsecured,Current,0,48,,No,10,20,15,50,0,15.2,B,Moderate-Low,0.015,0.75,25.31,0.0112
LN00421,Personal,Education,2021-10-06,2024-09-20,6500,36,11.45,214.19,325.0,0.05,746,0.2546,,99333,Contract,9.2,CA,,Unsecured,Current,0,35,,No,10,10,15,25,0,10.2,A,Low Risk,0.005,0.75,1.22,0.0038
LN00422,Personal,Home Improvement,2020-06-06,2025-05-11,6000,60,14.13,140.01,900.0,0.15,554,0.2508,,100736,Employed,5.9,MI,,Unsecured,Current,0,51,,No,100,10,15,5,0,35.2,C,Moderate,0.04,0.75,27.0,0.03
LN00423,Personal,Other,2022-02-25,2026-02-04,65500,48,12.28,1733.88,24562.5,0.375,719,0.4985,,126183,Self-Employed,5.2,IL,,Unsecured,Current,0,30,,No,20,55,15,30,0,25.0,B,Moderate-Low,0.015,0.75,276.33,0.0113
LN00424,Personal,Debt Consolidation,2020-04-19,2024-03-29,46500,48,10.41,1188.54,2325.0,0.05,822,0.2233,,57178,Employed,15.9,NY,,Unsecured,Current,0,48,,No,0,10,15,0,0,4.8,A,Low Risk,0.005,0.75,8.72,0.0038
LN00425,Personal,Medical,2024-05-03,2029-04-07,46500,60,12.25,1040.25,43398.45,0.9333,717,0.3876,,25590,Employed,3.6,NJ,,Unsecured,Current,0,4,,No,20,35,15,15,0,18.5,B,Moderate-Low,0.015,0.75,488.23,0.0112
LN00426,Personal,Vacation,2021-04-12,2026-03-17,16500,60,11.09,359.49,5225.55,0.3167,779,0.3787,,131342,Employed,7.0,VA,,Unsecured,Current,0,41,,No,10,35,15,5,0,14.5,A,Low Risk,0.005,0.75,19.6,0.0038
LN00427,Personal,Debt Consolidation,2023-10-24,2026-10-08,49500,36,11.13,1623.62,35748.9,0.7222,765,0.2755,,143019,Self-Employed,1.2,MD,,Unsecured,Current,0,10,,No,10,10,15,50,0,12.8,A,Low Risk,0.005,0.75,134.06,0.0038
LN00428,Personal,Other,2023-12-31,2026-12-15,16500,36,12.77,554.12,13292.4,0.8056,660,0.4171,,181674,Employed,9.1,NC,,Unsecured,Late,1,7,,No,35,35,15,5,30,28.0,B,Moderate-Low,0.015,0.75,149.54,0.0113
LN00429,Personal,Debt Consolidation,2021-10-10,2026-09-14,72000,60,11.01,1565.81,30002.4,0.4167,806,0.3657,,112082,Employed,4.0,VA,,Unsecured,Current,0,35,,No,0,35,15,15,0,12.5,A,Low Risk,0.005,0.75,112.51,0.0038
LN00430,Personal,Debt Consolidation,2022-01-07,2026-12-12,69000,60,13.43,1585.19,32202.3,0.4667,607,0.2115,,62550,Employed,5.4,NC,,Unsecured,Current,0,32,,No,75,10,15,5,0,27.8,B,Moderate-Low,0.015,0.75,362.28,0.0113
LN00431,Personal,Vacation,2022-07-08,2027-06-12,10500,60,12.46,236.01,5950.35,0.5667,655,0.3352,,67817,Employed,12.8,MO,,Unsecured,Current,0,26,,No,55,20,15,0,0,23.8,B,Moderate-Low,0.015,0.75,66.94,0.0112
LN00432,Personal,Education,2020-07-02,2022-06-22,67000,24,11.8,3147.67,3350.0,0.05,714,0.3721,,109053,Employed,8.0,VA,,Unsecured,Current,0,24,,No,20,35,15,5,0,17.5,B,Moderate-Low,0.015,0.75,37.69,0.0113
LN00433,Personal,Debt Consolidation,2020-01-26,2024-12-30,73000,60,11.74,1614.27,4869.1,0.0667,757,0.3556,,53327,Employed,11.3,MI,,Unsecured,Current,0,56,,No,10,20,15,0,0,10.2,A,Low Risk,0.005,0.75,18.26,0.0038
LN00434,Personal,Medical,2023-11-04,2026-10-19,70500,36,12.51,2358.82,50915.1,0.7222,676,0.3674,,57393,Employed,2.9,WA,,Unsecured,Current,0,10,,No,35,35,15,15,0,23.0,B,Moderate-Low,0.015,0.75,572.79,0.0112
LN00435,Personal,Vacation,2022-10-06,2026-09-15,16500,48,12.27,436.7,8593.2,0.5208,676,0.3007,,33714,Employed,21.7,IL,,Unsecured,Current,0,23,,No,35,20,15,0,0,17.8,B,Moderate-Low,0.015,0.75,96.67,0.0112
LN00436,Personal,Medical,2021-09-05,2026-08-10,25500,60,14.18,595.72,10200.0,0.4,562,0.2974,,58022,Self-Employed,0.8,TN,,Unsecured,Current,0,36,,No,100,20,15,50,0,42.2,C,Moderate,0.04,0.75,306.0,0.03
LN00437,Personal,Home Improvement,2024-01-16,2026-12-31,19500,36,12.99,656.94,15709.2,0.8056,632,0.306,,38251,Employed,1.0,TN,,Unsecured,Current,0,7,,No,55,20,15,25,0,26.2,B,Moderate-Low,0.015,0.75,176.73,0.0113
LN00438,Personal,Vacation,2020-10-04,2022-09-24,44000,24,11.37,2058.31,2200.0,0.05,756,0.1819,,60468,Employed,0.9,MI,,Unsecured,Current,0,24,,No,10,0,15,25,0,7.8,A,Low Risk,0.005,0.75,8.25,0.0038
LN00439,Personal,Other,2021-11-05,2026-10-10,24000,60,11.66,529.75,10399.2,0.4333,703,0.3664,,281114,Employed,0.5,MA,,Unsecured,Current,0,34,,No,20,35,15,25,0,19.5,B,Moderate-Low,0.015,0.75,116.99,0.0112
LN00440,Personal,Home Improvement,2021-10-18,2025-09-27,55500,48,13.0,1488.93,16189.35,0.2917,548,0.2524,,60059,Retired,6.6,WI,,Unsecured,Current,0,34,,No,100,10,15,15,0,36.2,C,Moderate,0.04,0.75,485.68,0.03
LN00441,Personal,Medical,2020-12-29,2024-12-08,63500,48,11.02,1641.81,5289.55,0.0833,726,0.3686,,87936,Contract,13.2,WA,,Unsecured,Current,0,44,,No,20,35,15,20,0,19.0,B,Moderate-Low,0.015,0.75,59.51,0.0113
LN00442,Personal,Vacation,2021-10-29,2024-10-13,39000,36,13.26,1318.95,2168.4,0.0556,601,0.4804,,56971,Employed,10.9,WA,,Unsecured,Current,0,34,,No,75,55,15,0,0,38.5,C,Moderate,0.04,0.75,65.05,0.03
LN00443,Personal,Education,2023-02-28,2025-02-17,36500,24,11.0,1701.19,9125.0,0.25,761,0.1988,,60885,Employed,0.8,OH,,Unsecured,Current,0,18,,No,10,0,15,25,0,7.8,A,Low Risk,0.005,0.75,34.22,0.0038
LN00444,Personal,Home Improvement,2024-01-29,2026-01-18,50000,24,13.07,2378.74,35415.0,0.7083,709,0.31,,39044,Retired,4.8,MA,,Unsecured,Current,0,7,,No,20,20,15,25,0,15.8,B,Moderate-Low,0.015,0.75,398.42,0.0113
LN00445,Personal,Vacation,2023-11-19,2027-10-29,17500,48,10.46,447.72,14218.75,0.8125,800,0.3502,,40786,Self-Employed,1.5,FL,,Unsecured,Current,0,9,,No,0,20,15,50,0,12.2,A,Low Risk,0.005,0.75,53.32,0.0037
LN00446,Personal,Other,2023-07-21,2026-07-05,72500,36,11.75,2399.39,46320.25,0.6389,723,0.3677,,58971,Employed,0.9,MI,,Unsecured,Current,0,13,,No,20,35,15,25,0,19.5,B,Moderate-Low,0.015,0.75,521.1,0.0112
LN00447,Personal,Education,2024-06-04,2029-05-09,43500,60,11.04,946.66,42051.45,0.9667,781,0.2765,,56579,Employed,9.5,WA,,Unsecured,Current,0,2,,No,0,10,15,5,0,5.2,A,Low Risk,0.005,0.75,157.69,0.0037
LN00448,Personal,Other,2022-12-30,2027-12-04,66000,60,11.49,1451.18,44002.2,0.6667,728,0.2824,,44850,Retired,1.8,IN,,Unsecured,Current,0,20,,No,20,20,15,35,0,16.8,B,Moderate-Low,0.015,0.75,495.02,0.0112
LN00449,Personal,Education,2024-06-07,2026-05-28,37000,24,11.92,1740.34,33917.9,0.9167,730,0.2859,,135197,Self-Employed,0.6,VA,,Unsecured,Current,0,2,,No,20,20,15,50,0,18.2,B,Moderate-Low,0.015,0.75,381.58,0.0113
LN00450,Personal,Medical,2024-04-23,2026-04-13,68500,24,11.18,3198.36,57081.05,0.8333,752,0.2831,,72137,Self-Employed,3.8,GA,,Unsecured,Current,0,4,,No,10,20,15,40,0,14.2,A,Low Risk,0.005,0.75,214.05,0.0037
LN00451,Personal,Medical,2023-02-27,2025-02-16,46500,24,12.57,2201.31,11625.0,0.25,644,0.122,,91935,Contract,8.8,WA,,Unsecured,Current,0,18,,No,55,0,15,25,0,21.2,B,Moderate-Low,0.015,0.75,130.78,0.0112
LN00452,Personal,Education,2020-01-22,2022-01-11,40500,24,10.73,1882.54,2025.0,0.05,777,0.2862,,60920,Employed,14.5,NY,,Unsecured,Current,0,24,,No,10,20,15,0,0,10.2,A,Low Risk,0.005,0.75,7.59,0.0037
LN00453,Personal,Other,2022-02-05,2027-01-10,63500,60,12.45,1427.0,30689.55,0.4833,728,0.1702,,500000,Employed,0.5,WA,,Unsecured,Current,0,31,,No,20,0,15,25,0,10.8,A,Low Risk,0.005,0.75,115.09,0.0038
LN00454,Personal,Vacation,2020-02-20,2024-01-30,24500,48,13.27,660.56,1225.0,0.05,573,0.3658,,62896,Employed,2.9,TN,,Unsecured,Current,0,48,,No,100,35,15,15,0,42.5,C,Moderate,0.04,0.75,36.75,0.03
LN00455,Personal,Medical,2024-02-04,2026-01-24,59000,24,12.77,2798.6,41789.7,0.7083,656,0.2983,,137114,Employed,6.8,IL,,Unsecured,Current,0,7,,No,55,20,15,5,0,24.2,B,Moderate-Low,0.015,0.75,470.13,0.0112
LN00456,Personal,Debt Consolidation,2022-12-03,2025-11-17,6000,36,11.49,197.83,2500.2,0.4167,745,0.2848,,77414,Employed,4.5,TN,,Unsecured,Current,0,21,,No,10,20,15,15,0,11.8,A,Low Risk,0.005,0.75,9.38,0.0038
LN00457,Personal,Other,2021-10-15,2026-09-19,72000,60,12.84,1632.33,30002.4,0.4167,636,0.3267,,106138,Employed,16.2,FL,,Unsecured,Current,0,35,,No,55,20,15,0,0,23.8,B,Moderate-Low,0.015,0.75,337.53,0.0113
LN00458,Personal,Home Improvement,2021-12-03,2023-11-23,64000,24,12.05,3014.2,3200.0,0.05,742,0.2424,,35203,Self-Employed,13.0,NY,,Unsecured,Current,0,24,,No,10,10,15,25,0,10.2,A,Low Risk,0.005,0.75,12.0,0.0038
LN00459,Personal,Vacation,2023-02-04,2026-01-19,74000,36,13.61,2515.15,34942.8,0.4722,623,0.4131,,117906,Employed,2.5,PA,,Unsecured,Current,0,19,,No,55,35,15,15,0,29.0,B,Moderate-Low,0.015,0.75,393.11,0.0113
LN00460,Personal,Home Improvement,2024-06-21,2027-06-06,63000,36,11.83,2087.39,59497.2,0.9444,681,0.274,,49036,Employed,1.2,WA,,Unsecured,Current,0,2,,No,35,10,15,25,0,17.8,B,Moderate-Low,0.015,0.75,669.34,0.0112
LN00461,Personal,Vacation,2020-02-29,2025-02-02,15500,60,11.18,338.4,1550.0,0.1,738,0.3623,,66486,Retired,3.6,WI,,Unsecured,Current,0,54,,No,20,35,15,25,0,19.5,B,Moderate-Low,0.015,0.75,17.44,0.0113
LN00462,Personal,Other,2020-01-10,2024-12-14,57500,60,13.56,1324.84,3835.25,0.0667,566,0.5123,,73492,Employed,5.2,OH,,Unsecured,Current,0,56,,No,100,80,15,5,0,52.8,D,High,0.1,0.75,287.64,0.075
LN00463,Personal,Medical,2024-06-25,2026-06-15,67500,24,12.99,3208.76,61877.25,0.9167,618,0.4178,,175199,Employed,2.3,MO,,Unsecured,Current,0,2,,No,75,35,15,15,0,35.0,C,Moderate,0.04,0.75,1856.32,0.03
LN00464,Personal,Vacation,2020-08-21,2025-07-26,28500,60,13.02,648.75,5224.05,0.1833,607,0.3037,,116074,Self-Employed,10.7,NC,,Unsecured,Current,0,49,,No,75,20,15,25,0,32.2,C,Moderate,0.04,0.75,156.72,0.03
LN00465,Personal,Medical,2023-06-05,2028-05-09,39000,60,12.02,867.93,29250.0,0.75,716,0.192,,54985,Employed,5.4,WA,,Unsecured,Current,0,15,,No,20,0,15,5,0,8.8,A,Low Risk,0.005,0.75,109.69,0.0038
LN00466,Personal,Other,2023-06-18,2028-05-22,68000,60,12.91,1544.08,52135.6,0.7667,599,0.3542,,64914,Self-Employed,7.9,PA,,Unsecured,Current,0,14,,No,75,20,15,30,0,32.8,C,Moderate,0.04,0.75,1564.07,0.03
LN00467,Personal,Home Improvement,2023-10-08,2025-09-27,50500,24,12.25,2383.11,29456.65,0.5833,730,0.358,,80813,Employed,3.1,IL,,Unsecured,Current,0,10,,No,20,20,15,15,0,14.8,A,Low Risk,0.005,0.75,110.46,0.0037
LN00468,Personal,Education,2021-01-09,2022-12-30,37000,24,11.44,1732.06,1850.0,0.05,725,0.3513,,94200,Self-Employed,23.6,VA,,Unsecured,Current,0,24,,No,20,20,15,25,0,15.8,B,Moderate-Low,0.015,0.75,20.81,0.0112
LN00469,Personal,Vacation,2023-05-06,2028-04-09,42000,60,10.78,908.58,30798.6,0.7333,803,0.3384,,98820,Employed,1.1,IL,,Unsecured,Current,0,16,,No,0,20,15,25,0,9.8,A,Low Risk,0.005,0.75,115.49,0.0037
LN00470,Personal,Vacation,2023-07-25,2028-06-28,29000,60,13.97,674.33,23684.3,0.8167,559,0.3414,,97843,Employed,0.5,PA,,Unsecured,Delinquent,2,11,,No,100,20,15,25,55,50.8,D,High,0.1,0.75,1776.32,0.075
LN00471,Personal,Education,2021-01-18,2024-01-03,22500,36,12.07,748.07,1125.0,0.05,658,0.3855,,187933,Self-Employed,2.7,NJ,,Unsecured,Current,0,36,,No,55,35,15,40,0,31.5,C,Moderate,0.04,0.75,33.75,0.03
LN00472,Personal,Vacation,2020-01-20,2023-12-30,30000,48,11.7,785.6,1500.0,0.05,722,0.1642,,90825,Employed,2.4,TN,,Unsecured,Current,0,48,,No,20,0,15,15,0,9.8,A,Low Risk,0.005,0.75,5.62,0.0037
LN00473,Personal,Vacation,2023-11-03,2028-10-07,31500,60,13.81,729.85,26248.95,0.8333,576,0.3096,,25000,Employed,10.4,TN,,Unsecured,Current,0,10,,No,100,20,15,0,0,37.2,C,Moderate,0.04,0.75,787.47,0.03
LN00474,Personal,Home Improvement,2020-06-18,2023-06-03,13000,36,12.87,437.21,650.0,0.05,630,0.3754,,25000,Employed,6.9,MD,,Unsecured,Current,0,36,,No,55,35,15,5,0,28.0,B,Moderate-Low,0.015,0.75,7.31,0.0112
LN00475,Personal,Home Improvement,2021-07-16,2023-07-06,16000,24,12.42,756.32,800.0,0.05,651,0.1423,,74400,Employed,21.3,GA,,Unsecured,Current,0,24,,No,55,0,15,0,0,18.8,B,Moderate-Low,0.015,0.75,9.0,0.0112
LN00476,Personal,Debt Consolidation,2023-01-30,2028-01-04,13000,60,10.39,278.71,8882.9,0.6833,819,0.321,,93858,Employed,16.7,IN,,Unsecured,Current,0,19,,No,0,20,15,0,0,7.2,A,Low Risk,0.005,0.75,33.31,0.0037
LN00477,Personal,Vacation,2023-01-15,2026-12-25,33000,48,11.93,867.88,19938.6,0.6042,646,0.3988,,81806,Self-Employed,10.1,TX,,Unsecured,Current,0,19,,No,55,35,15,25,0,30.0,C,Moderate,0.04,0.75,598.16,0.03
LN00478,Personal,Debt Consolidation,2020-07-28,2025-07-02,29500,60,13.52,679.09,5407.35,0.1833,572,0.3087,,145789,Employed,6.8,GA,,Unsecured,Current,0,49,,No,100,20,15,5,0,37.8,C,Moderate,0.04,0.75,162.22,0.03
LN00479,Personal,Debt Consolidation,2021-12-14,2025-11-23,15500,48,12.57,412.53,4843.75,0.3125,648,0.2454,,80999,Employed,0.5,FL,,Unsecured,Current,0,33,,No,55,10,15,25,0,23.8,B,Moderate-Low,0.015,0.75,54.49,0.0112
LN00480,Personal,Other,2024-02-19,2027-02-03,21000,36,13.71,714.78,17499.3,0.8333,600,0.3565,,63188,Self-Employed,7.9,MD,,Unsecured,Current,0,6,,No,75,20,15,30,0,32.8,C,Moderate,0.04,0.75,524.98,0.03
LN00481,Personal,Home Improvement,2023-06-15,2026-05-30,57500,36,12.71,1929.38,35138.25,0.6111,706,0.2367,,103400,Self-Employed,6.8,IL,,Unsecured,Current,0,14,,No,20,10,15,30,0,13.8,A,Low Risk,0.005,0.75,131.77,0.0038
LN00482,Personal,Home Improvement,2022-12-26,2026-12-05,63000,48,10.88,1624.6,36747.9,0.5833,811,0.3083,,56879,Employed,11.2,NC,,Unsecured,Current,0,20,,No,0,20,15,0,0,7.2,A,Low Risk,0.005,0.75,137.8,0.0037
LN00483,Personal,Education,2021-08-15,2025-07-25,64000,48,14.12,1752.75,14668.8,0.2292,542,0.3327,,41831,Employed,4.3,MD,,Unsecured,Current,0,37,,No,100,20,15,15,0,38.8,C,Moderate,0.04,0.75,440.06,0.03
LN00484,Personal,Other,2024-03-16,2027-03-01,24000,36,11.59,792.45,23332.8,0.9722,740,0.3182,,30263,Contract,23.0,TX,,Unsecured,Severely Delinquent,4,1,,No,10,20,15,20,100,32.2,C,Moderate,0.04,0.75,699.98,0.03
LN00485,Personal,Home Improvement,2021-05-26,2024-05-10,51500,36,12.83,1731.02,2575.0,0.05,682,0.2705,,90201,Self-Employed,17.6,IL,,Unsecured,Current,0,36,,No,35,10,15,25,0,17.8,B,Moderate-Low,0.015,0.75,28.97,0.0113
LN00486,Personal,Other,2020-10-18,2025-09-22,51000,60,10.87,1105.56,11051.7,0.2167,791,0.3392,,57689,Employed,0.8,MD,,Unsecured,Current,0,47,,No,0,20,15,25,0,9.8,A,Low Risk,0.005,0.75,41.44,0.0037
LN00487,Personal,Debt Consolidation,2022-07-14,2027-06-18,34000,60,12.64,767.35,19267.8,0.5667,593,0.3807,,97362,Employed,1.1,FL,,Unsecured,Current,0,26,,No,75,35,15,25,0,36.0,C,Moderate,0.04,0.75,578.03,0.03
LN00488,Personal,Vacation,2023-11-23,2027-11-02,6000,48,10.79,154.46,4875.0,0.8125,802,0.2655,,57641,Employed,5.5,VA,,Unsecured,Current,0,9,,No,0,10,15,5,0,5.2,A,Low Risk,0.005,0.75,18.28,0.0037
LN00489,Personal,Vacation,2024-05-04,2026-04-24,69500,24,12.52,3288.51,57914.35,0.8333,653,0.3806,,53847,Self-Employed,0.5,FL,,Unsecured,Current,0,4,,No,55,35,15,50,0,32.5,C,Moderate,0.04,0.75,1737.43,0.03
LN00490,Personal,Home Improvement,2024-06-17,2026-06-07,45500,24,12.12,2144.39,43602.65,0.9583,696,0.3101,,56388,Contract,9.3,OH,,Unsecured,Late,1,1,,No,35,20,15,25,30,26.2,B,Moderate-Low,0.015,0.75,490.53,0.0113
LN00491,Personal,Education,2021-10-23,2025-10-02,73000,48,12.9,1954.79,21294.1,0.2917,683,0.201,,71769,Employed,1.9,MI,,Unsecured,Current,0,34,,No,35,10,15,25,0,17.8,B,Moderate-Low,0.015,0.75,239.56,0.0113
LN00492,Personal,Other,2024-06-02,2029-05-07,43000,60,13.46,988.54,42281.9,0.9833,613,0.3242,,116682,Employed,3.3,TX,,Unsecured,Delinquent,2,1,,No,75,20,15,15,55,42.2,C,Moderate,0.04,0.75,1268.46,0.03
LN00493,Personal,Debt Consolidation,2020-09-11,2022-09-01,62000,24,11.55,2905.54,3100.0,0.05,722,0.2807,,92505,Employed,0.6,PA,,Unsecured,Current,0,24,,No,20,20,15,25,0,15.8,B,Moderate-Low,0.015,0.75,34.88,0.0113
LN00494,Personal,Medical,2023-11-11,2026-10-26,8500,36,13.7,289.27,6375.0,0.75,541,0.4018,,53905,Retired,3.5,IL,,Unsecured,Current,0,9,,No,100,35,15,25,0,43.5,C,Moderate,0.04,0.75,191.25,0.03
LN00495,Personal,Medical,2020-07-10,2024-06-19,45000,48,13.2,1211.71,2250.0,0.05,612,0.2446,,32349,Employed,8.6,VA,,Unsecured,Current,0,48,,No,75,10,15,5,0,27.8,B,Moderate-Low,0.015,0.75,25.31,0.0112
LN00496,Personal,Home Improvement,2022-03-22,2024-03-11,33500,24,11.84,1574.46,1675.0,0.05,677,0.2754,,67182,Self-Employed,0.5,MI,,Unsecured,Current,0,24,,No,35,10,15,50,0,20.2,B,Moderate-Low,0.015,0.75,18.84,0.0112
LN00497,Personal,Vacation,2023-12-12,2025-12-01,49500,24,12.56,2343.1,33001.65,0.6667,682,0.2639,,59398,Employed,13.0,NY,,Unsecured,Current,0,8,,No,35,10,15,0,0,15.2,B,Moderate-Low,0.015,0.75,371.27,0.0113
LN00498,Personal,Vacation,2023-04-30,2026-04-14,21500,36,11.94,713.49,11945.4,0.5556,666,0.303,,99211,Employed,10.5,GA,,Unsecured,Current,0,16,,No,35,20,15,0,0,17.8,B,Moderate-Low,0.015,0.75,134.39,0.0113
LN00499,Personal,Vacation,2023-11-25,2025-11-14,56500,24,11.21,2638.85,35312.5,0.625,763,0.2467,,94946,Self-Employed,6.7,NJ,,Unsecured,Current,0,9,,No,10,10,15,30,0,10.8,A,Low Risk,0.005,0.75,132.42,0.0037
LN00500,Personal,Other,2020-05-25,2025-04-29,45000,60,13.01,1024.12,5998.5,0.1333,661,0.3892,,65962,Employed,2.1,GA,,Unsecured,Current,0,52,,No,35,35,15,15,0,23.0,B,Moderate-Low,0.015,0.75,67.48,0.0112
LN00501,Personal,Home Improvement,2021-10-03,2023-09-23,28000,24,9.55,1286.25,1400.0,0.05,850,0.2072,,53700,Retired,11.4,VA,,Unsecured,Current,0,24,,No,0,10,15,10,0,5.8,A,Low Risk,0.005,0.75,5.25,0.0038
LN00502,Personal,Education,2023-08-06,2026-07-21,6000,36,11.51,197.88,3833.4,0.6389,759,0.4528,,95933,Employed,0.5,IL,,Unsecured,Current,0,13,,No,10,55,15,25,0,21.5,B,Moderate-Low,0.015,0.75,43.13,0.0113
LN00503,Personal,Other,2022-06-20,2025-06-04,65500,36,13.42,2220.23,18195.9,0.2778,618,0.2814,,52130,Self-Employed,0.8,VA,,Unsecured,Current,0,26,,No,75,20,15,50,0,34.8,C,Moderate,0.04,0.75,545.88,0.03
LN00504,Personal,Debt Consolidation,2023-06-15,2028-05-19,47000,60,13.3,1076.63,36034.9,0.7667,656,0.4132,,114389,Retired,5.1,MA,,Unsecured,Current,0,14,,No,55,35,15,15,0,29.0,B,Moderate-Low,0.015,0.75,405.39,0.0112
LN00505,Personal,Vacation,2024-03-21,2027-03-06,53000,36,14.01,1811.67,45638.3,0.8611,565,0.2875,,56262,Employed,5.9,NY,,Unsecured,Current,0,5,,No,100,20,15,5,0,37.8,C,Moderate,0.04,0.75,1369.15,0.03
LN00506,Personal,Other,2021-10-06,2026-09-10,8000,60,13.08,182.35,3333.6,0.4167,629,0.4285,,104293,Employed,2.5,IL,,Unsecured,Current,0,35,,No,55,35,15,15,0,29.0,B,Moderate-Low,0.015,0.75,37.5,0.0112
LN00507,Personal,Education,2023-02-07,2026-01-22,5500,36,10.71,179.31,2597.1,0.4722,748,0.3024,,71717,Employed,1.8,WI,,Unsecured,Current,0,19,,No,10,20,15,25,0,12.8,A,Low Risk,0.005,0.75,9.74,0.0038
LN00508,Personal,Education,2023-09-10,2025-08-30,17000,24,11.28,794.55,9208.9,0.5417,695,0.4543,,63809,Employed,6.5,MI,,Unsecured,Current,0,11,,No,35,55,15,5,0,27.0,B,Moderate-Low,0.015,0.75,103.6,0.0112
LN00509,Personal,Home Improvement,2021-08-28,2026-08-02,9500,60,13.21,217.18,3800.0,0.4,703,0.3394,,116886,Self-Employed,5.5,TX,,Unsecured,Current,0,36,,No,20,20,15,30,0,16.2,B,Moderate-Low,0.015,0.75,42.75,0.0112
LN00510,Personal,Education,2020-08-18,2025-07-23,55000,60,11.54,1210.7,10081.5,0.1833,737,0.251,,64876,Employed,4.5,GA,,Unsecured,Current,0,49,,No,20,10,15,15,0,12.2,A,Low Risk,0.005,0.75,37.81,0.0038
LN00511,Personal,Education,2022-01-09,2023-12-30,52500,24,12.1,2473.81,2625.0,0.05,735,0.3877,,84887,Employed,2.1,NJ,,Unsecured,Current,0,24,,No,20,35,15,15,0,18.5,B,Moderate-Low,0.015,0.75,29.53,0.0112
LN00512,Personal,Debt Consolidation,2023-01-23,2027-01-02,6000,48,12.34,159.01,3625.2,0.6042,738,0.4334,,41404,Self-Employed,2.3,PA,,Unsecured,Current,0,19,,No,20,55,15,40,0,26.0,B,Moderate-Low,0.015,0.75,40.78,0.0112
LN00513,Personal,Debt Consolidation,2020-01-29,2022-01-18,11500,24,11.48,538.56,575.0,0.05,739,0.2661,,193031,Employed,15.0,NC,,Unsecured,Current,0,24,,No,20,10,15,0,0,10.8,A,Low Risk,0.005,0.75,2.16,0.0038
LN00514,Personal,Vacation,2023-07-11,2027-06-20,59500,48,12.65,1585.92,43387.4,0.7292,632,0.4653,,84420,Self-Employed,0.5,IN,,Unsecured,Current,0,13,,No,55,55,15,50,0,37.5,C,Moderate,0.04,0.75,1301.62,0.03
LN00515,Personal,Home Improvement,2023-08-04,2025-07-24,72000,24,13.1,3426.39,32997.6,0.4583,621,0.4367,,144022,Employed,4.3,MO,,Unsecured,Current,0,13,,No,55,55,15,15,0,34.0,C,Moderate,0.04,0.75,989.93,0.03
LN00516,Personal,Home Improvement,2021-09-26,2023-09-16,32000,24,11.5,1498.89,1600.0,0.05,697,0.4522,,48009,Employed,0.6,FL,,Unsecured,Current,0,24,,No,35,55,15,25,0,29.0,B,Moderate-Low,0.015,0.75,18.0,0.0112
LN00517,Personal,Other,2022-03-11,2026-02-18,66000,48,11.8,1731.56,24750.0,0.375,642,0.4554,,63321,Employed,5.2,MD,,Unsecured,Current,0,30,,No,55,55,15,5,0,33.0,C,Moderate,0.04,0.75,742.5,0.03
LN00518,Personal,Home Improvement,2023-12-01,2027-11-10,52000,48,12.08,1371.4,42250.0,0.8125,647,0.2762,,121457,Self-Employed,2.3,AZ,,Unsecured,Current,0,9,,No,55,10,15,40,0,25.2,B,Moderate-Low,0.015,0.75,475.31,0.0112
LN00519,Personal,Education,2020-06-25,2023-06-10,53500,36,11.51,1764.47,2675.0,0.05,715,0.355,,45754,Employed,8.4,AZ,,Unsecured,Current,0,36,,No,20,20,15,5,0,13.8,A,Low Risk,0.005,0.75,10.03,0.0037
LN00520,Personal,Other,2023-09-26,2027-09-05,18000,48,12.81,481.2,14999.4,0.8333,689,0.3988,,125702,Employed,2.0,PA,,Unsecured,Delinquent,3,8,,No,35,35,15,15,75,38.0,C,Moderate,0.04,0.75,449.98,0.03
LN00521,Personal,Education,2020-12-01,2022-11-21,13500,24,10.51,626.14,675.0,0.05,846,0.3013,,44029,Contract,0.7,TN,,Unsecured,Current,0,24,,No,0,20,15,45,0,11.8,A,Low Risk,0.005,0.75,2.53,0.0037
LN00522,Personal,Medical,2022-01-31,2025-01-15,8500,36,10.33,275.59,1180.65,0.1389,850,0.2617,,53045,Self-Employed,5.3,IL,,Unsecured,Current,0,31,,No,0,10,15,30,0,7.8,A,Low Risk,0.005,0.75,4.43,0.0038
LN00523,Personal,Debt Consolidation,2021-11-17,2023-11-07,7500,24,13.81,359.42,375.0,0.05,573,0.4341,,83198,Employed,7.0,AZ,,Unsecured,Current,0,24,,No,100,55,15,5,0,46.5,C,Moderate,0.04,0.75,11.25,0.03
LN00524,Personal,Debt Consolidation,2022-10-13,2024-10-02,61500,24,13.07,2925.84,5122.95,0.0833,627,0.4096,,42629,Employed,7.9,MA,,Unsecured,Current,0,22,,No,55,35,15,5,0,28.0,B,Moderate-Low,0.015,0.75,57.63,0.0112
LN00525,Personal,Debt Consolidation,2022-01-23,2025-01-07,54000,36,10.91,1765.59,7500.6,0.1389,794,0.2239,,37381,Employed,2.7,PA,,Unsecured,Current,0,31,,No,0,10,15,15,0,6.2,A,Low Risk,0.005,0.75,28.13,0.0038
LN00526,Personal,Debt Consolidation,2024-02-26,2027-02-10,28000,36,12.97,943.03,23332.4,0.8333,661,0.4021,,67657,Employed,3.0,IN,,Unsecured,Current,0,6,,No,35,35,15,15,0,23.0,B,Moderate-Low,0.015,0.75,262.49,0.0113
LN00527,Personal,Home Improvement,2022-08-24,2024-08-13,22500,24,12.43,1063.68,1125.0,0.05,668,0.3947,,161990,Employed,5.3,VA,,Unsecured,Current,0,24,,No,35,35,15,5,0,22.0,B,Moderate-Low,0.015,0.75,12.66,0.0113
LN00528,Personal,Home Improvement,2023-02-06,2025-01-26,40000,24,12.11,1884.99,8332.0,0.2083,683,0.325,,86606,Employed,6.4,AZ,,Unsecured,Current,0,19,,No,35,20,15,5,0,18.2,B,Moderate-Low,0.015,0.75,93.74,0.0113
LN00529,Personal,Debt Consolidation,2021-07-09,2025-06-18,51000,48,12.72,1361.13,10623.3,0.2083,603,0.2006,,31455,Employed,6.3,FL,,Unsecured,Current,0,38,,No,75,10,15,5,0,27.8,B,Moderate-Low,0.015,0.75,119.51,0.0112
LN00530,Personal,Vacation,2021-04-02,2024-03-17,45500,36,11.86,1508.21,2275.0,0.05,702,0.534,,94412,Contract,2.5,IN,,Unsecured,Current,0,36,,No,20,80,15,35,0,31.8,C,Moderate,0.04,0.75,68.25,0.03
LN00531,Personal,Education,2021-08-01,2026-07-06,19500,60,12.18,435.54,8775.0,0.45,669,0.3808,,45149,Employed,4.8,MI,,Unsecured,Severely Delinquent,4,33,,No,35,35,15,15,100,43.0,C,Moderate,0.04,0.75,263.25,0.03
LN00532,Personal,Medical,2022-01-25,2024-01-15,61000,24,11.7,2862.94,3050.0,0.05,764,0.1872,,83074,Employed,0.5,OH,,Unsecured,Current,0,24,,No,10,0,15,25,0,7.8,A,Low Risk,0.005,0.75,11.44,0.0038
LN00533,Personal,Home Improvement,2022-01-24,2026-12-29,15000,60,11.13,327.11,7249.5,0.4833,754,0.2093,,78396,Contract,3.4,MD,,Unsecured,Current,0,31,,No,10,10,15,35,0,11.2,A,Low Risk,0.005,0.75,27.19,0.0038
LN00534,Personal,Education,2020-01-14,2022-12-29,10500,36,13.03,353.94,525.0,0.05,633,0.4386,,79719,Employed,6.0,AZ,,Unsecured,Current,0,36,,No,55,55,15,5,0,33.0,C,Moderate,0.04,0.75,15.75,0.03
LN00535,Personal,Vacation,2021-11-17,2023-11-07,13500,24,11.75,633.92,675.0,0.05,726,0.3527,,97234,Self-Employed,21.2,CA,,Unsecured,Current,0,24,,No,20,20,15,25,0,15.8,B,Moderate-Low,0.015,0.75,7.59,0.0112
LN00536,Personal,Vacation,2021-02-24,2023-02-14,41000,24,11.53,1921.03,2050.0,0.05,731,0.3287,,48690,Contract,16.5,IN,,Unsecured,Current,0,24,,No,20,20,15,20,0,15.2,B,Moderate-Low,0.015,0.75,23.06,0.0112
LN00537,Personal,Home Improvement,2020-10-18,2022-10-08,35500,24,12.26,1675.42,1775.0,0.05,673,0.2861,,203501,Employed,2.9,NC,,Unsecured,Current,0,24,,No,35,20,15,15,0,19.2,B,Moderate-Low,0.015,0.75,19.97,0.0113
LN00538,Personal,Education,2022-07-27,2026-07-06,20000,48,12.43,530.91,9584.0,0.4792,699,0.3199,,54459,Employed,0.5,FL,,Unsecured,Current,0,25,,No,35,20,15,25,0,20.2,B,Moderate-Low,0.015,0.75,107.82,0.0112
LN00539,Personal,Vacation,2020-06-02,2025-05-07,60500,60,12.27,1354.06,9075.0,0.15,721,0.1953,,90138,Employed,10.5,MD,,Unsecured,Current,0,51,,No,20,0,15,0,0,8.2,A,Low Risk,0.005,0.75,34.03,0.0037
LN00540,Personal,Vacation,2021-08-20,2024-08-04,72000,36,11.8,2384.56,3600.0,0.05,783,0.2121,,97425,Retired,5.6,NC,,Unsecured,Current,0,36,,No,0,10,15,15,0,6.2,A,Low Risk,0.005,0.75,13.5,0.0038
LN00541,Personal,Home Improvement,2022-07-16,2026-06-25,9000,48,11.82,236.21,4312.8,0.4792,733,0.2336,,38632,Employed,8.7,NC,,Unsecured,Current,0,25,,No,20,10,15,5,0,11.2,A,Low Risk,0.005,0.75,16.17,0.0037
LN00542,Personal,Vacation,2020-11-14,2022-11-04,35500,24,13.71,1699.6,1775.0,0.05,574,0.2984,,78130,Employed,1.2,NY,,Unsecured,Current,0,24,,No,100,20,15,25,0,39.8,C,Moderate,0.04,0.75,53.25,0.03
LN00543,Personal,Home Improvement,2020-09-04,2025-08-09,40500,60,12.43,909.73,8100.0,0.2,654,0.331,,39043,Employed,2.9,MO,,Unsecured,Current,0,48,,No,55,20,15,15,0,25.2,B,Moderate-Low,0.015,0.75,91.12,0.0112
LN00544,Personal,Debt Consolidation,2022-08-06,2026-07-16,9500,48,12.4,252.04,4552.4,0.4792,675,0.2818,,80382,Retired,5.0,NC,,Unsecured,Current,0,25,,No,35,20,15,15,0,19.2,B,Moderate-Low,0.015,0.75,51.21,0.0112
LN00545,Personal,Medical,2023-12-14,2027-11-23,50000,48,11.55,1305.67,41665.0,0.8333,701,0.3525,,121998,Employed,17.5,WI,,Unsecured,Current,0,8,,No,20,20,15,0,0,13.2,A,Low Risk,0.005,0.75,156.24,0.0037
LN00546,Personal,Vacation,2023-12-27,2025-12-16,30000,24,12.71,1422.17,20001.0,0.6667,653,0.2102,,110247,Contract,6.9,GA,,Unsecured,Current,0,8,,No,55,10,15,25,0,23.8,B,Moderate-Low,0.015,0.75,225.01,0.0112
LN00547,Personal,Vacation,2021-06-16,2025-05-26,33500,48,11.9,880.54,6281.25,0.1875,763,0.4273,,25518,Employed,3.2,PA,,Unsecured,Current,0,39,,No,10,35,15,15,0,15.5,B,Moderate-Low,0.015,0.75,70.66,0.0112
LN00548,Personal,Home Improvement,2020-07-12,2023-06-27,32500,36,12.58,1088.49,1625.0,0.05,698,0.2654,,94250,Employed,0.6,MA,,Unsecured,Current,0,36,,No,35,10,15,25,0,17.8,B,Moderate-Low,0.015,0.75,18.28,0.0112
LN00549,Personal,Vacation,2020-05-06,2022-04-26,38000,24,12.55,1798.57,1900.0,0.05,727,0.3779,,55957,Employed,0.5,GA,,Unsecured,Current,0,24,,No,20,35,15,25,0,19.5,B,Moderate-Low,0.015,0.75,21.38,0.0113
LN00550,Personal,Debt Consolidation,2023-04-07,2025-03-27,63000,24,12.9,2992.18,18377.1,0.2917,622,0.3832,,37945,Employed,3.1,MD,,Unsecured,Current,0,17,,No,55,35,15,15,0,29.0,B,Moderate-Low,0.015,0.75,206.74,0.0112
LN00551,Personal,Debt Consolidation,2021-02-08,2023-01-29,28000,24,11.72,1314.4,1400.0,0.05,714,0.3778,,70933,Self-Employed,3.3,MA,,Unsecured,Current,0,24,,No,20,35,15,40,0,21.0,B,Moderate-Low,0.015,0.75,15.75,0.0112
LN00552,Personal,Education,2020-03-28,2022-03-18,9000,24,11.25,420.52,450.0,0.05,780,0.3612,,84244,Employed,0.9,MA,,Unsecured,Current,0,24,,No,0,35,15,25,0,13.5,A,Low Risk,0.005,0.75,1.69,0.0038
LN00553,Personal,Vacation,2022-10-13,2027-09-17,74500,60,10.08,1585.84,47180.85,0.6333,785,0.3739,,25000,Employed,6.8,CA,,Unsecured,Current,0,22,,No,0,35,15,5,0,11.5,A,Low Risk,0.005,0.75,176.93,0.0038
LN00554,Personal,Vacation,2021-03-15,2025-02-22,38500,48,12.66,1026.37,4812.5,0.125,614,0.4529,,63459,Employed,2.7,PA,,Unsecured,Current,0,42,,No,75,55,15,15,0,40.0,C,Moderate,0.04,0.75,144.38,0.03
LN00555,Personal,Other,2023-06-11,2025-05-31,43500,24,10.38,2014.94,18126.45,0.4167,802,0.3245,,185136,Employed,1.4,WI,,Unsecured,Current,0,14,,No,0,20,15,25,0,9.8,A,Low Risk,0.005,0.75,67.97,0.0037
LN00556,Personal,Debt Consolidation,2022-04-23,2027-03-28,53500,60,11.31,1171.51,28531.55,0.5333,780,0.2043,,53527,Employed,9.5,MO,,Unsecured,Current,0,28,,No,0,10,15,5,0,5.2,A,Low Risk,0.005,0.75,106.99,0.0037
LN00557,Personal,Education,2020-10-08,2025-09-12,23000,60,11.59,506.87,4984.1,0.2167,741,0.2473,,152248,Employed,5.5,AZ,,Unsecured,Current,0,47,,No,10,10,15,5,0,8.2,A,Low Risk,0.005,0.75,18.69,0.0037
LN00558,Personal,Vacation,2022-02-22,2024-02-12,24500,24,13.8,1174.0,1225.0,0.05,551,0.3469,,77635,Employed,0.5,VA,,Unsecured,Current,0,24,,No,100,20,15,25,0,39.8,C,Moderate,0.04,0.75,36.75,0.03
LN00559,Personal,Medical,2022-03-06,2026-02-13,11000,48,11.12,284.94,4125.0,0.375,738,0.3273,,77772,Employed,4.8,NC,,Unsecured,Current,0,30,,No,20,20,15,15,0,14.8,A,Low Risk,0.005,0.75,15.47,0.0038
LN00560,Personal,Vacation,2024-05-13,2026-05-03,6500,24,11.72,305.13,5687.5,0.875,733,0.3336,,25000,Employed,5.2,NC,,Unsecured,Current,0,3,,No,20,20,15,5,0,13.8,A,Low Risk,0.005,0.75,21.33,0.0038
LN00561,Personal,Home Improvement,2020-11-22,2023-11-07,57000,36,12.55,1908.22,2850.0,0.05,706,0.3144,,114921,Employed,5.1,NY,,Unsecured,Current,0,36,,No,20,20,15,5,0,13.8,A,Low Risk,0.005,0.75,10.69,0.0038
LN00562,Personal,Vacation,2024-04-13,2026-04-03,26000,24,12.44,1229.26,21665.8,0.8333,647,0.2913,,49266,Employed,5.3,GA,,Unsecured,Current,0,4,,No,55,20,15,5,0,24.2,B,Moderate-Low,0.015,0.75,243.74,0.0112
LN00563,Personal,Other,2020-12-26,2023-12-11,19500,36,9.97,628.94,975.0,0.05,834,0.3366,,39678,Employed,3.1,GA,,Unsecured,Current,0,36,,No,0,20,15,15,0,8.8,A,Low Risk,0.005,0.75,3.66,0.0038
LN00564,Personal,Education,2023-12-11,2025-11-30,44500,24,11.42,2082.74,29668.15,0.6667,790,0.3248,,132095,Retired,6.8,VA,,Unsecured,Current,0,8,,No,0,20,15,15,0,8.8,A,Low Risk,0.005,0.75,111.26,0.0038
LN00565,Personal,Vacation,2022-10-05,2025-09-19,22500,36,13.02,758.33,8124.75,0.3611,616,0.3703,,121002,Employed,0.9,MO,,Unsecured,Current,0,23,,No,75,35,15,25,0,36.0,C,Moderate,0.04,0.75,243.74,0.03
LN00566,Personal,Debt Consolidation,2020-04-25,2022-04-15,58000,24,12.52,2744.37,2900.0,0.05,690,0.2485,,130001,Employed,2.2,GA,,Unsecured,Current,0,24,,No,35,10,15,15,0,16.8,B,Moderate-Low,0.015,0.75,32.62,0.0112
LN00567,Personal,Home Improvement,2021-11-10,2023-10-31,70000,24,13.49,3344.06,3500.0,0.05,588,0.3477,,59420,Employed,9.1,WI,,Unsecured,Current,0,24,,No,75,20,15,5,0,30.2,C,Moderate,0.04,0.75,105.0,0.03
LN00568,Personal,Education,2021-10-24,2024-10-08,14000,36,11.7,463.0,778.4,0.0556,747,0.3283,,123897,Employed,7.8,TX,,Unsecured,Current,0,34,,No,10,20,15,5,0,10.8,A,Low Risk,0.005,0.75,2.92,0.0038
LN00569,Personal,Medical,2022-12-13,2024-12-02,34500,24,13.47,1647.82,5751.15,0.1667,587,0.1868,,87180,Contract,8.2,VA,,Unsecured,Current,0,20,,No,75,0,15,25,0,27.2,B,Moderate-Low,0.015,0.75,64.7,0.0112
LN00570,Personal,Home Improvement,2021-11-20,2023-11-10,59500,24,12.42,2812.56,2975.0,0.05,652,0.2747,,35989,Employed,2.8,MI,,Unsecured,Current,0,24,,No,55,10,15,15,0,22.8,B,Moderate-Low,0.015,0.75,33.47,0.0113
LN00571,Personal,Education,2023-08-22,2028-07-26,71500,60,12.0,1590.48,57200.0,0.8,721,0.3102,,83567,Employed,2.5,NJ,,Unsecured,Current,0,12,,No,20,20,15,15,0,14.8,A,Low Risk,0.005,0.75,214.5,0.0038
LN00572,Personal,Vacation,2023-09-25,2026-09-09,27000,36,12.06,897.56,18748.8,0.6944,688,0.3159,,50800,Self-Employed,12.5,MD,,Unsecured,Current,0,11,,No,35,20,15,25,0,20.2,B,Moderate-Low,0.015,0.75,210.92,0.0112
LN00573,Personal,Other,2020-09-17,2024-08-27,15000,48,11.74,393.1,750.0,0.05,748,0.3685,,58949,Self-Employed,17.4,PA,,Unsecured,Current,0,48,,No,10,35,15,25,0,16.5,B,Moderate-Low,0.015,0.75,8.44,0.0113
LN00574,Personal,Education,2021-01-07,2022-12-28,40500,24,13.26,1930.39,5062.5,0.125,604,0.5217,,135250,Employed,2.2,WI,,Unsecured,Delinquent,3,21,,No,75,80,15,15,75,61.2,D,High,0.1,0.75,379.69,0.075
LN00575,Personal,Home Improvement,2020-10-15,2025-09-19,57500,60,11.38,1261.11,12460.25,0.2167,718,0.433,,85492,Self-Employed,17.5,NJ,,Unsecured,Current,0,47,,No,20,55,15,25,0,24.5,B,Moderate-Low,0.015,0.75,140.18,0.0113
LN00576,Personal,Other,2020-12-09,2024-11-18,56500,48,11.2,1465.77,3531.25,0.0625,751,0.3678,,59092,Self-Employed,1.7,FL,,Unsecured,Current,0,45,,No,10,35,15,50,0,19.0,B,Moderate-Low,0.015,0.75,39.73,0.0113
LN00577,Personal,Other,2020-01-24,2024-12-28,38000,60,12.22,849.52,2534.6,0.0667,685,0.3453,,75844,Employed,2.9,NC,,Unsecured,Current,0,56,,No,35,20,15,15,0,19.2,B,Moderate-Low,0.015,0.75,28.51,0.0112
LN00578,Personal,Debt Consolidation,2021-06-09,2025-05-19,55000,48,12.0,1448.36,10312.5,0.1875,715,0.2301,,61878,Self-Employed,5.6,NY,,Unsecured,Current,0,39,,No,20,10,15,30,0,13.8,A,Low Risk,0.005,0.75,38.67,0.0037
LN00579,Personal,Vacation,2024-02-09,2029-01-13,12000,60,11.42,263.43,10800.0,0.9,785,0.3764,,67788,Contract,6.7,AZ,,Unsecured,Current,0,6,,No,0,35,15,25,0,13.5,A,Low Risk,0.005,0.75,40.5,0.0038
LN00580,Personal,Vacation,2021-12-20,2026-11-24,12500,60,13.35,286.66,5833.75,0.4667,616,0.3723,,147766,Employed,13.0,MO,,Unsecured,Current,0,32,,No,75,35,15,0,0,33.5,C,Moderate,0.04,0.75,175.01,0.03
LN00581,Personal,Debt Consolidation,2022-07-13,2025-06-27,70500,36,10.94,2306.08,19584.9,0.2778,769,0.2613,,151192,Self-Employed,9.0,FL,,Unsecured,Current,0,26,,No,10,10,15,30,0,10.8,A,Low Risk,0.005,0.75,73.44,0.0037
LN00582,Personal,Debt Consolidation,2021-10-14,2023-10-04,73000,24,13.04,3471.92,3650.0,0.05,613,0.3455,,62850,Contract,2.7,NC,,Unsecured,Current,0,24,,No,75,20,15,35,0,33.2,C,Moderate,0.04,0.75,109.5,0.03
LN00583,Personal,Education,2022-02-07,2025-01-22,40000,36,11.9,1326.66,5556.0,0.1389,711,0.419,,25177,Self-Employed,0.9,PA,,Unsecured,Current,0,31,,No,20,35,15,50,0,22.0,B,Moderate-Low,0.015,0.75,62.5,0.0112
LN00584,Personal,Other,2023-05-01,2027-04-10,34500,48,12.73,920.93,23001.15,0.6667,706,0.214,,55221,Retired,1.3,WI,,Unsecured,Current,0,16,,No,20,10,15,35,0,14.2,A,Low Risk,0.005,0.75,86.25,0.0037
LN00585,Personal,Vacation,2023-08-31,2028-08-04,22500,60,10.85,487.52,18000.0,0.8,727,0.2411,,124852,Employed,4.3,PA,,Unsecured,Current,0,12,,No,20,10,15,15,0,12.2,A,Low Risk,0.005,0.75,67.5,0.0038
LN00586,Personal,Home Improvement,2020-07-26,2022-07-16,69000,24,11.42,3229.41,3450.0,0.05,757,0.3351,,31693,Employed,0.5,NJ,,Unsecured,Current,0,24,,No,10,20,15,25,0,12.8,A,Low Risk,0.005,0.75,12.94,0.0038
LN00587,Personal,Debt Consolidation,2023-09-14,2027-08-24,13000,48,12.76,347.21,10020.4,0.7708,662,0.2836,,37271,Employed,7.7,MI,,Unsecured,Current,0,11,,No,35,20,15,5,0,18.2,B,Moderate-Low,0.015,0.75,112.73,0.0113
LN00588,Personal,Home Improvement,2023-03-16,2028-02-18,29000,60,11.91,643.77,20784.3,0.7167,681,0.3424,,105895,Self-Employed,5.8,MO,,Unsecured,Current,0,17,,No,35,20,15,30,0,20.8,B,Moderate-Low,0.015,0.75,233.82,0.0112
LN00589,Personal,Other,2020-01-08,2023-12-18,28500,48,12.57,758.52,1425.0,0.05,646,0.4419,,86211,Employed,6.8,AZ,,Unsecured,Current,0,48,,No,55,55,15,5,0,33.0,C,Moderate,0.04,0.75,42.75,0.03
LN00590,Personal,Other,2020-07-17,2023-07-02,74000,36,11.8,2450.8,3700.0,0.05,775,0.3173,,74161,Employed,26.0,CA,,Unsecured,Current,0,36,,No,10,20,15,0,0,10.2,A,Low Risk,0.005,0.75,13.88,0.0038
LN00591,Personal,Vacation,2022-08-27,2024-08-16,65000,24,12.96,3089.0,3250.0,0.05,629,0.3607,,110375,Employed,7.4,NY,,Unsecured,Current,0,24,,No,55,35,15,5,0,28.0,B,Moderate-Low,0.015,0.75,36.56,0.0112
LN00592,Personal,Medical,2023-09-15,2028-08-19,62500,60,13.92,1451.67,52081.25,0.8333,583,0.3032,,56468,Employed,2.2,MO,,Unsecured,Late,1,10,,No,75,20,15,15,30,37.2,C,Moderate,0.04,0.75,1562.44,0.03
LN00593,Personal,Vacation,2021-01-17,2024-12-27,34000,48,13.12,914.16,2832.2,0.0833,631,0.2008,,50018,Employed,12.5,MA,,Unsecured,Current,0,44,,No,55,10,15,0,0,21.2,B,Moderate-Low,0.015,0.75,31.86,0.0112
LN00594,Personal,Home Improvement,2021-04-08,2025-03-18,71500,48,12.12,1887.08,10424.7,0.1458,688,0.2815,,115613,Employed,2.1,NC,,Unsecured,Current,0,41,,No,35,20,15,15,0,19.2,B,Moderate-Low,0.015,0.75,117.28,0.0113
LN00595,Personal,Vacation,2023-09-30,2025-09-19,13500,24,12.95,641.5,7312.95,0.5417,611,0.3808,,40695,Self-Employed,0.8,VA,,Unsecured,Current,0,11,,No,75,35,15,50,0,38.5,C,Moderate,0.04,0.75,219.39,0.03
LN00596,Personal,Education,2022-03-03,2024-02-21,71500,24,11.82,3359.75,3575.0,0.05,726,0.2727,,57877,Employed,11.8,IN,,Unsecured,Current,0,24,,No,20,10,15,0,0,10.8,A,Low Risk,0.005,0.75,13.41,0.0038
LN00597,Personal,Other,2022-09-02,2025-08-17,58500,36,11.86,1939.13,19498.05,0.3333,709,0.3387,,64839,Employed,14.4,MI,,Unsecured,Current,0,24,,No,20,20,15,0,0,13.2,A,Low Risk,0.005,0.75,73.12,0.0038
LN00598,Personal,Home Improvement,2020-09-03,2023-08-19,32500,36,12.21,1082.73,1625.0,0.05,642,0.2737,,46842,Employed,1.0,MA,,Unsecured,Current,0,36,,No,55,10,15,25,0,23.8,B,Moderate-Low,0.015,0.75,18.28,0.0112
LN00599,Personal,Other,2020-09-15,2023-08-31,60500,36,12.24,2016.41,3025.0,0.05,623,0.3457,,94542,Employed,6.2,TX,,Unsecured,Current,0,36,,No,55,20,15,5,0,24.2,B,Moderate-Low,0.015,0.75,34.03,0.0112
LN00600,Personal,Medical,2023-07-08,2026-06-22,33500,36,11.78,1109.16,20471.85,0.6111,702,0.3208,,40222,Self-Employed,1.9,IL,,Unsecured,Current,0,14,,No,20,20,15,50,0,18.2,B,Moderate-Low,0.015,0.75,230.31,0.0113
LN00601,Personal,Education,2020-06-27,2022-06-17,71000,24,12.09,3345.2,3550.0,0.05,661,0.309,,68743,Employed,8.7,WA,,Unsecured,Current,0,24,,No,35,20,15,5,0,18.2,B,Moderate-Low,0.015,0.75,39.94,0.0113
LN00602,Personal,Debt Consolidation,2022-11-30,2026-11-09,18000,48,10.45,460.43,10125.0,0.5625,788,0.4293,,55118,Retired,16.7,MA,,Unsecured,Current,0,21,,No,0,35,15,10,0,12.0,A,Low Risk,0.005,0.75,37.97,0.0038
LN00603,Personal,Education,2022-04-28,2024-04-17,26500,24,10.95,1234.49,1325.0,0.05,778,0.3179,,93009,Employed,2.6,IL,,Unsecured,Current,0,24,,No,10,20,15,15,0,11.8,A,Low Risk,0.005,0.75,4.97,0.0038
LN00604,Personal,Education,2023-02-26,2025-02-15,14000,24,12.43,661.84,3500.0,0.25,712,0.3024,,42523,Self-Employed,1.6,NY,,Unsecured,Current,0,18,,No,20,20,15,50,0,18.2,B,Moderate-Low,0.015,0.75,39.38,0.0113
LN00605,Personal,Education,2021-06-24,2026-05-29,30000,60,11.68,662.49,11001.0,0.3667,763,0.4637,,36832,Self-Employed,1.4,WA,,Unsecured,Current,0,38,,No,10,55,15,50,0,24.0,B,Moderate-Low,0.015,0.75,123.76,0.0112
LN00606,Personal,Education,2020-12-18,2022-12-08,52500,24,11.28,2453.74,2625.0,0.05,795,0.3069,,68013,Employed,7.0,NC,,Unsecured,Current,0,24,,No,0,20,15,5,0,7.8,A,Low Risk,0.005,0.75,9.84,0.0037
LN00607,Personal,Debt Consolidation,2022-03-21,2024-03-10,32000,24,12.79,1518.18,1600.0,0.05,662,0.2291,,67802,Self-Employed,1.0,NJ,,Unsecured,Current,0,24,,No,35,10,15,50,0,20.2,B,Moderate-Low,0.015,0.75,18.0,0.0112
LN00608,Personal,Medical,2022-02-01,2026-01-11,26500,48,12.69,706.86,9386.3,0.3542,649,0.2566,,64085,Employed,1.1,CA,,Unsecured,Current,0,31,,No,55,10,15,25,0,23.8,B,Moderate-Low,0.015,0.75,105.6,0.0113
LN00609,Personal,Home Improvement,2022-10-03,2026-09-12,42000,48,12.34,1113.05,21873.6,0.5208,713,0.349,,167177,Contract,1.1,NY,,Unsecured,Current,0,23,,No,20,20,15,45,0,17.8,B,Moderate-Low,0.015,0.75,246.08,0.0113
LN00610,Personal,Medical,2024-03-03,2028-02-11,28500,48,12.19,753.18,24937.5,0.875,671,0.4463,,98503,Self-Employed,8.0,MA,,Unsecured,Current,0,6,,No,35,55,15,30,0,29.5,B,Moderate-Low,0.015,0.75,280.55,0.0113
LN00611,Personal,Home Improvement,2023-05-23,2028-04-26,57000,60,11.29,1247.58,42750.0,0.75,761,0.2125,,82578,Employed,3.3,FL,,Unsecured,Current,0,15,,No,10,10,15,15,0,9.2,A,Low Risk,0.005,0.75,160.31,0.0037
LN00612,Personal,Debt Consolidation,2024-04-04,2029-03-09,29500,60,10.8,638.46,27042.65,0.9167,712,0.2918,,69504,Retired,5.0,IN,,Unsecured,Current,0,5,,No,20,20,15,15,0,14.8,A,Low Risk,0.005,0.75,101.41,0.0038
LN00613,Personal,Education,2021-09-29,2023-09-19,64000,24,10.84,2978.15,3200.0,0.05,741,0.2722,,97859,Employed,9.5,IN,,Unsecured,Current,0,24,,No,10,10,15,5,0,8.2,A,Low Risk,0.005,0.75,12.0,0.0038
LN00614,Personal,Home Improvement,2021-01-29,2024-01-14,64000,36,12.34,2136.12,3200.0,0.05,701,0.4013,,97314,Self-Employed,0.5,OH,,Unsecured,Current,0,36,,No,20,35,15,50,0,22.0,B,Moderate-Low,0.015,0.75,36.0,0.0112
LN00615,Personal,Medical,2020-04-13,2025-03-18,29500,60,10.59,635.39,3442.65,0.1167,815,0.4612,,45648,Self-Employed,1.2,VA,,Unsecured,Current,0,53,,No,0,55,15,50,0,21.0,B,Moderate-Low,0.015,0.75,38.73,0.0113
LN00616,Personal,Debt Consolidation,2022-10-31,2027-10-05,57000,60,11.58,1255.87,36098.1,0.6333,712,0.2855,,164491,Employed,1.5,WA,,Unsecured,Current,0,22,,No,20,20,15,25,0,15.8,B,Moderate-Low,0.015,0.75,406.1,0.0112
LN00617,Personal,Home Improvement,2022-02-01,2025-01-16,41500,36,12.28,1383.95,5764.35,0.1389,683,0.4155,,96197,Employed,1.7,TN,,Unsecured,Current,0,31,,No,35,35,15,25,0,24.0,B,Moderate-Low,0.015,0.75,64.85,0.0113
LN00618,Personal,Medical,2021-12-06,2025-11-15,63500,48,12.68,1693.48,19843.75,0.3125,612,0.4038,,67963,Self-Employed,1.0,PA,,Unsecured,Current,0,33,,No,75,35,15,50,0,38.5,C,Moderate,0.04,0.75,595.31,0.03
LN00619,Personal,Education,2020-02-26,2024-02-05,73000,48,11.92,1919.5,3650.0,0.05,740,0.4073,,157002,Employed,2.5,WA,,Unsecured,Current,0,48,,No,10,35,15,15,0,15.5,B,Moderate-Low,0.015,0.75,41.06,0.0112
LN00620,Personal,Medical,2023-08-18,2026-08-02,46500,36,12.52,1556.04,31001.55,0.6667,647,0.4222,,80682,Self-Employed,3.8,GA,,Unsecured,Current,0,12,,No,55,35,15,40,0,31.5,C,Moderate,0.04,0.75,930.05,0.03
LN00621,Personal,Home Improvement,2024-05-17,2026-05-07,17500,24,12.76,830.01,15312.5,0.875,659,0.3839,,115466,Employed,1.1,CA,,Unsecured,Current,0,3,,No,55,35,15,25,0,30.0,C,Moderate,0.04,0.75,459.38,0.03
LN00622,Personal,Medical,2021-04-03,2023-03-24,19500,24,12.15,919.3,975.0,0.05,713,0.2444,,183331,Employed,2.3,NC,,Unsecured,Current,0,24,,No,20,10,15,15,0,12.2,A,Low Risk,0.005,0.75,3.66,0.0038
LN00623,Personal,Home Improvement,2022-02-10,2027-01-15,71500,60,11.98,1589.76,34555.95,0.4833,773,0.2759,,80274,Employed,16.0,VA,,Unsecured,Current,0,31,,No,10,10,15,0,0,7.8,A,Low Risk,0.005,0.75,129.58,0.0037
LN00624,Personal,Vacation,2023-10-18,2027-09-27,42000,48,13.46,1136.37,33251.4,0.7917,563,0.317,,80552,Self-Employed,5.5,IN,,Unsecured,Current,0,10,,No,100,20,15,30,0,40.2,C,Moderate,0.04,0.75,997.54,0.03
LN00625,Personal,Education,2022-11-13,2024-11-02,55500,24,12.61,2628.42,6937.5,0.125,660,0.3687,,42144,Employed,8.6,VA,,Unsecured,Current,0,21,,No,35,35,15,5,0,22.0,B,Moderate-Low,0.015,0.75,78.05,0.0113
LN00626,Personal,Medical,2023-11-02,2027-10-12,47000,48,13.98,1283.87,37209.9,0.7917,594,0.4339,,88413,Employed,4.5,NY,,Unsecured,Current,0,10,,No,75,55,15,15,0,40.0,C,Moderate,0.04,0.75,1116.3,0.03
LN00627,Personal,Other,2021-07-21,2025-06-30,18000,48,11.78,472.07,4125.6,0.2292,708,0.3824,,25821,Self-Employed,3.4,NC,,Unsecured,Current,0,37,,No,20,35,15,40,0,21.0,B,Moderate-Low,0.015,0.75,46.41,0.0112
LN00628,Personal,Debt Consolidation,2020-11-03,2023-10-19,29000,36,12.24,966.54,1450.0,0.05,632,0.3779,,192188,Self-Employed,15.4,IN,,Unsecured,Current,0,36,,No,55,35,15,25,0,30.0,C,Moderate,0.04,0.75,43.5,0.03
LN00629,Personal,Medical,2023-10-26,2027-10-05,69000,48,13.95,1883.8,56062.5,0.8125,535,0.1818,,74178,Self-Employed,4.8,CA,,Unsecured,Late,1,9,,No,100,0,15,40,30,42.2,C,Moderate,0.04,0.75,1681.88,0.03
LN00630,Personal,Education,2022-04-08,2027-03-13,21500,60,12.47,483.38,11109.05,0.5167,682,0.5309,,171497,Self-Employed,3.4,WA,,Unsecured,Current,0,29,,No,35,80,15,40,0,36.8,C,Moderate,0.04,0.75,333.27,0.03
LN00631,Personal,Other,2024-01-27,2028-01-06,58500,48,12.1,1543.4,49970.7,0.8542,653,0.3431,,100374,Self-Employed,5.2,GA,,Unsecured,Current,0,7,,No,55,20,15,30,0,26.8,B,Moderate-Low,0.015,0.75,562.17,0.0112
LN00632,Personal,Other,2022-11-04,2026-10-14,7500,48,10.53,192.13,4062.75,0.5417,778,0.2924,,65756,Self-Employed,5.2,MI,,Unsecured,Current,0,22,,No,10,20,15,30,0,13.2,A,Low Risk,0.005,0.75,15.24,0.0038
LN00633,Personal,Medical,2020-07-18,2024-06-27,30500,48,13.76,829.79,1525.0,0.05,551,0.2928,,108206,Employed,8.7,TN,,Unsecured,Current,0,48,,No,100,20,15,5,0,37.8,C,Moderate,0.04,0.75,45.75,0.03
LN00634,Personal,Home Improvement,2023-09-02,2027-08-12,49000,48,12.37,1299.28,36750.0,0.75,711,0.2528,,121545,Employed,3.9,FL,,Unsecured,Current,0,12,,No,20,10,15,15,0,12.2,A,Low Risk,0.005,0.75,137.81,0.0037
LN00635,Personal,Education,2024-06-02,2029-05-07,8500,60,12.86,192.79,8075.0,0.95,629,0.384,,117989,Employed,14.6,NJ,,Unsecured,Current,0,3,,No,55,35,15,0,0,27.5,B,Moderate-Low,0.015,0.75,90.84,0.0112
LN00636,Personal,Other,2020-08-29,2025-08-03,64500,60,10.9,1399.17,12900.0,0.2,759,0.2736,,220161,Employed,4.3,TN,,Unsecured,Current,0,48,,No,10,10,15,15,0,9.2,A,Low Risk,0.005,0.75,48.38,0.0038
LN00637,Personal,Other,2021-02-02,2026-01-07,52500,60,12.39,1178.21,14873.25,0.2833,682,0.2806,,89023,Employed,5.1,IN,,Unsecured,Current,0,43,,No,35,20,15,5,0,18.2,B,Moderate-Low,0.015,0.75,167.32,0.0112
LN00638,Personal,Home Improvement,2022-04-26,2026-04-05,66500,48,12.6,1770.85,27710.55,0.4167,706,0.2981,,44129,Retired,13.8,TX,,Unsecured,Current,0,28,,No,20,20,15,10,0,14.2,A,Low Risk,0.005,0.75,103.91,0.0037
LN00639,Personal,Vacation,2021-12-02,2024-11-16,68500,36,12.83,2302.43,5706.05,0.0833,618,0.2639,,85755,Contract,6.8,AZ,,Unsecured,Current,0,33,,No,75,10,15,25,0,29.8,B,Moderate-Low,0.015,0.75,64.19,0.0112
LN00640,Personal,Vacation,2024-01-05,2027-12-15,20500,48,13.7,557.11,17082.65,0.8333,621,0.33,,54831,Self-Employed,0.5,PA,,Unsecured,Current,0,8,,No,55,20,15,50,0,28.8,B,Moderate-Low,0.015,0.75,192.18,0.0113
LN00641,Personal,Medical,2021-10-03,2024-09-17,19000,36,12.43,634.98,950.0,0.05,662,0.3097,,26803,Employed,3.3,TX,,Unsecured,Current,0,35,,No,35,20,15,15,0,19.2,B,Moderate-Low,0.015,0.75,10.69,0.0113
LN00642,Personal,Debt Consolidation,2023-03-26,2026-03-10,62000,36,12.35,2069.67,32723.6,0.5278,662,0.336,,74969,Employed,0.5,PA,,Unsecured,Current,0,17,,No,35,20,15,25,0,20.2,B,Moderate-Low,0.015,0.75,368.14,0.0112
LN00643,Personal,Vacation,2023-07-21,2028-06-24,14000,60,11.3,306.49,10966.2,0.7833,754,0.4267,,76107,Employed,8.4,AZ,,Unsecured,Current,0,13,,No,10,35,15,5,0,14.5,A,Low Risk,0.005,0.75,41.12,0.0037
LN00644,Personal,Medical,2020-03-18,2022-03-08,24000,24,12.01,1129.88,1200.0,0.05,702,0.3831,,90101,Employed,7.2,MO,,Unsecured,Current,0,24,,No,20,35,15,5,0,17.5,B,Moderate-Low,0.015,0.75,13.5,0.0112
LN00645,Personal,Other,2024-03-30,2028-03-09,32000,48,11.72,838.29,28665.6,0.8958,734,0.3261,,54450,Employed,2.2,IN,,Unsecured,Current,0,5,,No,20,20,15,15,0,14.8,A,Low Risk,0.005,0.75,107.5,0.0038
LN00646,Personal,Debt Consolidation,2021-04-08,2024-03-23,17500,36,11.07,573.51,875.0,0.05,780,0.4184,,57149,Employed,1.5,VA,,Unsecured,Current,0,36,,No,0,35,15,25,0,13.5,A,Low Risk,0.005,0.75,3.28,0.0037
LN00647,Personal,Medical,2020-12-08,2024-11-17,36000,48,10.59,923.29,2250.0,0.0625,775,0.459,,49578,Self-Employed,1.6,FL,,Unsecured,Current,0,45,,No,10,55,15,50,0,24.0,B,Moderate-Low,0.015,0.75,25.31,0.0112
LN00648,Personal,Medical,2024-01-30,2029-01-03,29500,60,12.31,660.84,26057.35,0.8833,679,0.2381,,62300,Employed,0.5,IN,,Unsecured,Current,0,7,,No,35,10,15,25,0,17.8,B,Moderate-Low,0.015,0.75,293.15,0.0113
LN00649,Personal,Home Improvement,2021-12-02,2024-11-16,51500,36,10.93,1684.34,4289.95,0.0833,761,0.3597,,81129,Employed,7.2,TN,,Unsecured,Current,0,33,,No,10,20,15,5,0,10.8,A,Low Risk,0.005,0.75,16.09,0.0038
LN00650,Personal,Home Improvement,2020-02-09,2025-01-13,30500,60,12.14,680.62,2540.65,0.0833,700,0.316,,25000,Employed,3.3,GA,,Unsecured,Current,0,55,,No,20,20,15,15,0,14.8,A,Low Risk,0.005,0.75,9.53,0.0038
LN00651,Personal,Medical,2023-04-22,2025-04-11,60500,24,12.08,2850.21,20164.65,0.3333,756,0.3849,,73285,Employed,3.7,IN,,Unsecured,Current,0,16,,No,10,35,15,15,0,15.5,B,Moderate-Low,0.015,0.75,226.85,0.0112
LN00652,Personal,Education,2023-08-04,2028-07-08,43000,60,14.33,1007.91,33681.9,0.7833,513,0.288,,56529,Self-Employed,12.6,NC,,Unsecured,Current,0,13,,No,100,20,15,25,0,39.8,C,Moderate,0.04,0.75,1010.46,0.03
LN00653,Personal,Debt Consolidation,2023-09-17,2025-09-06,73000,24,11.79,3429.21,39544.1,0.5417,729,0.2849,,57600,Self-Employed,2.1,NY,,Unsecured,Current,0,11,,No,20,20,15,40,0,17.2,B,Moderate-Low,0.015,0.75,444.87,0.0112
LN00654,Personal,Education,2022-05-03,2024-04-22,14000,24,10.96,652.25,700.0,0.05,775,0.2582,,69633,Employed,9.1,MA,,Unsecured,Current,0,24,,No,10,10,15,5,0,8.2,A,Low Risk,0.005,0.75,2.62,0.0037
LN00655,Personal,Other,2023-12-08,2028-11-11,70500,60,13.23,1612.4,61102.35,0.8667,574,0.307,,67486,Employed,26.6,IL,,Unsecured,Current,0,8,,No,100,20,15,0,0,37.2,C,Moderate,0.04,0.75,1833.07,0.03
LN00656,Personal,Medical,2022-05-11,2026-04-20,54500,48,13.81,1484.1,22710.15,0.4167,590,0.3369,,70926,Self-Employed,0.5,NY,,Unsecured,Current,0,28,,No,75,20,15,50,0,34.8,C,Moderate,0.04,0.75,681.3,0.03
LN00657,Personal,Debt Consolidation,2020-08-02,2025-07-07,7500,60,11.75,165.89,1374.75,0.1833,710,0.2703,,56692,Self-Employed,8.9,IN,,Unsecured,Current,0,49,,No,20,10,15,30,0,13.8,A,Low Risk,0.005,0.75,5.16,0.0038
LN00658,Personal,Education,2024-05-26,2026-05-16,6500,24,13.09,309.3,5687.5,0.875,682,0.2349,,42025,Employed,0.5,NY,,Unsecured,Current,0,3,,No,35,10,15,25,0,17.8,B,Moderate-Low,0.015,0.75,63.98,0.0112
LN00659,Personal,Vacation,2022-12-07,2026-11-16,38000,48,10.9,980.29,21375.0,0.5625,719,0.4402,,83431,Employed,13.1,OH,,Unsecured,Current,0,21,,No,20,55,15,0,0,22.0,B,Moderate-Low,0.015,0.75,240.47,0.0113
LN00660,Personal,Home Improvement,2020-03-21,2023-03-06,72000,36,12.57,2411.08,3600.0,0.05,667,0.3946,,105587,Employed,3.6,MO,,Unsecured,Current,0,36,,No,35,35,15,15,0,23.0,B,Moderate-Low,0.015,0.75,40.5,0.0112
LN00661,Personal,Debt Consolidation,2021-04-25,2025-04-04,33000,48,11.62,862.87,5501.1,0.1667,708,0.2593,,42399,Employed,0.5,CA,,Unsecured,Current,0,40,,No,20,10,15,25,0,13.2,A,Low Risk,0.005,0.75,20.63,0.0038
LN00662,Personal,Debt Consolidation,2020-11-01,2025-10-06,40500,60,12.47,910.55,9448.65,0.2333,630,0.3262,,78800,Self-Employed,2.3,FL,,Unsecured,Current,0,46,,No,55,20,15,40,0,27.8,B,Moderate-Low,0.015,0.75,106.3,0.0113
LN00663,Personal,Debt Consolidation,2023-08-12,2027-07-22,68500,48,11.72,1794.46,52799.8,0.7708,670,0.4041,,55880,Employed,10.0,MI,,Unsecured,Late,1,11,,No,35,35,15,0,30,27.5,B,Moderate-Low,0.015,0.75,594.0,0.0113
LN00664,Personal,Other,2020-03-21,2023-03-06,53500,36,11.86,1773.39,2675.0,0.05,665,0.3134,,74041,Employed,32.3,MI,,Unsecured,Current,0,36,,No,35,20,15,0,0,17.8,B,Moderate-Low,0.015,0.75,30.09,0.0112
LN00665,Personal,Debt Consolidation,2024-02-21,2029-01-25,16500,60,12.27,369.29,14850.0,0.9,714,0.1464,,29675,Employed,11.5,NY,,Unsecured,Current,0,6,,No,20,0,15,0,0,8.2,A,Low Risk,0.005,0.75,55.69,0.0038
LN00666,Personal,Vacation,2023-09-20,2026-09-04,53500,36,9.69,1718.52,37150.4,0.6944,850,0.3495,,71662,Employed,27.8,PA,,Unsecured,Current,0,11,,No,0,20,15,0,0,7.2,A,Low Risk,0.005,0.75,139.31,0.0037
LN00667,Personal,Vacation,2022-02-02,2024-01-23,31500,24,13.84,1510.03,1575.0,0.05,572,0.297,,144031,Employed,3.4,NJ,,Unsecured,Current,0,24,,No,100,20,15,15,0,38.8,C,Moderate,0.04,0.75,47.25,0.03
LN00668,Personal,Vacation,2021-07-10,2026-06-14,28500,60,12.85,646.28,10450.95,0.3667,683,0.368,,155601,Self-Employed,1.6,WA,,Unsecured,Current,0,38,,No,35,35,15,50,0,26.5,B,Moderate-Low,0.015,0.75,117.57,0.0112
LN00669,Personal,Debt Consolidation,2020-08-19,2023-08-04,36000,36,13.09,1214.54,1800.0,0.05,691,0.3522,,33807,Self-Employed,5.1,IL,,Unsecured,Current,0,36,,No,35,20,15,30,0,20.8,B,Moderate-Low,0.015,0.75,20.25,0.0112
LN00670,Personal,Education,2022-05-02,2024-04-21,31000,24,11.52,1452.34,1550.0,0.05,769,0.4652,,80772,Employed,3.7,MD,,Unsecured,Current,0,24,,No,10,55,15,15,0,20.5,B,Moderate-Low,0.015,0.75,17.44,0.0113
LN00671,Personal,Education,2023-06-05,2026-05-20,72500,36,11.22,2381.12,42289.25,0.5833,764,0.3957,,63360,Self-Employed,2.3,WA,,Unsecured,Current,0,15,,No,10,35,15,40,0,18.0,B,Moderate-Low,0.015,0.75,475.75,0.0112
LN00672,Personal,Vacation,2022-09-16,2025-08-31,8500,36,10.11,274.71,3069.35,0.3611,836,0.406,,83746,Employed,2.9,TN,,Unsecured,Current,0,23,,No,0,35,15,15,0,12.5,A,Low Risk,0.005,0.75,11.51,0.0037
LN00673,Personal,Debt Consolidation,2020-05-09,2022-04-29,18000,24,13.4,859.14,900.0,0.05,588,0.1832,,42622,Self-Employed,22.1,NC,,Unsecured,Current,0,24,,No,75,0,15,25,0,27.2,B,Moderate-Low,0.015,0.75,10.12,0.0112
LN00674,Personal,Education,2022-11-29,2026-11-08,21500,48,13.44,581.5,12093.75,0.5625,590,0.368,,25289,Self-Employed,7.6,IN,,Unsecured,Current,0,21,,No,75,35,15,30,0,36.5,C,Moderate,0.04,0.75,362.81,0.03
LN00675,Personal,Other,2023-09-17,2028-08-21,46500,60,13.0,1058.02,37976.55,0.8167,631,0.3059,,80952,Employed,1.4,GA,,Unsecured,Current,0,11,,No,55,20,15,25,0,26.2,B,Moderate-Low,0.015,0.75,427.24,0.0113
LN00676,Personal,Other,2023-02-17,2026-02-01,71500,36,12.22,2382.34,35750.0,0.5,679,0.3044,,133592,Employed,1.3,WI,,Unsecured,Current,0,18,,No,35,20,15,25,0,20.2,B,Moderate-Low,0.015,0.75,402.19,0.0113
LN00677,Personal,Vacation,2022-10-12,2027-09-16,25000,60,11.19,545.93,15417.5,0.6167,780,0.2496,,34078,Employed,1.4,PA,,Unsecured,Current,0,23,,No,0,10,15,25,0,7.2,A,Low Risk,0.005,0.75,57.82,0.0038
LN00678,Personal,Home Improvement,2021-11-08,2024-10-23,32000,36,10.25,1036.31,1779.2,0.0556,813,0.2853,,51060,Employed,18.6,NC,,Unsecured,Current,0,34,,No,0,20,15,0,0,7.2,A,Low Risk,0.005,0.75,6.67,0.0037
LN00679,Personal,Education,2021-04-26,2026-03-31,23500,60,12.61,530.02,7832.55,0.3333,642,0.3261,,105448,Employed,9.0,FL,,Unsecured,Current,0,40,,No,55,20,15,5,0,24.2,B,Moderate-Low,0.015,0.75,88.12,0.0113
LN00680,Personal,Other,2022-10-17,2024-10-06,26500,24,11.72,1243.98,4417.55,0.1667,697,0.4503,,77097,Contract,7.3,NY,,Unsecured,Delinquent,2,20,,No,35,55,15,25,55,40.0,C,Moderate,0.04,0.75,132.53,0.03
LN00681,Personal,Education,2022-04-06,2024-03-26,58500,24,11.81,2748.61,2925.0,0.05,688,0.4369,,69311,Employed,10.0,AZ,,Unsecured,Current,0,24,,No,35,55,15,0,0,26.5,B,Moderate-Low,0.015,0.75,32.91,0.0113
LN00682,Personal,Other,2024-06-09,2026-05-30,74000,24,13.08,3520.88,67835.8,0.9167,655,0.4157,,29910,Contract,6.5,WI,,Unsecured,Current,0,2,,No,55,35,15,25,0,30.0,C,Moderate,0.04,0.75,2035.07,0.03
LN00683,Personal,Medical,2023-09-02,2026-08-17,44500,36,11.29,1462.99,29668.15,0.6667,746,0.3738,,80798,Contract,3.9,MA,,Unsecured,Current,0,12,,No,10,35,15,35,0,17.5,B,Moderate-Low,0.015,0.75,333.77,0.0113
LN00684,Personal,Education,2022-07-19,2025-07-03,49000,36,11.83,1623.53,14974.4,0.3056,754,0.3491,,29674,Employed,0.5,NJ,,Unsecured,Current,0,25,,No,10,20,15,25,0,12.8,A,Low Risk,0.005,0.75,56.15,0.0037
LN00685,Personal,Other,2024-01-06,2027-12-16,40000,48,12.04,1054.14,34168.0,0.8542,686,0.2641,,33153,Employed,1.8,MA,,Unsecured,Current,0,7,,No,35,10,15,25,0,17.8,B,Moderate-Low,0.015,0.75,384.39,0.0112
LN00686,Personal,Medical,2021-11-30,2023-11-20,59000,24,13.34,2814.4,2950.0,0.05,607,0.2956,,69286,Self-Employed,8.8,VA,,Unsecured,Current,0,24,,No,75,20,15,30,0,32.8,C,Moderate,0.04,0.75,88.5,0.03
LN00687,Personal,Other,2020-04-03,2022-03-24,50000,24,12.42,2363.49,2500.0,0.05,713,0.36,,48421,Employed,4.5,PA,,Unsecured,Current,0,24,,No,20,35,15,15,0,18.5,B,Moderate-Low,0.015,0.75,28.12,0.0112
LN00688,Personal,Debt Consolidation,2021-06-04,2023-05-25,25000,24,11.81,1174.62,1250.0,0.05,697,0.3287,,62195,Employed,0.9,WI,,Unsecured,Current,0,24,,No,35,20,15,25,0,20.2,B,Moderate-Low,0.015,0.75,14.06,0.0112
LN00689,Personal,Debt Consolidation,2022-07-25,2025-07-09,12000,36,12.15,399.43,3667.2,0.3056,764,0.1452,,101012,Self-Employed,12.1,OH,,Unsecured,Current,0,25,,No,10,0,15,25,0,7.8,A,Low Risk,0.005,0.75,13.75,0.0037
LN00690,Personal,Vacation,2023-07-20,2025-07-09,31500,24,11.6,1476.94,14436.45,0.4583,721,0.3049,,127264,Employed,5.7,MD,,Unsecured,Current,0,13,,No,20,20,15,5,0,13.8,A,Low Risk,0.005,0.75,54.14,0.0038
LN00691,Personal,Debt Consolidation,2022-10-18,2025-10-02,24000,36,11.55,791.99,9333.6,0.3889,728,0.3629,,110190,Employed,2.5,CA,,Unsecured,Current,0,22,,No,20,35,15,15,0,18.5,B,Moderate-Low,0.015,0.75,105.0,0.0112
LN00692,Personal,Home Improvement,2022-11-07,2027-10-12,73000,60,12.14,1629.01,46230.9,0.6333,714,0.3988,,67354,Self-Employed,0.5,PA,,Unsecured,Current,0,22,,No,20,35,15,50,0,22.0,B,Moderate-Low,0.015,0.75,520.1,0.0113
LN00693,Personal,Medical,2022-03-04,2024-02-22,50500,24,11.93,2375.56,2525.0,0.05,726,0.2667,,124986,Employed,14.6,WI,,Unsecured,Current,0,24,,No,20,10,15,0,0,10.8,A,Low Risk,0.005,0.75,9.47,0.0038
LN00694,Personal,Medical,2023-06-01,2028-05-05,54000,60,12.53,1215.71,40500.0,0.75,649,0.428,,70557,Employed,0.5,GA,,Unsecured,Current,0,15,,No,55,35,15,25,0,30.0,C,Moderate,0.04,0.75,1215.0,0.03
LN00695,Personal,Other,2020-09-30,2025-09-04,26500,60,13.42,608.67,5742.55,0.2167,610,0.3598,,25000,Employed,0.5,IL,,Unsecured,Current,0,47,,No,75,20,15,25,0,32.2,C,Moderate,0.04,0.75,172.28,0.03
LN00696,Personal,Home Improvement,2023-12-28,2027-12-07,52500,48,12.16,1386.65,43748.25,0.8333,684,0.1642,,82047,Employed,7.5,MO,,Unsecured,Current,0,8,,No,35,0,15,5,0,13.2,A,Low Risk,0.005,0.75,164.06,0.0038
LN00697,Personal,Home Improvement,2023-11-07,2027-10-17,7500,48,12.7,200.09,6093.75,0.8125,622,0.3711,,41506,Retired,12.2,VA,,Unsecured,Current,0,9,,No,55,35,15,10,0,28.5,B,Moderate-Low,0.015,0.75,68.55,0.0112
LN00698,Personal,Education,2023-12-25,2027-12-04,51500,48,12.31,1364.04,42914.95,0.8333,680,0.2755,,118617,Self-Employed,1.7,NY,,Unsecured,Current,0,8,,No,35,10,15,50,0,20.2,B,Moderate-Low,0.015,0.75,482.79,0.0112
LN00699,Personal,Vacation,2023-10-12,2028-09-15,43500,60,11.36,953.62,36248.55,0.8333,778,0.3069,,63813,Employed,0.6,MO,,Unsecured,Current,0,10,,No,10,20,15,25,0,12.8,A,Low Risk,0.005,0.75,135.93,0.0037
LN00700,Personal,Other,2020-02-21,2022-02-10,11000,24,11.6,515.76,550.0,0.05,674,0.3878,,131857,Employed,5.2,WA,,Unsecured,Current,0,24,,No,35,35,15,5,0,22.0,B,Moderate-Low,0.015,0.75,6.19,0.0113
LN00701,Mortgage,Refinance,2021-06-30,2036-04-12,134500,180,8.09,1292.35,109092.95,0.8111,652,0.4333,0.7791,103903,Contract,10.3,PA,,Real Estate,Severely Delinquent,4,34,Single Family,Yes,55,55,15,20,100,54.5,D,High,0.1,0.35,3818.25,0.035
LN00702,Mortgage,Primary Residence,2024-05-25,2053-12-19,602000,360,7.1,4045.63,597003.4,0.9917,772,0.3942,0.8201,56708,Employed,1.4,MI,,Real Estate,Current,0,3,Townhouse,Yes,10,35,30,25,0,18.8,B,Moderate-Low,0.015,0.35,3134.27,0.0053
LN00703,Mortgage,Second Home,2023-06-15,2038-03-28,272500,180,6.92,2437.14,251299.5,0.9222,753,0.3441,0.8751,164199,Retired,5.2,MO,,Real Estate,Current,0,14,Multi-Family,No,10,20,30,15,0,14.0,A,Low Risk,0.005,0.35,439.77,0.0017
LN00704,Mortgage,Second Home,2023-09-22,2053-04-17,357000,360,7.06,2389.53,346075.8,0.9694,743,0.3871,0.6757,217421,Retired,19.0,TX,,Real Estate,Current,0,11,Multi-Family,Yes,10,35,5,10,0,13.5,A,Low Risk,0.005,0.35,605.63,0.0017
LN00705,Mortgage,Investment Property,2020-04-20,2049-11-14,315000,360,8.82,2493.87,268632.0,0.8528,600,0.2767,0.9159,153722,Self-Employed,1.4,CA,,Real Estate,Current,0,53,Condo,Yes,75,10,50,50,0,37.5,C,Moderate,0.04,0.35,3760.85,0.014
LN00706,Mortgage,Investment Property,2023-12-14,2053-07-09,250000,360,7.79,1797.95,244450.0,0.9778,690,0.2402,0.7875,299864,Self-Employed,8.4,VA,,Real Estate,Current,0,8,Multi-Family,Yes,35,10,15,30,0,18.2,B,Moderate-Low,0.015,0.35,1283.36,0.0052
LN00707,Mortgage,Investment Property,2020-12-29,2040-09-15,588500,240,8.93,5268.42,480627.95,0.8167,527,0.2718,0.9161,73343,Employed,1.9,FL,,Real Estate,Current,0,44,Townhouse,No,100,10,50,25,0,42.5,C,Moderate,0.04,0.35,6728.79,0.014
LN00708,Mortgage,Investment Property,2022-05-27,2037-03-09,904500,180,7.46,8364.28,768825.0,0.85,711,0.334,0.6706,91914,Employed,1.3,NC,,Real Estate,Current,0,27,Multi-Family,Yes,20,20,5,25,0,14.2,A,Low Risk,0.005,0.35,1345.44,0.0017
LN00709,Mortgage,Investment Property,2021-11-07,2036-08-20,228000,180,7.83,2156.57,184930.8,0.8111,676,0.3065,0.6289,84422,Self-Employed,0.6,MA,,Real Estate,Current,0,34,Condo,Yes,35,20,5,50,0,21.2,B,Moderate-Low,0.015,0.35,970.89,0.0053
LN00710,Mortgage,Refinance,2023-05-07,2043-01-22,686500,240,6.49,5114.32,640710.45,0.9333,790,0.4913,0.6564,70926,Self-Employed,0.5,TX,,Real Estate,Current,0,16,Multi-Family,No,0,55,5,50,0,19.5,B,Moderate-Low,0.015,0.35,3363.73,0.0053
LN00711,Mortgage,Investment Property,2024-05-24,2039-03-07,679500,180,7.02,6115.14,668152.35,0.9833,702,0.3785,0.9442,213759,Employed,7.0,NJ,,Real Estate,Current,0,3,Condo,Yes,20,35,50,5,0,22.8,B,Moderate-Low,0.015,0.35,3507.8,0.0053
LN00712,Mortgage,Refinance,2023-01-17,2042-10-04,437500,240,7.72,3583.56,402850.0,0.9208,676,0.3501,0.7221,142785,Employed,3.5,MO,,Real Estate,Current,0,19,Condo,Yes,35,20,15,15,0,19.2,B,Moderate-Low,0.015,0.35,2114.96,0.0052
LN00713,Mortgage,Investment Property,2021-11-10,2051-06-06,342000,360,7.17,2314.51,309715.2,0.9056,717,0.3296,0.8033,178466,Employed,7.7,NJ,,Real Estate,Current,0,34,Single Family,Yes,20,20,30,5,0,16.0,B,Moderate-Low,0.015,0.35,1626.0,0.0052
LN00714,Mortgage,Investment Property,2023-10-01,2038-07-14,315000,180,6.1,2675.2,295753.5,0.9389,798,0.3552,0.7121,65312,Employed,5.4,VA,,Real Estate,Current,0,11,Multi-Family,Yes,0,20,15,5,0,7.8,A,Low Risk,0.005,0.35,517.57,0.0018
LN00715,Mortgage,Refinance,2024-06-18,2044-03-05,921000,240,6.32,6769.48,913355.7,0.9917,749,0.404,0.7512,100175,Employed,9.5,NY,,Real Estate,Current,0,2,Multi-Family,Yes,10,35,15,5,0,14.5,A,Low Risk,0.005,0.35,1598.37,0.0017
LN00716,Mortgage,Refinance,2022-11-07,2052-06-02,797000,360,7.78,5726.34,748303.3,0.9389,652,0.3185,0.5854,87145,Employed,2.5,MA,,Real Estate,Current,0,22,Multi-Family,No,55,20,0,15,0,23.0,B,Moderate-Low,0.015,0.35,3928.59,0.0052
LN00717,Mortgage,Primary Residence,2020-06-17,2050-01-11,178000,360,8.92,1421.99,155251.6,0.8722,601,0.2989,0.5982,331131,Contract,5.2,PA,,Real Estate,Severely Delinquent,5,46,Condo,No,75,20,0,25,100,50.0,D,High,0.1,0.35,5433.81,0.035
LN00718,Mortgage,Second Home,2023-07-13,2053-02-05,727000,360,6.23,4466.81,700755.3,0.9639,782,0.476,0.6945,132477,Retired,6.1,OH,,Real Estate,Current,0,13,Condo,Yes,0,55,5,15,0,16.0,B,Moderate-Low,0.015,0.35,3678.97,0.0053
LN00719,Mortgage,Primary Residence,2023-12-10,2053-07-05,797000,360,7.1,5356.09,779306.6,0.9778,730,0.3362,0.8686,44990,Employed,5.4,AZ,,Real Estate,Current,0,8,Single Family,No,20,20,30,5,0,16.0,B,Moderate-Low,0.015,0.35,4091.36,0.0053
LN00720,Mortgage,Primary Residence,2024-01-08,2043-09-25,239500,240,6.7,1813.96,232506.6,0.9708,819,0.2387,0.5567,63671,Employed,12.4,NJ,,Real Estate,Current,0,7,Condo,Yes,0,10,0,0,0,2.5,A,Low Risk,0.005,0.35,406.89,0.0018
LN00721,Mortgage,Investment Property,2023-02-16,2042-11-03,254500,240,6.1,1838.03,235412.5,0.925,741,0.3417,0.8906,87601,Employed,12.0,FL,,Real Estate,Current,0,18,Townhouse,No,10,20,30,0,0,12.5,A,Low Risk,0.005,0.35,411.97,0.0017
LN00722,Mortgage,Second Home,2022-07-12,2042-03-29,549500,240,8.95,4926.34,496857.9,0.9042,647,0.2479,0.7191,164002,Employed,7.6,AZ,,Real Estate,Delinquent,3,23,Single Family,No,55,10,15,5,75,36.8,C,Moderate,0.04,0.35,6956.01,0.014
LN00723,Mortgage,Primary Residence,2024-01-15,2053-08-10,294500,360,8.83,2333.68,288786.7,0.9806,623,0.3715,0.8012,196005,Employed,10.6,WI,,Real Estate,Current,0,7,Multi-Family,No,55,35,30,0,0,29.8,B,Moderate-Low,0.015,0.35,1516.13,0.0052
LN00724,Mortgage,Refinance,2020-08-05,2050-03-01,524500,360,7.76,3761.21,453115.55,0.8639,735,0.2888,0.8007,109359,Self-Employed,2.7,MI,,Real Estate,Current,0,49,Multi-Family,No,20,20,30,40,0,19.5,B,Moderate-Low,0.015,0.35,2378.86,0.0053
LN00725,Mortgage,Primary Residence,2022-02-20,2041-11-07,784500,240,9.4,7261.42,686437.5,0.875,538,0.4129,0.8375,32332,Self-Employed,5.3,WA,,Real Estate,Current,0,30,Condo,No,100,35,30,30,0,46.2,C,Moderate,0.04,0.35,9610.12,0.014
LN00726,Mortgage,Refinance,2021-03-26,2050-10-20,398000,360,7.61,2812.91,352667.8,0.8861,677,0.3624,0.7632,67024,Self-Employed,6.0,IL,,Real Estate,Current,0,41,Multi-Family,No,35,35,15,30,0,24.5,B,Moderate-Low,0.015,0.35,1851.51,0.0053
LN00727,Mortgage,Primary Residence,2024-06-16,2054-01-10,490500,360,7.49,3426.29,487753.2,0.9944,666,0.3602,0.6382,83240,Contract,1.1,VA,,Real Estate,Current,0,2,Single Family,No,35,35,5,45,0,24.5,B,Moderate-Low,0.015,0.35,2560.7,0.0052
LN00728,Mortgage,Primary Residence,2020-01-11,2034-10-24,189500,180,6.3,1629.98,130546.55,0.6889,704,0.383,0.8166,162811,Employed,2.0,MD,,Real Estate,Current,0,56,Condo,No,20,35,30,15,0,20.8,B,Moderate-Low,0.015,0.35,685.37,0.0053
LN00729,Mortgage,Investment Property,2024-02-27,2053-09-22,764500,360,6.7,4933.15,751732.85,0.9833,726,0.4029,0.7958,78625,Employed,13.4,VA,,Real Estate,Current,0,6,Condo,Yes,20,35,15,0,0,17.0,B,Moderate-Low,0.015,0.35,3946.6,0.0053
LN00730,Mortgage,Investment Property,2023-06-17,2038-03-30,296000,180,9.04,3009.28,272971.2,0.9222,601,0.416,0.6625,89829,Employed,3.2,NC,,Real Estate,Current,0,14,Townhouse,Yes,75,35,5,15,0,33.5,C,Moderate,0.04,0.35,3821.6,0.014
LN00731,Mortgage,Primary Residence,2023-01-30,2052-08-25,241500,360,7.81,1740.16,228748.8,0.9472,683,0.4156,0.866,150474,Employed,5.7,FL,,Real Estate,Current,0,19,Single Family,Yes,35,35,30,5,0,24.2,B,Moderate-Low,0.015,0.35,1200.93,0.0052
LN00732,Mortgage,Refinance,2024-01-26,2038-11-08,793000,180,8.63,7869.53,762152.3,0.9611,577,0.4484,0.9289,215285,Employed,3.1,MD,,Real Estate,Current,0,7,Condo,No,100,55,50,15,0,52.8,D,High,0.1,0.35,26675.33,0.035
LN00733,Mortgage,Primary Residence,2023-09-04,2053-03-30,788000,360,6.91,5195.04,761759.6,0.9667,761,0.2864,0.6657,130695,Employed,18.3,GA,,Real Estate,Current,0,12,Multi-Family,Yes,10,20,5,0,0,8.8,A,Low Risk,0.005,0.35,1333.08,0.0018
LN00734,Mortgage,Refinance,2022-07-11,2042-03-28,134000,240,7.8,1104.21,119487.8,0.8917,699,0.4885,0.5678,73953,Employed,0.9,NJ,,Real Estate,Current,0,26,Multi-Family,Yes,35,55,0,25,0,26.8,B,Moderate-Low,0.015,0.35,627.31,0.0052
LN00735,Mortgage,Investment Property,2022-05-27,2042-02-11,131000,240,7.08,1021.94,116262.5,0.8875,744,0.4166,0.7338,140913,Employed,4.1,PA,,Real Estate,Current,0,27,Townhouse,Yes,10,35,15,15,0,15.5,B,Moderate-Low,0.015,0.35,610.38,0.0053
LN00736,Mortgage,Refinance,2022-01-06,2041-09-23,243500,240,8.13,2056.48,211041.45,0.8667,692,0.332,0.619,361647,Self-Employed,12.4,IL,,Real Estate,Current,0,32,Townhouse,No,35,20,5,25,0,18.8,B,Moderate-Low,0.015,0.35,1107.97,0.0053
LN00737,Mortgage,Primary Residence,2022-01-04,2041-09-21,787000,240,8.52,6839.73,682092.9,0.8667,630,0.2334,0.9416,135537,Employed,4.2,MI,,Real Estate,Current,0,32,Single Family,No,55,10,50,15,0,28.0,B,Moderate-Low,0.015,0.35,3580.99,0.0053
LN00738,Mortgage,Primary Residence,2020-10-13,2040-06-30,194000,240,8.84,1725.56,156014.8,0.8042,648,0.5015,0.8913,161307,Employed,11.6,MO,,Real Estate,Current,0,47,Single Family,Yes,55,80,30,0,0,41.0,C,Moderate,0.04,0.35,2184.21,0.014
LN00739,Mortgage,Second Home,2023-07-17,2053-02-09,637000,360,7.85,4607.64,614004.3,0.9639,672,0.2974,0.8656,108722,Self-Employed,1.6,CA,,Real Estate,Current,0,13,Single Family,No,35,20,30,50,0,25.0,B,Moderate-Low,0.015,0.35,3223.52,0.0052
LN00740,Mortgage,Second Home,2021-06-17,2051-01-11,225500,360,7.23,1535.25,201078.35,0.8917,748,0.3567,0.6143,82191,Retired,7.2,MO,,Real Estate,Current,0,39,Multi-Family,No,10,20,5,15,0,10.2,A,Low Risk,0.005,0.35,351.89,0.0018
LN00741,Mortgage,Refinance,2021-04-02,2040-12-18,564500,240,7.52,4554.48,468083.4,0.8292,691,0.3907,0.8893,81846,Self-Employed,4.1,MD,,Real Estate,Current,0,41,Townhouse,No,35,35,30,40,0,27.8,B,Moderate-Low,0.015,0.35,2457.44,0.0053
LN00742,Mortgage,Primary Residence,2022-11-11,2052-06-06,396500,360,6.91,2614.0,372273.85,0.9389,780,0.3069,0.7791,131021,Employed,1.6,FL,,Real Estate,Current,0,22,Condo,No,0,20,15,25,0,9.8,A,Low Risk,0.005,0.35,651.48,0.0018
LN00743,Mortgage,Investment Property,2020-10-14,2050-05-10,907500,360,9.24,7459.2,788980.5,0.8694,533,0.3269,0.6175,122378,Employed,3.7,MA,,Real Estate,Current,0,47,Multi-Family,Yes,100,20,5,15,0,37.2,C,Moderate,0.04,0.35,11045.73,0.014
LN00744,Mortgage,Refinance,2021-03-24,2036-01-05,415500,180,8.3,4043.03,320849.1,0.7722,686,0.5113,0.9362,124471,Employed,2.8,TN,,Real Estate,Current,0,41,Condo,Yes,35,80,50,15,0,39.5,C,Moderate,0.04,0.35,4491.89,0.014
LN00745,Mortgage,Second Home,2023-10-01,2038-07-14,708500,180,8.02,6778.98,669107.4,0.9444,670,0.2812,0.7176,59997,Employed,9.0,VA,,Real Estate,Late,1,10,Single Family,Yes,35,20,15,5,30,24.2,B,Moderate-Low,0.015,0.35,3512.81,0.0052
LN00746,Mortgage,Refinance,2021-10-25,2051-05-21,845500,360,8.95,6772.69,765684.8,0.9056,585,0.3167,0.8391,154821,Self-Employed,2.3,NY,,Real Estate,Current,0,34,Condo,No,75,20,30,40,0,36.0,C,Moderate,0.04,0.35,10719.59,0.014
LN00747,Mortgage,Primary Residence,2023-08-31,2043-05-18,282500,240,7.66,2303.52,268375.0,0.95,678,0.2722,0.9406,121549,Employed,2.8,WA,,Real Estate,Current,0,12,Townhouse,No,35,10,50,15,0,22.0,B,Moderate-Low,0.015,0.35,1408.97,0.0053
LN00748,Mortgage,Refinance,2022-11-23,2037-09-05,940500,180,9.58,9866.38,830743.65,0.8833,561,0.427,0.8188,157350,Employed,0.5,WA,,Real Estate,Current,0,21,Townhouse,Yes,100,35,30,25,0,45.8,C,Moderate,0.04,0.35,11630.41,0.014
LN00749,Mortgage,Second Home,2020-01-14,2049-08-09,245500,360,7.03,1638.27,207300.2,0.8444,734,0.1837,0.7004,181655,Retired,8.5,IN,,Real Estate,Current,0,56,Condo,No,20,0,15,15,0,9.8,A,Low Risk,0.005,0.35,362.78,0.0018
LN00750,Mortgage,Investment Property,2022-11-19,2037-09-01,785500,180,7.94,7479.46,693832.15,0.8833,675,0.3549,0.6947,85738,Employed,0.7,NC,,Real Estate,Current,0,21,Multi-Family,No,35,20,5,25,0,18.8,B,Moderate-Low,0.015,0.35,3642.62,0.0053
LN00751,Mortgage,Second Home,2024-01-09,2053-08-04,638500,360,9.06,5165.1,626113.1,0.9806,647,0.1316,0.7819,169342,Self-Employed,4.7,NY,,Real Estate,Current,0,7,Single Family,Yes,55,0,15,40,0,22.8,B,Moderate-Low,0.015,0.35,3287.09,0.0052
LN00752,Mortgage,Investment Property,2023-10-14,2043-07-01,369500,240,8.24,3146.06,354091.85,0.9583,639,0.32,0.6989,164025,Employed,1.8,TN,,Real Estate,Current,0,10,Single Family,No,55,20,5,25,0,24.8,B,Moderate-Low,0.015,0.35,1858.98,0.0052
LN00753,Mortgage,Investment Property,2020-03-29,2035-01-10,165000,180,7.14,1496.01,116424.0,0.7056,704,0.3501,0.7548,130853,Employed,4.5,IL,,Real Estate,Current,0,53,Single Family,No,20,20,15,15,0,14.8,A,Low Risk,0.005,0.35,203.74,0.0017
LN00754,Mortgage,Investment Property,2020-10-27,2050-05-23,294000,360,7.25,2005.6,256426.8,0.8722,656,0.4106,0.938,104120,Employed,0.5,TX,,Real Estate,Current,0,46,Single Family,No,55,35,50,25,0,35.2,C,Moderate,0.04,0.35,3589.98,0.014
LN00755,Mortgage,Investment Property,2024-01-30,2053-08-25,769500,360,8.69,6020.71,754571.7,0.9806,638,0.4216,0.8268,216190,Retired,1.0,MI,,Real Estate,Current,0,7,Townhouse,Yes,55,35,30,35,0,33.2,C,Moderate,0.04,0.35,10564.0,0.014
LN00756,Mortgage,Investment Property,2020-12-15,2040-09-01,454000,240,7.73,3721.51,368875.0,0.8125,658,0.3571,0.8101,171096,Self-Employed,0.6,GA,,Real Estate,Current,0,45,Multi-Family,No,55,20,30,50,0,31.0,C,Moderate,0.04,0.35,5164.25,0.014
LN00757,Mortgage,Primary Residence,2024-01-23,2038-11-05,532000,180,8.21,5148.77,511305.2,0.9611,628,0.2971,0.7104,72428,Retired,2.6,NJ,,Real Estate,Current,0,7,Townhouse,No,55,20,15,25,0,26.2,B,Moderate-Low,0.015,0.35,2684.35,0.0052
LN00758,Mortgage,Second Home,2020-09-27,2040-06-14,245500,240,7.34,1953.78,197431.1,0.8042,657,0.2309,0.8329,160964,Employed,1.3,NY,,Real Estate,Current,0,47,Single Family,Yes,55,10,30,25,0,26.0,B,Moderate-Low,0.015,0.35,1036.51,0.0052
LN00759,Mortgage,Primary Residence,2022-09-01,2037-06-14,600000,180,7.81,5668.29,520020.0,0.8667,710,0.2965,0.7716,88276,Employed,1.2,WI,,Real Estate,Current,0,24,Townhouse,Yes,20,20,15,25,0,15.8,B,Moderate-Low,0.015,0.35,2730.1,0.0052
LN00760,Mortgage,Primary Residence,2020-09-23,2050-04-19,861500,360,7.29,5900.34,748988.1,0.8694,721,0.4086,0.5879,219877,Employed,4.7,WI,,Real Estate,Current,0,47,Townhouse,No,20,35,0,15,0,16.2,B,Moderate-Low,0.015,0.35,3932.19,0.0053
LN00761,Mortgage,Second Home,2020-03-29,2039-12-15,717500,240,6.79,5472.69,559076.0,0.7792,734,0.3724,0.7355,270247,Employed,1.1,IN,,Real Estate,Current,0,53,Multi-Family,Yes,20,35,15,25,0,19.5,B,Moderate-Low,0.015,0.35,2935.15,0.0053
LN00762,Mortgage,Investment Property,2024-02-27,2053-09-22,670500,360,7.93,4887.21,659302.65,0.9833,686,0.511,0.6362,117778,Employed,0.8,MD,,Real Estate,Current,0,6,Townhouse,No,35,80,5,25,0,33.8,C,Moderate,0.04,0.35,9230.24,0.014
LN00763,Mortgage,Second Home,2020-06-20,2035-04-03,410500,180,6.96,3680.52,294205.35,0.7167,690,0.4178,0.5763,246469,Employed,4.8,MI,,Real Estate,Current,0,51,Condo,No,35,35,0,15,0,20.8,B,Moderate-Low,0.015,0.35,1544.58,0.0053
LN00764,Mortgage,Primary Residence,2023-12-23,2038-10-05,281500,180,8.5,2772.04,269001.4,0.9556,595,0.4265,0.7751,197502,Employed,8.6,CA,,Real Estate,Current,0,8,Townhouse,No,75,35,15,5,0,34.0,C,Moderate,0.04,0.35,3766.02,0.014
LN00765,Mortgage,Primary Residence,2021-02-24,2050-09-20,922000,360,7.66,6548.07,814402.6,0.8833,714,0.3221,0.6071,66526,Employed,3.0,NJ,,Real Estate,Current,0,42,Townhouse,No,20,20,5,15,0,13.2,A,Low Risk,0.005,0.35,1425.2,0.0017
LN00766,Mortgage,Second Home,2023-04-13,2052-11-06,189000,360,7.13,1273.97,180608.4,0.9556,750,0.3096,0.6746,109525,Employed,9.2,NC,,Real Estate,Current,0,16,Multi-Family,No,10,20,5,5,0,9.2,A,Low Risk,0.005,0.35,316.06,0.0017
LN00767,Mortgage,Second Home,2022-03-24,2051-10-18,432000,360,5.32,2404.28,397180.8,0.9194,804,0.252,0.7604,127960,Employed,9.9,OH,,Real Estate,Current,0,29,Multi-Family,Yes,0,10,15,5,0,5.2,A,Low Risk,0.005,0.35,695.07,0.0018
LN00768,Mortgage,Refinance,2023-02-10,2052-09-05,894500,360,5.3,4967.2,849775.0,0.95,843,0.2563,0.7809,154063,Employed,6.3,TN,,Real Estate,Current,0,18,Townhouse,Yes,0,10,15,5,0,5.2,A,Low Risk,0.005,0.35,1487.11,0.0018
LN00769,Mortgage,Second Home,2020-10-09,2050-05-05,187500,360,7.63,1327.76,163012.5,0.8694,704,0.1704,0.9303,440671,Self-Employed,3.2,NY,,Real Estate,Current,0,47,Single Family,No,20,0,50,40,0,17.5,B,Moderate-Low,0.015,0.35,855.82,0.0053
LN00770,Mortgage,Primary Residence,2022-11-07,2037-08-20,738000,180,7.27,6745.25,647816.4,0.8778,713,0.2074,0.626,324885,Self-Employed,3.7,WA,,Real Estate,Current,0,22,Townhouse,Yes,20,10,5,40,0,13.2,A,Low Risk,0.005,0.35,1133.68,0.0018
LN00771,Mortgage,Second Home,2020-01-11,2049-08-06,466500,360,7.07,3125.6,393912.6,0.8444,744,0.4199,0.6595,70465,Self-Employed,23.5,FL,,Real Estate,Current,0,56,Single Family,No,10,35,5,25,0,15.0,B,Moderate-Low,0.015,0.35,2068.04,0.0052
LN00772,Mortgage,Primary Residence,2021-06-22,2036-04-04,923500,180,8.08,8868.15,728549.15,0.7889,648,0.4045,0.7333,134717,Employed,17.4,GA,,Real Estate,Current,0,38,Townhouse,No,55,35,15,0,0,27.5,B,Moderate-Low,0.015,0.35,3824.88,0.0052
LN00773,Mortgage,Primary Residence,2023-09-05,2053-03-31,498000,360,6.94,3293.16,481416.6,0.9667,685,0.3246,0.6927,92266,Employed,1.1,IN,,Real Estate,Current,0,12,Townhouse,No,35,20,5,25,0,18.8,B,Moderate-Low,0.015,0.35,2527.44,0.0053
LN00774,Mortgage,Refinance,2020-01-22,2039-10-09,877000,240,7.01,6804.64,672395.9,0.7667,726,0.3778,0.5658,218453,Retired,8.1,OH,,Real Estate,Current,0,56,Single Family,No,20,35,0,15,0,16.2,B,Moderate-Low,0.015,0.35,3530.08,0.0053
LN00775,Mortgage,Investment Property,2022-11-11,2052-06-06,582500,360,6.61,3724.04,546909.25,0.9389,743,0.5109,0.6619,441167,Self-Employed,5.0,IN,,Real Estate,Current,0,22,Multi-Family,Yes,10,80,5,30,0,26.8,B,Moderate-Low,0.015,0.35,2871.27,0.0052
LN00776,Mortgage,Primary Residence,2023-09-03,2038-06-16,393500,180,5.44,3202.71,367253.55,0.9333,803,0.3315,0.8928,102721,Contract,6.9,CA,,Real Estate,Current,0,12,Townhouse,No,0,20,30,25,0,12.0,A,Low Risk,0.005,0.35,642.69,0.0017
LN00777,Mortgage,Investment Property,2023-10-03,2043-06-20,545000,240,6.77,4150.47,520039.0,0.9542,715,0.2404,0.5691,116348,Employed,2.6,WA,,Real Estate,Current,0,11,Single Family,No,20,10,0,15,0,10.0,A,Low Risk,0.005,0.35,910.07,0.0018
LN00778,Mortgage,Refinance,2023-01-30,2037-11-12,879500,180,8.17,8491.5,786624.8,0.8944,594,0.1925,0.752,106994,Self-Employed,26.7,MI,,Real Estate,Current,0,19,Multi-Family,No,75,0,15,25,0,27.2,B,Moderate-Low,0.015,0.35,4129.78,0.0052
LN00779,Mortgage,Second Home,2023-05-26,2038-03-08,718500,180,7.97,6853.92,658648.95,0.9167,601,0.393,0.9027,119391,Employed,4.3,OH,,Real Estate,Current,0,15,Multi-Family,No,75,35,50,15,0,40.2,C,Moderate,0.04,0.35,9221.09,0.014
LN00780,Mortgage,Primary Residence,2022-04-13,2037-01-24,137000,180,6.05,1159.79,114929.3,0.8389,820,0.193,0.563,372221,Employed,5.4,IN,,Real Estate,Current,0,29,Multi-Family,No,0,0,0,5,0,0.5,A,Low Risk,0.005,0.35,201.13,0.0018
LN00781,Mortgage,Refinance,2022-11-17,2037-08-30,818000,180,7.26,7471.83,722539.4,0.8833,688,0.346,0.7221,171529,Retired,2.3,NC,,Real Estate,Current,0,21,Townhouse,No,35,20,15,25,0,20.2,B,Moderate-Low,0.015,0.35,3793.33,0.0052
LN00782,Mortgage,Second Home,2022-09-17,2052-04-12,408000,360,7.08,2736.39,381928.8,0.9361,723,0.2973,0.8244,72794,Self-Employed,17.8,GA,,Real Estate,Current,0,23,Single Family,Yes,20,20,30,25,0,18.0,B,Moderate-Low,0.015,0.35,2005.13,0.0053
LN00783,Mortgage,Investment Property,2020-08-26,2040-05-13,657000,240,8.42,5668.38,525600.0,0.8,632,0.4248,0.8356,137865,Employed,15.5,NC,,Real Estate,Current,0,48,Multi-Family,No,55,35,30,0,0,29.8,B,Moderate-Low,0.015,0.35,2759.4,0.0052
LN00784,Mortgage,Refinance,2021-12-24,2041-09-10,520000,240,7.06,4050.3,450684.0,0.8667,695,0.3586,0.554,79820,Employed,1.3,IN,,Real Estate,Current,0,32,Multi-Family,No,35,20,0,25,0,18.0,B,Moderate-Low,0.015,0.35,2366.09,0.0052
LN00785,Mortgage,Investment Property,2022-03-28,2037-01-08,621000,180,7.42,5728.55,520956.9,0.8389,679,0.4736,0.7143,172763,Employed,1.5,NJ,,Real Estate,Current,0,29,Multi-Family,No,35,55,15,25,0,29.0,B,Moderate-Low,0.015,0.35,2735.02,0.0052
LN00786,Mortgage,Investment Property,2021-03-23,2040-12-08,186000,240,8.06,1562.73,154231.2,0.8292,665,0.2885,0.554,83403,Employed,0.5,MD,,Real Estate,Current,0,41,Condo,No,35,20,0,25,0,18.0,B,Moderate-Low,0.015,0.35,809.71,0.0052
LN00787,Mortgage,Investment Property,2024-02-15,2038-11-28,163000,180,7.73,1532.41,157572.1,0.9667,701,0.3734,0.8882,139932,Retired,9.6,GA,,Real Estate,Current,0,6,Condo,No,20,35,30,15,0,20.8,B,Moderate-Low,0.015,0.35,827.25,0.0052
LN00788,Mortgage,Primary Residence,2023-06-20,2038-04-02,295500,180,6.78,2619.82,272510.1,0.9222,733,0.3011,0.6248,106368,Employed,0.5,VA,,Real Estate,Current,0,14,Single Family,No,20,20,5,25,0,14.2,A,Low Risk,0.005,0.35,476.89,0.0017
LN00789,Mortgage,Primary Residence,2023-09-20,2053-04-15,888500,360,6.65,5703.86,866287.5,0.975,767,0.4074,0.5802,108691,Self-Employed,1.7,CA,,Real Estate,Delinquent,2,9,Multi-Family,No,10,35,0,50,55,27.8,B,Moderate-Low,0.015,0.35,4548.01,0.0053
LN00790,Mortgage,Refinance,2021-10-07,2051-05-03,788000,360,7.78,5661.67,711406.4,0.9028,682,0.2418,0.6574,218594,Retired,4.1,TN,,Real Estate,Current,0,35,Condo,Yes,35,10,5,25,0,16.2,B,Moderate-Low,0.015,0.35,3734.88,0.0052
LN00791,Mortgage,Investment Property,2021-07-27,2051-02-20,397000,360,6.95,2627.93,356188.4,0.8972,700,0.3238,0.7843,500000,Employed,0.5,WA,,Real Estate,Current,0,37,Townhouse,No,20,20,15,25,0,15.8,B,Moderate-Low,0.015,0.35,1869.99,0.0053
LN00792,Mortgage,Second Home,2023-01-12,2042-09-29,598500,240,8.1,5043.41,551098.8,0.9208,623,0.2636,0.6925,268896,Employed,7.2,TX,,Real Estate,Current,0,19,Townhouse,No,55,10,5,5,0,20.2,B,Moderate-Low,0.015,0.35,2893.27,0.0053
LN00793,Mortgage,Primary Residence,2023-12-01,2038-09-13,185000,180,8.7,1843.52,175750.0,0.95,592,0.3348,0.5812,52759,Employed,7.4,IN,,Real Estate,Current,0,9,Condo,No,75,20,0,5,0,28.0,B,Moderate-Low,0.015,0.35,922.69,0.0053
LN00794,Mortgage,Refinance,2023-04-04,2042-12-20,901500,240,8.31,7715.36,837673.8,0.9292,630,0.4219,0.5846,66358,Employed,6.6,NY,,Real Estate,Current,0,17,Multi-Family,No,55,35,0,5,0,25.8,B,Moderate-Low,0.015,0.35,4397.79,0.0053
LN00795,Mortgage,Refinance,2021-07-05,2036-04-17,496500,180,7.86,4704.77,391688.85,0.7889,642,0.3864,0.7036,130529,Contract,11.6,TN,,Real Estate,Current,0,38,Condo,No,55,35,15,20,0,29.5,B,Moderate-Low,0.015,0.35,2056.37,0.0053
LN00796,Mortgage,Refinance,2022-05-18,2042-02-02,602500,240,7.99,5035.8,534718.75,0.8875,646,0.3628,0.7886,111928,Employed,2.7,OH,,Real Estate,Current,0,27,Townhouse,No,55,35,15,15,0,29.0,B,Moderate-Low,0.015,0.35,2807.27,0.0052
LN00797,Mortgage,Investment Property,2022-07-12,2042-03-29,897000,240,8.01,7508.45,799854.9,0.8917,613,0.3521,0.8978,137470,Employed,8.7,PA,,Real Estate,Current,0,26,Multi-Family,Yes,75,20,30,5,0,32.5,C,Moderate,0.04,0.35,11197.97,0.014
LN00798,Mortgage,Investment Property,2023-02-11,2037-11-24,722000,180,7.36,6635.72,649800.0,0.9,626,0.3453,0.7125,183723,Retired,4.0,AZ,,Real Estate,Current,0,18,Condo,No,55,20,15,25,0,26.2,B,Moderate-Low,0.015,0.35,3411.45,0.0052
LN00799,Mortgage,Investment Property,2020-01-20,2039-10-07,581000,240,8.3,4968.75,445452.7,0.7667,657,0.389,0.7148,164048,Employed,0.9,PA,,Real Estate,Current,0,56,Townhouse,No,55,35,15,25,0,30.0,C,Moderate,0.04,0.35,6236.34,0.014
LN00800,Mortgage,Primary Residence,2021-05-28,2041-02-12,607500,240,5.49,4175.48,508781.25,0.8375,850,0.3841,0.7299,162075,Retired,8.5,MO,,Real Estate,Current,0,39,Single Family,No,0,35,15,15,0,12.5,A,Low Risk,0.005,0.35,890.37,0.0018
LN00801,Mortgage,Refinance,2020-11-30,2050-06-26,865500,360,6.03,5205.81,757312.5,0.875,762,0.287,0.8243,132368,Employed,11.8,TX,,Real Estate,Current,0,45,Single Family,Yes,10,20,30,0,0,12.5,A,Low Risk,0.005,0.35,1325.3,0.0018
LN00802,Mortgage,Refinance,2024-03-04,2043-11-20,466500,240,7.62,3792.4,454837.5,0.975,659,0.2972,0.6782,200362,Employed,0.9,NJ,,Real Estate,Current,0,6,Multi-Family,Yes,55,20,5,25,0,24.8,B,Moderate-Low,0.015,0.35,2387.9,0.0053
LN00803,Mortgage,Investment Property,2022-04-23,2037-02-03,861500,180,8.68,8574.67,727450.6,0.8444,567,0.4464,0.6828,366331,Employed,8.2,NY,,Real Estate,Current,0,28,Multi-Family,Yes,100,55,5,5,0,45.0,C,Moderate,0.04,0.35,10184.31,0.014
LN00804,Mortgage,Second Home,2021-10-27,2041-07-14,172500,240,8.15,1459.0,148056.75,0.8583,662,0.2923,0.8935,86302,Employed,6.0,IN,,Real Estate,Current,0,34,Townhouse,Yes,35,20,30,5,0,20.5,B,Moderate-Low,0.015,0.35,777.3,0.0053
LN00805,Mortgage,Investment Property,2021-08-09,2051-03-05,837000,360,6.65,5373.25,750956.4,0.8972,786,0.2377,0.8277,485995,Employed,0.5,MA,,Real Estate,Current,0,37,Multi-Family,Yes,0,10,30,25,0,9.5,A,Low Risk,0.005,0.35,1314.17,0.0017
LN00806,Mortgage,Primary Residence,2023-07-16,2043-04-02,786500,240,6.55,5887.11,743871.7,0.9458,735,0.3907,0.8464,47107,Employed,6.5,WI,,Real Estate,Current,0,13,Condo,Yes,20,35,30,5,0,19.8,B,Moderate-Low,0.015,0.35,3905.33,0.0053
LN00807,Mortgage,Refinance,2021-04-12,2040-12-28,434500,240,8.25,3702.23,360287.4,0.8292,644,0.4677,0.7337,210072,Employed,10.2,NJ,,Real Estate,Current,0,41,Townhouse,No,55,55,15,0,0,32.5,C,Moderate,0.04,0.35,5044.02,0.014
LN00808,Mortgage,Second Home,2022-06-30,2042-03-17,803500,240,5.32,5445.81,716480.95,0.8917,841,0.3917,0.716,176508,Self-Employed,0.6,VA,,Real Estate,Current,0,26,Condo,No,0,35,15,50,0,16.0,B,Moderate-Low,0.015,0.35,3761.52,0.0052
LN00809,Mortgage,Refinance,2020-02-17,2034-11-30,614500,180,8.7,6123.48,426708.8,0.6944,633,0.3206,0.6849,81685,Self-Employed,0.6,IL,,Real Estate,Current,0,55,Condo,No,55,20,5,50,0,27.2,B,Moderate-Low,0.015,0.35,2240.22,0.0052
LN00810,Mortgage,Second Home,2022-03-24,2037-01-04,587000,180,7.51,5444.9,492434.3,0.8389,676,0.2612,0.5515,264537,Employed,1.6,NY,,Real Estate,Current,0,29,Single Family,No,35,10,0,25,0,15.5,B,Moderate-Low,0.015,0.35,2585.28,0.0052
LN00811,Mortgage,Investment Property,2022-12-09,2042-08-26,683500,240,6.54,5112.1,623693.75,0.9125,771,0.3504,0.9471,148027,Employed,3.1,FL,,Real Estate,Current,0,21,Townhouse,Yes,10,20,50,15,0,17.0,B,Moderate-Low,0.015,0.35,3274.39,0.0052
LN00812,Mortgage,Second Home,2021-04-14,2040-12-30,595000,240,9.09,5387.86,493374.0,0.8292,553,0.445,0.6647,174292,Self-Employed,2.0,GA,,Real Estate,Current,0,41,Condo,Yes,100,55,5,40,0,48.5,C,Moderate,0.04,0.35,6907.24,0.014
LN00813,Mortgage,Refinance,2020-12-15,2050-07-11,213500,360,8.3,1611.47,186812.5,0.875,651,0.3136,0.8044,89253,Employed,1.1,CA,,Real Estate,Current,0,45,Townhouse,No,55,20,30,25,0,28.5,B,Moderate-Low,0.015,0.35,980.77,0.0053
LN00814,Mortgage,Investment Property,2023-01-12,2042-09-29,165000,240,6.62,1241.88,151932.0,0.9208,764,0.3558,0.7428,85043,Employed,4.2,NC,,Real Estate,Current,0,19,Townhouse,Yes,10,20,15,15,0,11.8,A,Low Risk,0.005,0.35,265.88,0.0017
LN00815,Mortgage,Refinance,2024-03-13,2053-10-07,805000,360,7.43,5590.14,793810.5,0.9861,736,0.3499,0.7094,160769,Employed,2.3,MD,,Real Estate,Current,0,5,Townhouse,No,20,20,15,15,0,14.8,A,Low Risk,0.005,0.35,1389.17,0.0018
LN00816,Mortgage,Refinance,2021-04-10,2050-11-04,211500,360,8.11,1568.16,187410.15,0.8861,642,0.2867,0.7357,115114,Employed,3.4,FL,,Real Estate,Current,0,41,Multi-Family,No,55,20,15,15,0,25.2,B,Moderate-Low,0.015,0.35,983.9,0.0052
LN00817,Mortgage,Investment Property,2021-09-13,2036-06-26,762000,180,7.51,7068.17,609600.0,0.8,653,0.2419,0.5551,294923,Employed,9.5,CA,,Real Estate,Current,0,36,Multi-Family,No,55,10,0,5,0,19.5,B,Moderate-Low,0.015,0.35,3200.4,0.0052
LN00818,Mortgage,Second Home,2022-12-31,2042-09-17,551500,240,8.6,4821.01,505560.05,0.9167,662,0.3282,0.9363,103532,Self-Employed,1.5,CA,,Real Estate,Current,0,20,Multi-Family,No,35,20,50,50,0,28.0,B,Moderate-Low,0.015,0.35,2654.19,0.0052
LN00819,Mortgage,Investment Property,2024-04-17,2039-01-29,893000,180,8.72,8909.26,873175.4,0.9778,646,0.269,0.7546,97744,Self-Employed,15.0,AZ,,Real Estate,Current,0,4,Multi-Family,No,55,10,15,25,0,23.8,B,Moderate-Low,0.015,0.35,4584.17,0.0052
LN00820,Mortgage,Investment Property,2022-04-23,2037-02-03,923000,180,8.03,8836.66,779381.2,0.8444,660,0.2546,0.6168,79612,Employed,0.8,MO,,Real Estate,Current,0,28,Townhouse,Yes,35,10,5,25,0,16.2,B,Moderate-Low,0.015,0.35,4091.75,0.0052
LN00821,Mortgage,Investment Property,2021-03-27,2040-12-12,308000,240,8.78,2727.73,255393.6,0.8292,590,0.2889,0.9134,44847,Employed,9.1,NC,,Real Estate,Current,0,41,Multi-Family,Yes,75,20,50,5,0,35.5,C,Moderate,0.04,0.35,3575.51,0.014
LN00822,Mortgage,Second Home,2024-03-01,2053-09-25,646000,360,6.45,4061.94,635211.8,0.9833,771,0.371,0.9136,63689,Self-Employed,19.0,MO,,Real Estate,Current,0,6,Single Family,Yes,10,35,50,25,0,21.8,B,Moderate-Low,0.015,0.35,3334.86,0.0052
LN00823,Mortgage,Second Home,2020-10-06,2035-07-20,599500,180,9.07,6105.52,442970.55,0.7389,548,0.2522,0.7512,155709,Employed,0.5,MI,,Real Estate,Current,0,47,Multi-Family,No,100,10,15,25,0,37.2,C,Moderate,0.04,0.35,6201.59,0.014
LN00824,Mortgage,Primary Residence,2023-06-29,2053-01-22,278500,360,6.59,1776.83,267666.35,0.9611,758,0.2285,0.6562,108663,Employed,8.7,TN,,Real Estate,Current,0,14,Single Family,Yes,10,10,5,5,0,6.8,A,Low Risk,0.005,0.35,468.42,0.0018
LN00825,Mortgage,Refinance,2020-02-15,2049-09-10,244000,360,7.4,1689.41,206716.8,0.8472,661,0.2952,0.7342,49613,Contract,13.9,PA,,Real Estate,Current,0,55,Condo,No,35,20,15,20,0,19.8,B,Moderate-Low,0.015,0.35,1085.26,0.0052
LN00826,Mortgage,Investment Property,2022-06-16,2052-01-10,285500,360,7.51,1998.21,264886.9,0.9278,677,0.2234,0.8073,40009,Employed,1.8,CA,,Real Estate,Current,0,26,Townhouse,Yes,35,10,30,25,0,20.0,B,Moderate-Low,0.015,0.35,1390.66,0.0053
LN00827,Mortgage,Second Home,2021-12-01,2036-09-13,465000,180,7.38,4278.96,379765.5,0.8167,741,0.3317,0.6302,98077,Employed,1.5,AZ,,Real Estate,Current,0,33,Townhouse,Yes,10,20,5,25,0,11.2,A,Low Risk,0.005,0.35,664.59,0.0018
LN00828,Mortgage,Investment Property,2024-06-08,2054-01-02,461500,360,8.21,3454.13,458915.6,0.9944,658,0.3582,0.5694,75877,Employed,1.4,TX,,Real Estate,Current,0,2,Multi-Family,No,55,20,0,25,0,24.0,B,Moderate-Low,0.015,0.35,2409.31,0.0053
LN00829,Mortgage,Investment Property,2020-05-26,2040-02-11,699000,240,7.48,5622.55,550462.5,0.7875,656,0.4775,0.6782,140848,Employed,0.6,MO,,Real Estate,Current,0,51,Townhouse,No,55,55,5,25,0,33.5,C,Moderate,0.04,0.35,7706.48,0.014
LN00830,Mortgage,Second Home,2020-09-06,2035-06-20,377000,180,9.94,4037.43,276454.1,0.7333,541,0.3467,0.8969,116487,Employed,6.7,GA,,Real Estate,Current,0,48,Single Family,Yes,100,20,30,5,0,40.0,C,Moderate,0.04,0.35,3870.36,0.014
LN00831,Mortgage,Investment Property,2022-08-01,2037-05-14,852000,180,5.96,7171.26,733657.2,0.8611,803,0.3028,0.8511,161275,Employed,3.9,NY,,Real Estate,Current,0,25,Townhouse,No,0,20,30,15,0,11.0,A,Low Risk,0.005,0.35,1283.9,0.0017
LN00832,Mortgage,Primary Residence,2021-10-01,2051-04-27,913000,360,7.38,6308.98,824256.4,0.9028,736,0.4312,0.7099,45916,Employed,18.4,NJ,,Real Estate,Current,0,35,Multi-Family,No,20,55,15,0,0,22.0,B,Moderate-Low,0.015,0.35,4327.35,0.0053
LN00833,Mortgage,Primary Residence,2023-07-31,2043-04-17,668000,240,8.58,5830.93,631794.4,0.9458,636,0.3093,0.6296,109948,Employed,5.5,MI,,Real Estate,Current,0,13,Single Family,Yes,55,20,5,5,0,22.8,B,Moderate-Low,0.015,0.35,3316.92,0.0052
LN00834,Mortgage,Investment Property,2023-07-20,2038-05-02,807000,180,6.28,6932.6,748734.6,0.9278,780,0.4605,0.5655,43354,Employed,1.3,AZ,,Real Estate,Current,0,13,Single Family,No,0,55,0,25,0,16.2,B,Moderate-Low,0.015,0.35,3930.86,0.0053
LN00835,Mortgage,Second Home,2024-06-04,2044-02-20,250500,240,6.95,1934.61,249447.9,0.9958,653,0.2572,0.9288,202985,Employed,1.7,TX,,Real Estate,Late,1,1,Multi-Family,Yes,55,10,50,25,30,35.0,C,Moderate,0.04,0.35,3492.27,0.014
LN00836,Mortgage,Refinance,2021-05-24,2036-03-06,635500,180,6.18,5424.71,497787.15,0.7833,824,0.3113,0.6247,204730,Employed,10.7,PA,,Real Estate,Current,0,39,Single Family,No,0,20,5,0,0,5.8,A,Low Risk,0.005,0.35,871.13,0.0018
LN00837,Mortgage,Primary Residence,2023-08-13,2043-04-30,327500,240,8.37,2815.23,311125.0,0.95,597,0.2848,0.6619,62853,Self-Employed,1.3,IL,,Real Estate,Current,0,12,Townhouse,No,75,20,5,50,0,33.2,C,Moderate,0.04,0.35,4355.75,0.014
LN00838,Mortgage,Refinance,2021-10-10,2036-07-23,740500,180,7.61,6910.9,596546.8,0.8056,661,0.3232,0.8767,174707,Self-Employed,19.3,MO,,Real Estate,Current,0,35,Condo,No,35,20,30,25,0,22.5,B,Moderate-Low,0.015,0.35,3131.87,0.0052
LN00839,Mortgage,Investment Property,2023-11-12,2038-08-25,673000,180,7.53,6250.27,639350.0,0.95,677,0.2554,0.7843,465305,Employed,5.3,WA,,Real Estate,Current,0,9,Single Family,No,35,10,15,5,0,15.8,B,Moderate-Low,0.015,0.35,3356.59,0.0053
LN00840,Mortgage,Second Home,2023-12-18,2043-09-04,670500,240,7.06,5222.55,648172.35,0.9667,651,0.4772,0.7079,191905,Employed,6.2,MA,,Real Estate,Current,0,8,Condo,Yes,55,55,15,5,0,33.0,C,Moderate,0.04,0.35,9074.41,0.014
LN00841,Mortgage,Refinance,2021-12-13,2051-07-09,848500,360,7.1,5702.19,770692.55,0.9083,677,0.3348,0.9219,183384,Self-Employed,4.0,NJ,,Real Estate,Current,0,33,Single Family,No,35,20,50,40,0,27.0,B,Moderate-Low,0.015,0.35,4046.14,0.0053
LN00842,Mortgage,Refinance,2020-11-13,2050-06-09,875500,360,7.24,5966.52,763611.1,0.8722,705,0.3701,0.7581,116789,Employed,6.8,MA,,Real Estate,Current,0,46,Townhouse,No,20,35,15,5,0,17.5,B,Moderate-Low,0.015,0.35,4008.96,0.0053
LN00843,Mortgage,Investment Property,2024-05-08,2039-02-19,248500,180,7.07,2243.32,244350.05,0.9833,710,0.3378,0.696,80893,Employed,3.4,IN,,Real Estate,Current,0,3,Multi-Family,No,20,20,5,15,0,13.2,A,Low Risk,0.005,0.35,427.61,0.0017
LN00844,Mortgage,Second Home,2021-05-04,2050-11-28,649000,360,7.01,4322.17,576896.1,0.8889,690,0.3629,0.8453,89196,Self-Employed,2.5,NJ,,Real Estate,Current,0,40,Townhouse,No,35,35,30,40,0,27.8,B,Moderate-Low,0.015,0.35,3028.7,0.0052
LN00845,Mortgage,Refinance,2020-11-11,2050-06-07,377000,360,8.72,2957.79,331986.2,0.8806,641,0.4368,0.5864,33874,Employed,15.4,NJ,,Real Estate,Delinquent,3,43,Single Family,No,55,55,0,0,75,45.2,C,Moderate,0.04,0.35,4647.81,0.014
LN00846,Mortgage,Investment Property,2023-09-11,2053-04-06,156000,360,7.96,1140.33,151226.4,0.9694,664,0.4335,0.9059,85626,Employed,0.5,FL,,Real Estate,Current,0,11,Single Family,Yes,35,55,50,25,0,34.2,C,Moderate,0.04,0.35,2117.17,0.014
LN00847,Mortgage,Primary Residence,2020-08-07,2035-05-21,143000,180,7.38,1315.9,104075.4,0.7278,698,0.3236,0.9026,167627,Employed,3.2,TN,,Real Estate,Current,0,49,Townhouse,No,35,20,50,15,0,24.5,B,Moderate-Low,0.015,0.35,546.4,0.0053
LN00848,Mortgage,Refinance,2023-07-01,2053-01-24,873500,360,7.12,5881.98,839520.85,0.9611,677,0.346,0.5763,195697,Employed,7.1,MD,,Real Estate,Current,0,14,Single Family,No,35,20,0,5,0,16.0,B,Moderate-Low,0.015,0.35,4407.48,0.0052
LN00849,Mortgage,Primary Residence,2021-03-03,2035-12-15,178000,180,5.57,1461.03,136472.6,0.7667,767,0.2939,0.6798,139605,Retired,17.4,TN,,Real Estate,Current,0,42,Single Family,Yes,10,20,5,10,0,9.8,A,Low Risk,0.005,0.35,238.83,0.0018
LN00850,Mortgage,Primary Residence,2023-02-16,2042-11-03,732500,240,5.23,4927.73,677562.5,0.925,839,0.3266,0.8005,106114,Self-Employed,6.6,AZ,,Real Estate,Current,0,18,Single Family,Yes,0,20,30,30,0,12.5,A,Low Risk,0.005,0.35,1185.73,0.0017
LN00851,Mortgage,Investment Property,2020-05-24,2049-12-18,745500,360,8.31,5632.17,637849.8,0.8556,634,0.3545,0.7272,205337,Employed,5.8,MI,,Real Estate,Current,0,52,Single Family,No,55,20,15,5,0,24.2,B,Moderate-Low,0.015,0.35,3348.71,0.0052
LN00852,Mortgage,Investment Property,2021-04-18,2050-11-12,503000,360,8.34,3810.74,445708.3,0.8861,666,0.3465,0.7824,174806,Employed,7.9,MO,,Real Estate,Current,0,41,Condo,No,35,20,15,5,0,18.2,B,Moderate-Low,0.015,0.35,2339.97,0.0053
LN00853,Mortgage,Primary Residence,2024-03-14,2053-10-08,833500,360,6.26,5137.43,821914.35,0.9861,798,0.3189,0.655,213058,Employed,1.7,MO,,Real Estate,Current,0,5,Townhouse,No,0,20,5,25,0,8.2,A,Low Risk,0.005,0.35,1438.35,0.0017
LN00854,Mortgage,Investment Property,2023-09-24,2053-04-19,515000,360,7.87,3732.32,499241.0,0.9694,669,0.3091,0.8582,206197,Retired,1.4,AZ,,Real Estate,Current,0,11,Townhouse,No,35,20,30,35,0,23.5,B,Moderate-Low,0.015,0.35,2621.02,0.0053
LN00855,Mortgage,Second Home,2021-11-22,2051-06-18,309000,360,8.25,2321.41,280664.7,0.9083,653,0.3968,0.787,64982,Employed,2.9,PA,,Real Estate,Current,0,33,Multi-Family,No,55,35,15,15,0,29.0,B,Moderate-Low,0.015,0.35,1473.49,0.0053
LN00856,Mortgage,Second Home,2021-10-26,2051-05-22,266000,360,5.05,1436.08,240889.6,0.9056,778,0.4368,0.7667,375124,Employed,0.8,VA,,Real Estate,Current,0,34,Condo,No,10,55,15,25,0,21.5,B,Moderate-Low,0.015,0.35,1264.67,0.0052
LN00857,Mortgage,Refinance,2023-01-22,2052-08-17,895000,360,8.4,6818.45,847744.0,0.9472,618,0.2627,0.6511,112317,Employed,3.1,OH,,Real Estate,Current,0,19,Townhouse,Yes,75,10,5,15,0,27.2,B,Moderate-Low,0.015,0.35,4450.66,0.0053
LN00858,Mortgage,Refinance,2022-03-24,2041-12-09,542500,240,7.41,4340.54,476966.0,0.8792,674,0.2972,0.7947,271543,Self-Employed,5.0,CA,,Real Estate,Current,0,29,Condo,No,35,20,15,30,0,20.8,B,Moderate-Low,0.015,0.35,2504.07,0.0052
LN00859,Mortgage,Investment Property,2020-01-14,2039-10-01,127500,240,8.13,1076.8,97754.25,0.7667,660,0.3325,0.5684,91804,Contract,4.7,MI,,Real Estate,Current,0,56,Single Family,Yes,35,20,0,35,0,19.0,B,Moderate-Low,0.015,0.35,513.21,0.0053
LN00860,Mortgage,Investment Property,2021-07-19,2051-02-12,480000,360,5.94,2859.35,429312.0,0.8944,850,0.3599,0.9122,101111,Employed,0.8,MO,,Real Estate,Current,0,38,Single Family,No,0,20,50,25,0,15.0,B,Moderate-Low,0.015,0.35,2253.89,0.0053
LN00861,Mortgage,Refinance,2021-12-29,2041-09-15,828000,240,6.58,6212.4,717627.6,0.8667,754,0.3671,0.6561,162596,Employed,14.1,IL,,Real Estate,Current,0,32,Condo,Yes,10,35,5,0,0,12.5,A,Low Risk,0.005,0.35,1255.85,0.0018
LN00862,Mortgage,Investment Property,2021-09-07,2041-05-25,278000,240,7.95,2316.66,236300.0,0.85,642,0.212,0.5502,138209,Employed,9.8,FL,,Real Estate,Current,0,36,Multi-Family,Yes,55,10,0,5,0,19.5,B,Moderate-Low,0.015,0.35,1240.57,0.0052
LN00863,Mortgage,Primary Residence,2020-12-20,2040-09-06,386000,240,7.84,3190.33,313625.0,0.8125,656,0.1644,0.8066,72591,Self-Employed,0.5,TN,,Real Estate,Current,0,45,Single Family,No,55,0,30,50,0,26.0,B,Moderate-Low,0.015,0.35,1646.53,0.0052
LN00864,Mortgage,Primary Residence,2023-03-26,2052-10-19,622500,360,7.73,4451.07,593118.0,0.9528,661,0.3578,0.5714,190617,Employed,0.9,WA,,Real Estate,Current,0,17,Multi-Family,No,35,20,0,25,0,18.0,B,Moderate-Low,0.015,0.35,3113.87,0.0053
LN00865,Mortgage,Investment Property,2022-05-03,2042-01-18,907000,240,7.65,7390.14,801153.1,0.8833,691,0.1976,0.8389,64033,Retired,0.5,NY,,Real Estate,Current,0,28,Townhouse,Yes,35,0,30,35,0,18.5,B,Moderate-Low,0.015,0.35,4206.05,0.0052
LN00866,Mortgage,Investment Property,2021-09-16,2036-06-29,650500,180,8.56,6428.63,520400.0,0.8,596,0.163,0.7221,131499,Employed,1.9,IN,,Real Estate,Current,0,36,Condo,No,75,0,15,25,0,27.2,B,Moderate-Low,0.015,0.35,2732.1,0.0052
LN00867,Mortgage,Primary Residence,2020-04-13,2035-01-25,371500,180,8.19,3591.12,262130.4,0.7056,651,0.3437,0.5766,204148,Contract,27.3,WA,,Real Estate,Current,0,53,Townhouse,Yes,55,20,0,20,0,23.5,B,Moderate-Low,0.015,0.35,1376.18,0.0052
LN00868,Mortgage,Refinance,2024-05-29,2044-02-14,703000,240,9.31,6465.91,694212.5,0.9875,635,0.2176,0.6275,357610,Employed,1.4,WA,,Real Estate,Current,0,3,Townhouse,No,55,10,5,25,0,22.2,B,Moderate-Low,0.015,0.35,3644.62,0.0053
LN00869,Mortgage,Refinance,2024-03-06,2053-09-30,902000,360,7.1,6061.73,889462.2,0.9861,713,0.374,0.6909,69464,Employed,1.6,TX,,Real Estate,Current,0,5,Townhouse,Yes,20,35,5,25,0,18.0,B,Moderate-Low,0.015,0.35,4669.68,0.0053
LN00870,Mortgage,Second Home,2022-06-08,2052-01-02,448500,360,6.78,2917.91,414862.5,0.925,753,0.3898,0.7457,70455,Self-Employed,4.3,IL,,Real Estate,Current,0,27,Townhouse,Yes,10,35,15,40,0,18.0,B,Moderate-Low,0.015,0.35,2178.03,0.0053
LN00871,Mortgage,Investment Property,2023-08-28,2043-05-15,393000,240,9.04,3546.04,378262.5,0.9625,568,0.3699,0.7485,38052,Employed,4.7,MO,,Real Estate,Delinquent,3,9,Single Family,Yes,100,35,15,15,75,57.5,D,High,0.1,0.35,13239.19,0.035
LN00872,Mortgage,Primary Residence,2024-05-09,2044-01-25,825000,240,6.31,6059.04,814687.5,0.9875,718,0.4906,0.6993,188657,Employed,4.1,AZ,,Real Estate,Current,0,3,Townhouse,No,20,55,5,15,0,22.0,B,Moderate-Low,0.015,0.35,4277.11,0.0053
LN00873,Mortgage,Refinance,2022-01-18,2041-10-05,220000,240,6.2,1601.64,191576.0,0.8708,772,0.352,0.7609,274024,Employed,3.1,VA,,Real Estate,Current,0,31,Multi-Family,No,10,20,15,15,0,11.8,A,Low Risk,0.005,0.35,335.26,0.0018
LN00874,Mortgage,Second Home,2021-12-17,2036-09-29,390000,180,7.89,3702.32,320658.0,0.8222,679,0.4865,0.9403,87425,Self-Employed,2.0,WI,,Real Estate,Current,0,32,Townhouse,No,35,55,50,40,0,35.8,C,Moderate,0.04,0.35,4489.21,0.014
LN00875,Mortgage,Investment Property,2021-04-23,2036-02-04,350500,180,8.17,3384.05,272618.9,0.7778,681,0.3525,0.615,135562,Self-Employed,13.5,OH,,Real Estate,Current,0,40,Single Family,No,35,20,5,25,0,18.8,B,Moderate-Low,0.015,0.35,1431.25,0.0053
LN00876,Mortgage,Investment Property,2020-04-21,2049-11-15,299500,360,6.44,1881.24,255413.6,0.8528,740,0.1988,0.9383,322982,Retired,1.2,GA,,Real Estate,Current,0,53,Single Family,No,10,0,50,35,0,14.0,A,Low Risk,0.005,0.35,446.97,0.0017
LN00877,Mortgage,Second Home,2023-11-21,2043-08-08,522500,240,8.66,4587.43,502906.25,0.9625,577,0.4033,0.6719,46075,Employed,1.2,NY,,Real Estate,Current,0,9,Multi-Family,Yes,100,35,5,25,0,42.0,C,Moderate,0.04,0.35,7040.69,0.014
LN00878,Mortgage,Refinance,2024-02-24,2038-12-07,465000,180,8.95,4702.52,449515.5,0.9667,623,0.2704,0.6971,182372,Employed,0.6,MO,,Real Estate,Current,0,6,Condo,Yes,55,10,5,25,0,22.2,B,Moderate-Low,0.015,0.35,2359.96,0.0053
LN00879,Mortgage,Primary Residence,2023-12-02,2053-06-27,280500,360,5.69,1626.25,273487.5,0.975,783,0.307,0.5592,246228,Employed,13.6,CA,,Real Estate,Current,0,9,Condo,Yes,0,20,0,0,0,5.0,A,Low Risk,0.005,0.35,478.6,0.0017
LN00880,Mortgage,Refinance,2021-08-04,2036-05-17,182000,180,7.85,1723.56,144580.8,0.7944,633,0.3692,0.8079,83826,Self-Employed,2.5,OH,,Real Estate,Current,0,37,Townhouse,No,55,35,30,40,0,33.8,C,Moderate,0.04,0.35,2024.13,0.014
LN00881,Mortgage,Refinance,2020-01-18,2049-08-13,565000,360,9.11,4590.91,477086.0,0.8444,568,0.2807,0.6571,161198,Employed,5.6,FL,,Real Estate,Current,0,56,Single Family,No,100,20,5,5,0,36.2,C,Moderate,0.04,0.35,6679.2,0.014
LN00882,Mortgage,Second Home,2021-08-22,2036-06-04,424500,180,8.1,4081.29,339600.0,0.8,585,0.3337,0.6973,104697,Employed,2.8,WA,,Real Estate,Current,0,36,Multi-Family,Yes,75,20,5,15,0,29.8,B,Moderate-Low,0.015,0.35,1782.9,0.0052
LN00883,Mortgage,Investment Property,2023-05-07,2043-01-22,798500,240,7.56,6461.99,745240.05,0.9333,723,0.2116,0.8983,220436,Employed,4.3,MO,,Real Estate,Current,0,16,Single Family,Yes,20,10,30,15,0,14.5,A,Low Risk,0.005,0.35,1304.17,0.0017
LN00884,Mortgage,Second Home,2021-05-21,2036-03-03,234500,180,5.38,1901.16,183683.85,0.7833,846,0.171,0.7485,130915,Employed,3.1,IN,,Real Estate,Current,0,39,Condo,No,0,0,15,15,0,3.8,A,Low Risk,0.005,0.35,321.45,0.0018
LN00885,Mortgage,Refinance,2021-12-11,2036-09-23,210500,180,7.24,1920.39,171915.35,0.8167,727,0.4376,0.6847,127599,Employed,5.1,VA,,Real Estate,Current,0,33,Multi-Family,No,20,55,5,5,0,21.0,B,Moderate-Low,0.015,0.35,902.56,0.0053
LN00886,Mortgage,Primary Residence,2023-07-05,2038-04-17,811000,180,8.68,8072.04,747904.2,0.9222,660,0.3813,0.6019,169920,Retired,4.9,NC,,Real Estate,Current,0,14,Condo,No,35,35,5,25,0,22.5,B,Moderate-Low,0.015,0.35,3926.5,0.0053
LN00887,Mortgage,Primary Residence,2021-11-30,2036-09-12,814500,180,9.17,8343.77,665202.15,0.8167,558,0.4005,0.559,86650,Self-Employed,0.7,WA,,Real Estate,Current,0,33,Condo,No,100,35,0,50,0,43.8,C,Moderate,0.04,0.35,9312.83,0.014
LN00888,Mortgage,Refinance,2021-05-07,2041-01-22,166500,240,7.76,1367.91,138744.45,0.8333,647,0.4013,0.7523,203397,Employed,4.9,MD,,Real Estate,Current,0,40,Townhouse,No,55,35,15,15,0,29.0,B,Moderate-Low,0.015,0.35,728.41,0.0053
LN00889,Mortgage,Investment Property,2020-09-26,2050-04-22,651500,360,7.31,4470.92,566414.1,0.8694,782,0.4335,0.5839,60457,Self-Employed,0.8,OH,,Real Estate,Current,0,47,Multi-Family,Yes,0,55,0,50,0,18.8,B,Moderate-Low,0.015,0.35,2973.67,0.0052
LN00890,Mortgage,Second Home,2023-12-15,2053-07-10,411000,360,6.69,2649.37,401875.8,0.9778,782,0.4116,0.7075,133300,Retired,1.3,IN,,Real Estate,Current,0,8,Condo,Yes,0,35,15,35,0,14.5,A,Low Risk,0.005,0.35,703.28,0.0017
LN00891,Mortgage,Primary Residence,2020-05-18,2040-02-03,808500,240,7.72,6622.41,633298.05,0.7833,700,0.2812,0.9283,134954,Employed,3.2,MO,,Real Estate,Current,0,52,Multi-Family,No,20,20,50,15,0,20.0,B,Moderate-Low,0.015,0.35,3324.81,0.0052
LN00892,Mortgage,Second Home,2024-01-29,2038-11-11,541500,180,5.51,4427.38,520435.65,0.9611,850,0.2228,0.8742,98995,Self-Employed,8.0,CA,,Real Estate,Current,0,7,Multi-Family,No,0,10,30,30,0,10.0,A,Low Risk,0.005,0.35,910.76,0.0017
LN00893,Mortgage,Investment Property,2024-03-07,2043-11-23,883000,240,7.22,6962.98,879291.4,0.9958,715,0.4158,0.8783,99099,Employed,0.5,NC,,Real Estate,Severely Delinquent,4,1,Condo,Yes,20,35,30,25,100,41.8,C,Moderate,0.04,0.35,12310.08,0.014
LN00894,Mortgage,Investment Property,2020-02-23,2034-12-06,712500,180,8.1,6850.22,494760.0,0.6944,602,0.3676,0.8322,142915,Employed,6.7,WI,,Real Estate,Current,0,55,Condo,Yes,75,35,30,5,0,36.2,C,Moderate,0.04,0.35,6926.64,0.014
LN00895,Mortgage,Second Home,2020-02-23,2049-09-18,553000,360,5.5,3139.87,468501.6,0.8472,839,0.4579,0.6268,162179,Employed,11.0,VA,,Real Estate,Current,0,55,Townhouse,No,0,55,5,0,0,14.5,A,Low Risk,0.005,0.35,819.88,0.0018
LN00896,Mortgage,Second Home,2023-08-23,2053-03-18,870000,360,6.19,5322.84,841029.0,0.9667,760,0.3597,0.8181,72289,Employed,1.2,VA,,Real Estate,Current,0,12,Townhouse,No,10,20,30,25,0,15.0,B,Moderate-Low,0.015,0.35,4415.4,0.0052
LN00897,Mortgage,Second Home,2020-12-01,2035-09-14,868500,180,8.31,8456.01,651375.0,0.75,606,0.2686,0.6481,97200,Employed,3.6,OH,,Real Estate,Current,0,45,Multi-Family,Yes,75,10,5,15,0,27.2,B,Moderate-Low,0.015,0.35,3419.72,0.0053
LN00898,Mortgage,Primary Residence,2021-03-31,2040-12-16,693000,240,6.63,5220.0,574635.6,0.8292,772,0.2403,0.8102,121254,Self-Employed,13.2,OH,,Real Estate,Current,0,41,Townhouse,No,10,10,30,25,0,12.5,A,Low Risk,0.005,0.35,1005.61,0.0017
LN00899,Mortgage,Investment Property,2022-09-30,2052-04-25,390000,360,7.19,2644.63,365079.0,0.9361,708,0.5375,0.8169,162691,Retired,0.5,NJ,,Real Estate,Current,0,23,Townhouse,Yes,20,80,30,35,0,34.0,C,Moderate,0.04,0.35,5111.11,0.014
LN00900,Mortgage,Second Home,2023-05-30,2038-03-12,396000,180,7.86,3752.45,363013.2,0.9167,648,0.3381,0.6551,143894,Self-Employed,1.1,WA,,Real Estate,Current,0,15,Single Family,No,55,20,5,50,0,27.2,B,Moderate-Low,0.015,0.35,1905.82,0.0053
LN00901,Mortgage,Investment Property,2022-07-24,2042-04-10,179500,240,8.14,1517.09,160796.1,0.8958,582,0.4143,0.5793,137953,Retired,10.0,TX,,Real Estate,Current,0,25,Single Family,No,75,35,0,10,0,32.2,C,Moderate,0.04,0.35,2251.15,0.014
LN00902,Mortgage,Primary Residence,2022-03-04,2051-09-28,653000,360,7.6,4610.67,598605.1,0.9167,752,0.3133,0.7986,216341,Self-Employed,9.0,IN,,Real Estate,Current,0,30,Multi-Family,No,10,20,15,30,0,13.2,A,Low Risk,0.005,0.35,1047.56,0.0018
LN00903,Mortgage,Refinance,2022-03-26,2041-12-11,842500,240,9.14,7656.21,740726.0,0.8792,589,0.4551,0.8579,86636,Self-Employed,4.9,MI,,Real Estate,Current,0,29,Condo,No,75,55,30,40,0,44.8,C,Moderate,0.04,0.35,10370.16,0.014
LN00904,Mortgage,Investment Property,2021-08-25,2041-05-12,920500,240,6.13,6663.97,782425.0,0.85,822,0.4547,0.5714,500000,Retired,16.6,WI,,Real Estate,Current,0,36,Townhouse,No,0,55,0,10,0,14.8,A,Low Risk,0.005,0.35,1369.24,0.0017
LN00905,Mortgage,Investment Property,2024-01-19,2038-11-01,740000,180,7.75,6965.44,711214.0,0.9611,662,0.3551,0.6725,439759,Employed,10.9,IN,,Real Estate,Current,0,7,Townhouse,Yes,35,20,5,0,0,16.2,B,Moderate-Low,0.015,0.35,3733.87,0.0052
LN00906,Mortgage,Investment Property,2022-07-12,2042-03-29,682500,240,7.89,5662.07,608585.25,0.8917,664,0.3936,0.8258,174080,Employed,2.5,CA,,Real Estate,Current,0,26,Single Family,Yes,35,35,30,15,0,25.2,B,Moderate-Low,0.015,0.35,3195.07,0.0052
LN00907,Mortgage,Primary Residence,2021-10-25,2041-07-12,566000,240,8.86,5041.6,485797.8,0.8583,589,0.4688,0.5634,259971,Self-Employed,2.7,PA,,Real Estate,Current,0,34,Single Family,Yes,75,55,0,40,0,40.2,C,Moderate,0.04,0.35,6801.17,0.014
LN00908,Mortgage,Second Home,2022-07-09,2052-02-02,937500,360,8.52,7221.86,869812.5,0.9278,632,0.3316,0.9223,127107,Employed,0.5,VA,,Real Estate,Current,0,26,Townhouse,No,55,20,50,25,0,31.5,C,Moderate,0.04,0.35,12177.37,0.014
LN00909,Mortgage,Refinance,2022-02-18,2051-09-14,557500,360,7.97,4079.08,511060.25,0.9167,677,0.3457,0.5503,86198,Self-Employed,10.0,TX,,Real Estate,Current,0,30,Condo,Yes,35,20,0,25,0,18.0,B,Moderate-Low,0.015,0.35,2683.07,0.0053
LN00910,Mortgage,Refinance,2021-01-01,2035-10-15,185000,180,6.46,1607.48,139786.0,0.7556,742,0.3861,0.6156,149342,Employed,8.0,TX,,Real Estate,Current,0,44,Multi-Family,Yes,10,35,5,5,0,13.0,A,Low Risk,0.005,0.35,244.63,0.0018
LN00911,Mortgage,Investment Property,2021-01-05,2050-08-01,371000,360,5.31,2062.48,325663.8,0.8778,850,0.3727,0.6133,86649,Retired,7.0,NY,,Real Estate,Current,0,44,Multi-Family,Yes,0,35,5,15,0,11.0,A,Low Risk,0.005,0.35,569.91,0.0017
LN00912,Mortgage,Primary Residence,2022-07-28,2037-05-10,851500,180,9.27,8773.78,733226.65,0.8611,574,0.2781,0.6286,106234,Retired,5.7,TN,,Real Estate,Current,0,25,Condo,Yes,100,10,5,15,0,34.8,C,Moderate,0.04,0.35,10265.17,0.014
LN00913,Mortgage,Second Home,2023-04-20,2038-01-31,354500,180,6.75,3137.0,322984.95,0.9111,804,0.4264,0.5912,90305,Employed,7.6,TN,,Real Estate,Current,0,16,Single Family,No,0,35,0,5,0,9.2,A,Low Risk,0.005,0.35,565.22,0.0017
LN00914,Mortgage,Investment Property,2023-01-25,2037-11-07,141000,180,7.94,1342.59,126110.4,0.8944,614,0.2498,0.8713,202273,Employed,13.7,NC,,Real Estate,Current,0,19,Condo,No,75,10,30,0,0,29.5,B,Moderate-Low,0.015,0.35,662.08,0.0053
LN00915,Mortgage,Primary Residence,2020-04-22,2035-02-03,403500,180,8.24,3912.17,284709.6,0.7056,653,0.3399,0.5598,130227,Employed,5.2,VA,,Real Estate,Current,0,53,Multi-Family,No,55,20,0,5,0,22.0,B,Moderate-Low,0.015,0.35,1494.73,0.0053
LN00916,Mortgage,Investment Property,2020-04-10,2035-01-22,120500,180,8.2,1165.52,85024.8,0.7056,662,0.444,0.6158,65089,Employed,1.6,NY,,Real Estate,Current,0,53,Multi-Family,Yes,35,55,5,25,0,27.5,B,Moderate-Low,0.015,0.35,446.38,0.0052
LN00917,Mortgage,Investment Property,2023-09-15,2053-04-10,310500,360,6.5,1962.57,300998.7,0.9694,744,0.3234,0.6514,166748,Employed,16.9,WI,,Real Estate,Current,0,11,Multi-Family,No,10,20,5,0,0,8.8,A,Low Risk,0.005,0.35,526.75,0.0018
LN00918,Mortgage,Second Home,2020-07-09,2035-04-22,723500,180,8.56,7150.06,522511.7,0.7222,544,0.2423,0.8927,207940,Employed,17.3,MI,,Real Estate,Current,0,50,Townhouse,Yes,100,10,30,0,0,37.0,C,Moderate,0.04,0.35,7315.16,0.014
LN00919,Mortgage,Primary Residence,2020-05-12,2049-12-06,291000,360,7.8,2094.82,248979.6,0.8556,623,0.3125,0.6133,142379,Employed,3.6,MI,,Real Estate,Current,0,52,Multi-Family,No,55,20,5,15,0,23.8,B,Moderate-Low,0.015,0.35,1307.14,0.0052
LN00920,Mortgage,Primary Residence,2022-04-27,2051-11-21,484500,360,8.78,3821.95,449519.1,0.9278,620,0.3587,0.7359,285990,Employed,10.3,OH,,Real Estate,Delinquent,2,26,Townhouse,No,55,20,15,0,55,34.8,C,Moderate,0.04,0.35,6293.27,0.014
LN00921,Mortgage,Refinance,2023-11-11,2053-06-06,775500,360,7.11,5216.84,756112.5,0.975,688,0.4259,0.7483,252530,Retired,3.3,WI,,Real Estate,Current,0,9,Multi-Family,No,35,35,15,25,0,24.0,B,Moderate-Low,0.015,0.35,3969.59,0.0052
LN00922,Mortgage,Refinance,2022-12-12,2042-08-29,927500,240,8.4,7990.45,850239.25,0.9167,651,0.2233,0.6883,110353,Contract,2.7,MD,,Real Estate,Current,0,20,Townhouse,Yes,55,10,5,35,0,23.2,B,Moderate-Low,0.015,0.35,4463.76,0.0053
LN00923,Mortgage,Investment Property,2024-02-02,2053-08-28,657000,360,6.23,4036.72,644254.2,0.9806,850,0.237,0.5716,338991,Employed,3.7,TN,,Real Estate,Current,0,7,Multi-Family,No,0,10,0,15,0,4.0,A,Low Risk,0.005,0.35,1127.44,0.0017
LN00924,Mortgage,Primary Residence,2020-01-04,2034-10-17,452000,180,7.61,4218.4,311382.8,0.6889,652,0.2129,0.7514,176367,Employed,9.7,NY,,Real Estate,Current,0,56,Townhouse,No,55,10,15,5,0,21.8,B,Moderate-Low,0.015,0.35,1634.76,0.0053
LN00925,Mortgage,Investment Property,2020-04-03,2039-12-20,333500,240,7.2,2625.81,259863.2,0.7792,779,0.3271,0.7808,131119,Employed,1.5,NJ,,Real Estate,Current,0,53,Condo,Yes,10,20,15,25,0,12.8,A,Low Risk,0.005,0.35,454.76,0.0017
LN00926,Mortgage,Refinance,2021-07-30,2051-02-23,462500,360,7.93,3371.12,414955.0,0.8972,655,0.4247,0.5697,253271,Self-Employed,0.5,NC,,Real Estate,Current,0,37,Multi-Family,Yes,55,35,0,50,0,30.2,C,Moderate,0.04,0.35,5809.37,0.014
LN00927,Mortgage,Primary Residence,2020-08-21,2035-06-04,657500,180,7.83,6219.06,478528.5,0.7278,633,0.3251,0.6214,159567,Employed,0.5,NJ,,Real Estate,Current,0,49,Condo,No,55,20,5,25,0,24.8,B,Moderate-Low,0.015,0.35,2512.27,0.0052
LN00928,Mortgage,Primary Residence,2021-11-23,2041-08-10,260000,240,7.13,2036.12,224250.0,0.8625,739,0.3661,0.8577,106599,Retired,5.4,TN,,Real Estate,Current,0,33,Townhouse,Yes,20,35,30,15,0,20.8,B,Moderate-Low,0.015,0.35,1177.31,0.0052
LN00929,Mortgage,Refinance,2023-07-08,2038-04-20,418000,180,8.16,4033.33,385479.6,0.9222,647,0.5526,0.6954,111422,Retired,6.1,MA,,Real Estate,Current,0,14,Townhouse,No,55,80,5,15,0,38.8,C,Moderate,0.04,0.35,5396.71,0.014
LN00930,Mortgage,Refinance,2020-04-24,2049-11-18,724500,360,7.48,5055.89,617853.6,0.8528,660,0.3684,0.6615,76978,Employed,18.0,IN,,Real Estate,Current,0,53,Condo,Yes,35,35,5,0,0,20.0,B,Moderate-Low,0.015,0.35,3243.73,0.0052
LN00931,Mortgage,Refinance,2023-11-04,2053-05-30,675500,360,8.46,5174.87,656721.1,0.9722,644,0.3476,0.6101,142889,Self-Employed,0.5,NJ,,Real Estate,Current,0,10,Condo,No,55,20,5,50,0,27.2,B,Moderate-Low,0.015,0.35,3447.79,0.0053
LN00932,Mortgage,Investment Property,2020-03-04,2039-11-20,145500,240,7.92,1209.79,112762.5,0.775,631,0.5339,0.5631,109847,Contract,3.3,NJ,,Real Estate,Current,0,54,Condo,No,55,80,0,35,0,40.0,C,Moderate,0.04,0.35,1578.67,0.014
LN00933,Mortgage,Refinance,2020-08-27,2050-03-23,727000,360,8.69,5688.19,630090.9,0.8667,599,0.3534,0.6301,137086,Self-Employed,1.4,MI,,Real Estate,Current,0,48,Multi-Family,No,75,20,5,50,0,33.2,C,Moderate,0.04,0.35,8821.27,0.014
LN00934,Mortgage,Refinance,2020-06-26,2040-03-13,496000,240,8.07,4170.38,392683.2,0.7917,666,0.3941,0.8854,64340,Retired,6.4,TN,,Real Estate,Current,0,50,Multi-Family,Yes,35,35,30,15,0,25.2,B,Moderate-Low,0.015,0.35,2061.59,0.0053
LN00935,Mortgage,Refinance,2022-12-11,2037-09-23,293500,180,8.13,2826.91,259248.55,0.8833,620,0.3154,0.9134,75583,Employed,0.7,MI,,Real Estate,Current,0,21,Condo,No,55,20,50,25,0,31.5,C,Moderate,0.04,0.35,3629.48,0.014
LN00936,Mortgage,Second Home,2022-06-27,2037-04-09,421500,180,8.4,4126.01,360635.4,0.8556,643,0.3519,0.6529,153703,Employed,7.1,IN,,Real Estate,Current,0,26,Condo,Yes,55,20,5,5,0,22.8,B,Moderate-Low,0.015,0.35,1893.34,0.0053
LN00937,Mortgage,Refinance,2022-09-17,2042-06-04,681500,240,7.93,5670.69,616212.3,0.9042,676,0.2408,0.7393,244278,Employed,5.8,IN,,Real Estate,Current,0,23,Single Family,No,35,10,15,5,0,15.8,B,Moderate-Low,0.015,0.35,3235.11,0.0052
LN00938,Mortgage,Primary Residence,2023-10-17,2053-05-12,460500,360,7.71,3286.36,447698.1,0.9722,689,0.3714,0.7124,217044,Employed,10.5,IL,,Real Estate,Current,0,10,Townhouse,Yes,35,35,15,0,0,21.5,B,Moderate-Low,0.015,0.35,2350.42,0.0053
LN00939,Mortgage,Primary Residence,2022-12-05,2052-06-30,323500,360,5.73,1883.75,304639.95,0.9417,794,0.4387,0.8678,140866,Employed,0.6,NY,,Real Estate,Current,0,21,Multi-Family,Yes,0,55,30,25,0,20.8,B,Moderate-Low,0.015,0.35,1599.36,0.0053
LN00940,Mortgage,Refinance,2020-04-04,2039-12-21,203500,240,8.62,1781.51,158567.2,0.7792,659,0.3064,0.5625,212112,Employed,12.3,NY,,Real Estate,Current,0,53,Multi-Family,Yes,55,20,0,0,0,21.5,B,Moderate-Low,0.015,0.35,832.48,0.0053
LN00941,Mortgage,Refinance,2021-03-05,2050-09-29,785000,360,7.68,5585.91,693390.5,0.8833,679,0.3423,0.6845,122695,Employed,1.6,NJ,,Real Estate,Current,0,42,Multi-Family,No,35,20,5,25,0,18.8,B,Moderate-Low,0.015,0.35,3640.3,0.0052
LN00942,Mortgage,Investment Property,2023-10-06,2043-06-23,396500,240,5.51,2729.71,378340.3,0.9542,846,0.3292,0.7783,201011,Employed,3.4,NY,,Real Estate,Current,0,11,Single Family,No,0,20,15,15,0,8.8,A,Low Risk,0.005,0.35,662.1,0.0018
LN00943,Mortgage,Investment Property,2023-06-29,2038-04-11,625500,180,6.99,5618.67,576836.1,0.9222,757,0.2943,0.6979,233839,Employed,4.0,MO,,Real Estate,Current,0,14,Multi-Family,Yes,10,20,5,15,0,10.2,A,Low Risk,0.005,0.35,1009.46,0.0017
LN00944,Mortgage,Investment Property,2020-10-16,2040-07-03,668000,240,7.58,5414.09,537205.6,0.8042,662,0.3659,0.8419,105865,Employed,0.5,MI,,Real Estate,Current,0,47,Multi-Family,No,35,35,30,25,0,26.2,B,Moderate-Low,0.015,0.35,2820.33,0.0053
LN00945,Mortgage,Investment Property,2021-11-24,2051-06-20,561500,360,7.7,4003.27,510010.45,0.9083,677,0.3685,0.5832,230785,Employed,1.3,MO,,Real Estate,Current,0,33,Townhouse,No,35,35,0,25,0,21.8,B,Moderate-Low,0.015,0.35,2677.55,0.0052
LN00946,Mortgage,Primary Residence,2020-04-13,2049-11-07,530500,360,6.57,3377.58,452410.4,0.8528,784,0.2324,0.8582,157702,Employed,4.2,NY,,Real Estate,Current,0,53,Townhouse,Yes,0,10,30,15,0,8.5,A,Low Risk,0.005,0.35,791.72,0.0018
LN00947,Mortgage,Second Home,2023-12-14,2038-09-26,262500,180,9.28,2706.35,250845.0,0.9556,570,0.2738,0.666,95575,Retired,5.9,WI,,Real Estate,Current,0,8,Multi-Family,Yes,100,10,5,15,0,34.8,C,Moderate,0.04,0.35,3511.83,0.014
LN00948,Mortgage,Second Home,2021-02-09,2040-10-27,625000,240,8.4,5384.4,513000.0,0.8208,593,0.4037,0.6994,211399,Employed,6.9,MO,,Real Estate,Current,0,43,Single Family,Yes,75,35,5,5,0,32.5,C,Moderate,0.04,0.35,7182.0,0.014
LN00949,Mortgage,Second Home,2022-08-17,2052-03-12,219500,360,7.27,1500.36,204859.35,0.9333,722,0.193,0.8079,126860,Employed,2.8,NY,,Real Estate,Current,0,24,Condo,No,20,0,30,15,0,12.0,A,Low Risk,0.005,0.35,358.5,0.0017
LN00950,Mortgage,Refinance,2020-10-21,2035-08-04,803500,180,7.08,7258.07,593706.15,0.7389,672,0.3584,0.9272,175266,Employed,9.5,WI,,Real Estate,Current,0,47,Condo,Yes,35,20,50,5,0,23.5,B,Moderate-Low,0.015,0.35,3116.96,0.0053
LN00951,Mortgage,Refinance,2023-09-24,2053-04-19,919000,360,8.08,6794.62,890878.6,0.9694,628,0.4509,0.7183,282214,Self-Employed,3.9,NJ,,Real Estate,Current,0,11,Townhouse,Yes,55,55,15,40,0,36.5,C,Moderate,0.04,0.35,12472.3,0.014
LN00952,Mortgage,Second Home,2020-05-13,2035-02-24,281500,180,8.7,2805.14,200174.65,0.7111,653,0.2909,0.871,123630,Employed,4.0,TN,,Real Estate,Current,0,52,Condo,Yes,55,20,30,15,0,27.5,B,Moderate-Low,0.015,0.35,1050.92,0.0053
LN00953,Mortgage,Primary Residence,2024-04-21,2044-01-07,153000,240,8.41,1319.07,151730.1,0.9917,586,0.4078,0.5527,209161,Employed,1.0,MD,,Real Estate,Delinquent,2,2,Single Family,Yes,75,35,0,25,55,44.8,C,Moderate,0.04,0.35,2124.22,0.014
LN00954,Mortgage,Second Home,2023-02-12,2042-10-30,422500,240,8.21,3589.38,390812.5,0.925,657,0.3437,0.708,98941,Self-Employed,2.4,FL,,Real Estate,Current,0,18,Townhouse,Yes,55,20,15,40,0,27.8,B,Moderate-Low,0.015,0.35,2051.77,0.0053
LN00955,Mortgage,Second Home,2023-06-25,2038-04-07,599000,180,9.27,6172.04,552397.8,0.9222,577,0.251,0.6265,80648,Employed,3.1,GA,,Real Estate,Current,0,14,Single Family,No,100,10,5,15,0,34.8,C,Moderate,0.04,0.35,7733.57,0.014
LN00956,Mortgage,Second Home,2021-03-02,2040-11-17,168500,240,6.02,1209.13,139012.5,0.825,803,0.2876,0.6131,75676,Employed,1.1,MD,,Real Estate,Current,0,42,Condo,No,0,20,5,25,0,8.2,A,Low Risk,0.005,0.35,243.27,0.0017
LN00957,Mortgage,Second Home,2023-09-19,2038-07-02,587000,180,6.54,5126.32,551134.3,0.9389,692,0.3494,0.668,113851,Self-Employed,7.9,FL,,Real Estate,Current,0,11,Townhouse,No,35,20,5,30,0,19.2,B,Moderate-Low,0.015,0.35,2893.46,0.0053
LN00958,Mortgage,Investment Property,2023-02-10,2042-10-28,224000,240,8.09,1886.19,207200.0,0.925,668,0.1753,0.7601,194211,Self-Employed,1.4,NY,,Real Estate,Current,0,18,Townhouse,No,35,0,15,50,0,17.8,B,Moderate-Low,0.015,0.35,1087.8,0.0052
LN00959,Mortgage,Second Home,2023-05-10,2038-02-20,703000,180,6.8,6240.42,640503.3,0.9111,720,0.3461,0.8016,257944,Self-Employed,1.0,NY,,Real Estate,Current,0,16,Townhouse,No,20,20,30,50,0,20.5,B,Moderate-Low,0.015,0.35,3362.64,0.0052
LN00960,Mortgage,Investment Property,2023-09-14,2053-04-09,610000,360,9.36,5067.02,591334.0,0.9694,559,0.2583,0.8691,84050,Employed,15.3,TX,,Real Estate,Current,0,11,Condo,No,100,10,30,0,0,37.0,C,Moderate,0.04,0.35,8278.68,0.014
LN00961,Mortgage,Second Home,2020-11-01,2050-05-28,191000,360,6.77,1241.36,166590.2,0.8722,769,0.4361,0.8534,117122,Employed,0.5,MA,,Real Estate,Current,0,46,Condo,No,10,55,30,25,0,23.8,B,Moderate-Low,0.015,0.35,874.6,0.0053
LN00962,Mortgage,Refinance,2023-10-27,2038-08-09,209500,180,6.87,1867.85,197851.8,0.9444,787,0.2505,0.7856,60490,Employed,4.4,NJ,,Real Estate,Current,0,10,Multi-Family,No,0,10,15,15,0,6.2,A,Low Risk,0.005,0.35,346.24,0.0017
LN00963,Mortgage,Second Home,2023-04-08,2038-01-19,398500,180,9.77,4226.4,360881.6,0.9056,500,0.3221,0.8994,157893,Employed,2.4,CA,,Real Estate,Current,0,17,Multi-Family,No,100,20,30,15,0,41.0,C,Moderate,0.04,0.35,5052.34,0.014
LN00964,Mortgage,Primary Residence,2022-01-26,2036-11-08,695000,180,7.7,6521.98,575321.0,0.8278,675,0.3801,0.6257,238853,Contract,8.9,MO,,Real Estate,Current,0,31,Single Family,No,35,35,5,25,0,22.5,B,Moderate-Low,0.015,0.35,3020.44,0.0053
LN00965,Mortgage,Second Home,2020-03-04,2039-11-20,708000,240,6.47,5266.16,548700.0,0.775,805,0.2777,0.5661,249614,Employed,1.3,GA,,Real Estate,Current,0,54,Townhouse,Yes,0,10,0,25,0,5.0,A,Low Risk,0.005,0.35,960.22,0.0017
LN00966,Mortgage,Investment Property,2022-02-20,2041-11-07,344500,240,8.81,3057.58,301437.5,0.875,622,0.0827,0.792,54219,Employed,3.0,AZ,,Real Estate,Current,0,30,Condo,Yes,55,0,15,15,0,20.2,B,Moderate-Low,0.015,0.35,1582.55,0.0053
LN00967,Mortgage,Refinance,2023-02-11,2037-11-24,228500,180,7.63,2135.14,205650.0,0.9,719,0.3362,0.6324,178240,Self-Employed,3.5,WA,,Real Estate,Current,0,18,Condo,Yes,20,20,5,40,0,15.8,B,Moderate-Low,0.015,0.35,1079.66,0.0052
LN00968,Mortgage,Primary Residence,2023-10-04,2043-06-21,634000,240,7.56,5130.75,604962.8,0.9542,679,0.4728,0.7227,141603,Employed,9.2,IL,,Real Estate,Current,0,11,Condo,No,35,55,15,5,0,27.0,B,Moderate-Low,0.015,0.35,3176.05,0.0052
LN00969,Mortgage,Investment Property,2022-09-23,2052-04-18,801500,360,7.47,5587.75,750284.15,0.9361,688,0.4573,0.6219,189779,Contract,3.8,AZ,,Real Estate,Current,0,23,Condo,No,35,55,5,35,0,28.5,B,Moderate-Low,0.015,0.35,3938.99,0.0052
LN00970,Mortgage,Second Home,2022-05-01,2051-11-25,656500,360,6.67,4223.19,605424.3,0.9222,744,0.3332,0.5697,179203,Retired,11.5,MA,,Real Estate,Current,0,28,Townhouse,No,10,20,0,10,0,9.0,A,Low Risk,0.005,0.35,1059.49,0.0017
LN00971,Mortgage,Second Home,2022-05-18,2051-12-12,162500,360,7.35,1119.58,150312.5,0.925,644,0.3621,0.8751,80504,Self-Employed,0.9,MO,,Real Estate,Current,0,27,Condo,Yes,55,35,30,50,0,34.8,C,Moderate,0.04,0.35,2104.38,0.014
LN00972,Mortgage,Second Home,2022-05-19,2037-03-01,775500,180,7.2,7057.41,659175.0,0.85,768,0.31,0.5952,32001,Employed,1.0,WI,,Real Estate,Current,0,27,Multi-Family,No,10,20,0,25,0,10.5,A,Low Risk,0.005,0.35,1153.56,0.0018
LN00973,Mortgage,Primary Residence,2023-01-23,2042-10-10,261500,240,6.73,1985.24,240789.2,0.9208,800,0.1856,0.7802,97622,Employed,3.3,MD,,Real Estate,Current,0,19,Multi-Family,No,0,0,15,15,0,3.8,A,Low Risk,0.005,0.35,421.38,0.0017
LN00974,Mortgage,Primary Residence,2023-04-03,2038-01-14,527500,180,7.35,4845.13,477704.0,0.9056,726,0.3013,0.6833,81020,Contract,5.4,TN,,Real Estate,Current,0,17,Multi-Family,Yes,20,20,5,25,0,14.2,A,Low Risk,0.005,0.35,835.98,0.0017
LN00975,Mortgage,Primary Residence,2022-11-24,2042-08-11,609000,240,8.63,5335.26,555712.5,0.9125,630,0.3971,0.8933,147514,Employed,18.9,FL,,Real Estate,Current,0,21,Townhouse,No,55,35,30,0,0,29.8,B,Moderate-Low,0.015,0.35,2917.49,0.0052
LN00976,Mortgage,Refinance,2024-02-27,2053-09-22,293500,360,8.15,2184.37,291063.95,0.9917,700,0.1601,0.6466,189583,Self-Employed,4.3,FL,,Real Estate,Delinquent,3,3,Multi-Family,Yes,20,0,5,40,75,25.8,B,Moderate-Low,0.015,0.35,1528.09,0.0053
LN00977,Mortgage,Second Home,2024-05-13,2053-12-07,230500,360,6.38,1438.77,228586.85,0.9917,717,0.2852,0.8602,130668,Employed,5.1,CA,,Real Estate,Current,0,3,Townhouse,No,20,20,30,5,0,16.0,B,Moderate-Low,0.015,0.35,1200.08,0.0052
LN00978,Mortgage,Primary Residence,2024-06-22,2044-03-09,129500,240,7.02,1005.57,128425.15,0.9917,707,0.2722,0.6737,75542,Employed,0.7,MI,,Real Estate,Current,0,2,Multi-Family,No,20,10,5,25,0,11.8,A,Low Risk,0.005,0.35,224.74,0.0017
LN00979,Mortgage,Primary Residence,2023-07-12,2038-04-24,173000,180,7.69,1622.47,160509.4,0.9278,632,0.3731,0.9346,109446,Employed,1.7,TN,,Real Estate,Current,0,13,Single Family,No,55,35,50,25,0,35.2,C,Moderate,0.04,0.35,2247.13,0.014
LN00980,Mortgage,Primary Residence,2022-09-19,2042-06-06,291500,240,7.26,2305.71,263574.3,0.9042,692,0.2127,0.7165,125695,Employed,1.2,FL,,Real Estate,Current,0,23,Multi-Family,No,35,10,15,25,0,17.8,B,Moderate-Low,0.015,0.35,1383.77,0.0053
LN00981,Mortgage,Refinance,2023-06-15,2038-03-28,679000,180,6.4,5877.56,626173.8,0.9222,772,0.355,0.8279,147318,Employed,3.5,NC,,Real Estate,Current,0,14,Single Family,No,10,20,30,15,0,14.0,A,Low Risk,0.005,0.35,1095.8,0.0017
LN00982,Mortgage,Second Home,2020-12-23,2050-07-19,393500,360,7.14,2655.07,345414.3,0.8778,718,0.3749,0.9106,83032,Self-Employed,1.9,MD,,Real Estate,Current,0,44,Condo,No,20,35,50,50,0,27.2,B,Moderate-Low,0.015,0.35,1813.43,0.0053
LN00983,Mortgage,Primary Residence,2024-05-21,2044-02-06,488000,240,6.38,3604.0,481900.0,0.9875,754,0.2779,0.8993,34414,Employed,7.3,GA,,Real Estate,Current,0,3,Single Family,Yes,10,10,30,5,0,10.5,A,Low Risk,0.005,0.35,843.32,0.0017
LN00984,Mortgage,Second Home,2023-05-04,2038-02-14,893500,180,6.31,7690.32,814067.85,0.9111,788,0.345,0.8563,253291,Self-Employed,0.6,IL,,Real Estate,Current,0,16,Condo,No,0,20,30,50,0,14.5,A,Low Risk,0.005,0.35,1424.62,0.0018
LN00985,Mortgage,Refinance,2022-06-20,2052-01-14,508500,360,8.22,3809.47,471786.3,0.9278,641,0.3167,0.6243,101225,Employed,22.9,PA,,Real Estate,Current,0,26,Multi-Family,No,55,20,5,0,0,22.2,B,Moderate-Low,0.015,0.35,2476.88,0.0053
LN00986,Mortgage,Second Home,2020-04-17,2035-01-29,376500,180,7.94,3585.0,265658.4,0.7056,596,0.2861,0.9389,148065,Employed,1.0,PA,,Real Estate,Current,0,53,Townhouse,No,75,20,50,25,0,37.5,C,Moderate,0.04,0.35,3719.22,0.014
LN00987,Mortgage,Second Home,2024-03-20,2053-10-14,711000,360,7.3,4874.41,701117.1,0.9861,672,0.3818,0.6777,168251,Employed,1.7,MO,,Real Estate,Current,0,5,Multi-Family,No,35,35,5,25,0,22.5,B,Moderate-Low,0.015,0.35,3680.86,0.0052
LN00988,Mortgage,Second Home,2022-12-22,2037-10-04,472000,180,8.08,4532.5,419560.8,0.8889,683,0.3265,0.7206,198750,Employed,4.6,AZ,,Real Estate,Current,0,20,Multi-Family,Yes,35,20,15,15,0,19.2,B,Moderate-Low,0.015,0.35,2202.69,0.0052
LN00989,Mortgage,Refinance,2023-10-30,2053-05-25,874500,360,6.78,5689.44,864793.05,0.9889,799,0.4187,0.7728,115240,Retired,9.3,NY,,Real Estate,Severely Delinquent,6,4,Multi-Family,No,0,35,15,15,100,32.5,C,Moderate,0.04,0.35,12107.1,0.014
LN00990,Mortgage,Refinance,2021-07-07,2041-03-24,848500,240,8.68,7460.43,714182.45,0.8417,627,0.3367,0.8197,108984,Self-Employed,9.8,NC,,Real Estate,Current,0,38,Townhouse,No,55,20,30,30,0,29.0,B,Moderate-Low,0.015,0.35,3749.46,0.0053
LN00991,Mortgage,Investment Property,2024-03-14,2053-10-08,442000,360,7.7,3151.28,435856.2,0.9861,715,0.2978,0.9158,38314,Self-Employed,0.6,GA,,Real Estate,Current,0,5,Condo,No,20,20,50,50,0,23.5,B,Moderate-Low,0.015,0.35,2288.25,0.0053
LN00992,Mortgage,Primary Residence,2023-01-26,2042-10-13,612500,240,9.15,5570.05,563990.0,0.9208,561,0.3089,0.8813,60495,Self-Employed,1.1,CA,,Real Estate,Current,0,19,Townhouse,No,100,20,30,50,0,44.5,C,Moderate,0.04,0.35,7895.86,0.014
LN00993,Mortgage,Refinance,2022-12-11,2037-09-23,882500,180,6.39,7634.26,779512.25,0.8833,750,0.5705,0.7293,157307,Self-Employed,1.9,NY,,Real Estate,Current,0,21,Multi-Family,Yes,10,80,15,50,0,30.2,C,Moderate,0.04,0.35,10913.17,0.014
LN00994,Mortgage,Primary Residence,2021-01-30,2040-10-17,177500,240,8.72,1565.19,145692.0,0.8208,576,0.3984,0.6191,89483,Employed,2.5,TX,,Real Estate,Current,0,43,Condo,Yes,100,35,5,15,0,41.0,C,Moderate,0.04,0.35,2039.69,0.014
LN00995,Mortgage,Primary Residence,2023-07-30,2053-02-22,504500,360,6.86,3309.15,486287.55,0.9639,757,0.3142,0.8994,90838,Self-Employed,8.6,NY,,Real Estate,Current,0,13,Condo,No,10,20,30,30,0,15.5,B,Moderate-Low,0.015,0.35,2553.01,0.0053
LN00996,Mortgage,Investment Property,2023-09-06,2043-05-24,873000,240,6.7,6612.05,829350.0,0.95,758,0.3351,0.7671,166578,Self-Employed,4.5,MD,,Real Estate,Current,0,12,Condo,Yes,10,20,15,40,0,14.2,A,Low Risk,0.005,0.35,1451.36,0.0017
LN00997,Mortgage,Primary Residence,2021-08-26,2041-05-13,834500,240,5.35,5669.95,709325.0,0.85,850,0.462,0.7306,153432,Self-Employed,3.1,MA,,Real Estate,Current,0,36,Multi-Family,No,0,55,15,40,0,20.0,B,Moderate-Low,0.015,0.35,3723.96,0.0053
LN00998,Mortgage,Primary Residence,2023-11-18,2043-08-05,876000,240,7.27,6934.31,843150.0,0.9625,744,0.3188,0.5924,69539,Employed,1.6,NJ,,Real Estate,Current,0,9,Single Family,No,10,20,0,25,0,10.5,A,Low Risk,0.005,0.35,1475.51,0.0017
LN00999,Mortgage,Refinance,2022-03-06,2041-11-21,349500,240,6.33,2570.92,305812.5,0.875,780,0.3386,0.6634,133839,Contract,7.0,NJ,,Real Estate,Current,0,30,Condo,No,0,20,5,25,0,8.2,A,Low Risk,0.005,0.35,535.17,0.0017
LN01000,Mortgage,Investment Property,2020-05-22,2040-02-07,499000,240,9.21,4557.25,390866.7,0.7833,568,0.3891,0.7917,94003,Contract,10.5,TN,,Real Estate,Current,0,52,Condo,No,100,35,15,20,0,43.0,C,Moderate,0.04,0.35,5472.13,0.014
LN01001,Mortgage,Second Home,2022-10-04,2052-04-29,485000,360,9.05,3919.88,454008.5,0.9361,618,0.1552,0.8374,84672,Employed,1.4,NY,,Real Estate,Current,0,23,Single Family,Yes,75,0,30,25,0,29.5,B,Moderate-Low,0.015,0.35,2383.54,0.0052
LN01002,Mortgage,Primary Residence,2024-01-05,2043-09-22,492500,240,9.28,4520.22,476099.75,0.9667,583,0.1996,0.6314,106064,Employed,1.0,NC,,Real Estate,Current,0,8,Multi-Family,No,75,0,5,25,0,25.8,B,Moderate-Low,0.015,0.35,2499.52,0.0052
LN01003,Mortgage,Primary Residence,2020-02-08,2039-10-26,579500,240,9.08,5243.76,446678.6,0.7708,542,0.3474,0.8328,63540,Employed,1.2,TN,,Real Estate,Current,0,55,Townhouse,Yes,100,20,30,25,0,42.0,C,Moderate,0.04,0.35,6253.5,0.014
LN01004,Mortgage,Primary Residence,2020-11-06,2040-07-24,709000,240,7.36,5651.12,573084.7,0.8083,689,0.2701,0.6075,75868,Retired,0.5,NJ,,Real Estate,Current,0,46,Townhouse,No,35,10,5,35,0,17.2,B,Moderate-Low,0.015,0.35,3008.69,0.0052
LN01005,Mortgage,Primary Residence,2022-04-07,2041-12-23,381500,240,6.48,2839.87,335414.8,0.8792,718,0.4118,0.6392,73989,Employed,1.2,FL,,Real Estate,Current,0,29,Townhouse,No,20,35,5,25,0,18.0,B,Moderate-Low,0.015,0.35,1760.93,0.0053
LN01006,Mortgage,Refinance,2023-03-07,2037-12-18,622500,180,8.52,6137.3,560250.0,0.9,596,0.3455,0.7858,202452,Retired,3.8,MO,,Real Estate,Current,0,18,Multi-Family,No,75,20,15,25,0,32.2,C,Moderate,0.04,0.35,7843.5,0.014
LN01007,Mortgage,Refinance,2020-04-23,2040-01-09,737500,240,7.85,6100.08,574660.0,0.7792,605,0.3466,0.5771,91360,Employed,7.7,FL,,Real Estate,Current,0,53,Townhouse,No,75,20,0,5,0,28.0,B,Moderate-Low,0.015,0.35,3016.96,0.0052
LN01008,Mortgage,Primary Residence,2023-08-19,2043-05-06,821500,240,6.57,6158.79,780425.0,0.95,763,0.4109,0.8266,71340,Employed,12.9,OH,,Real Estate,Current,0,12,Condo,No,10,35,30,0,0,16.2,B,Moderate-Low,0.015,0.35,4097.23,0.0052
LN01009,Mortgage,Refinance,2023-11-26,2043-08-13,838500,240,6.01,6012.11,807056.25,0.9625,772,0.2923,0.7115,89054,Retired,1.5,WA,,Real Estate,Current,0,9,Single Family,Yes,10,20,15,35,0,13.8,A,Low Risk,0.005,0.35,1412.35,0.0018
LN01010,Mortgage,Investment Property,2022-06-15,2052-01-09,496500,360,8.61,3856.43,460652.7,0.9278,627,0.2738,0.9428,100962,Employed,3.0,OH,,Real Estate,Current,0,26,Condo,Yes,55,10,50,15,0,28.0,B,Moderate-Low,0.015,0.35,2418.43,0.0053
LN01011,Mortgage,Refinance,2022-03-07,2041-11-22,478000,240,8.09,4025.0,418250.0,0.875,703,0.2203,0.7566,88660,Self-Employed,4.2,FL,,Real Estate,Current,0,30,Townhouse,Yes,20,10,15,40,0,14.8,A,Low Risk,0.005,0.35,731.94,0.0018
LN01012,Mortgage,Primary Residence,2020-03-16,2034-12-28,264000,180,7.01,2374.38,184800.0,0.7,707,0.2882,0.8918,87598,Employed,1.6,NJ,,Real Estate,Current,0,54,Single Family,Yes,20,20,30,25,0,18.0,B,Moderate-Low,0.015,0.35,970.2,0.0052
LN01013,Mortgage,Investment Property,2023-09-01,2038-06-14,256000,180,7.59,2386.26,238924.8,0.9333,686,0.4151,0.8668,63751,Employed,0.8,IN,,Real Estate,Current,0,12,Single Family,Yes,35,35,30,25,0,26.2,B,Moderate-Low,0.015,0.35,1254.36,0.0053
LN01014,Mortgage,Primary Residence,2024-02-15,2038-11-28,461000,180,7.34,4231.72,445648.7,0.9667,650,0.3728,0.6005,93417,Employed,21.8,IL,,Real Estate,Current,0,6,Single Family,Yes,55,35,5,0,0,26.0,B,Moderate-Low,0.015,0.35,2339.66,0.0053
LN01015,Mortgage,Primary Residence,2023-12-07,2038-09-19,590000,180,7.63,5513.05,563804.0,0.9556,638,0.4276,0.7483,238395,Employed,7.9,IL,,Real Estate,Current,0,8,Single Family,Yes,55,35,15,5,0,28.0,B,Moderate-Low,0.015,0.35,2959.97,0.0052
LN01016,Mortgage,Primary Residence,2023-06-05,2043-02-20,454500,240,7.57,3680.9,426093.75,0.9375,743,0.2964,0.7527,155096,Self-Employed,0.8,PA,,Real Estate,Current,0,15,Single Family,No,10,20,15,50,0,15.2,B,Moderate-Low,0.015,0.35,2236.99,0.0052
LN01017,Mortgage,Investment Property,2023-05-03,2043-01-18,689500,240,8.22,5862.02,643510.35,0.9333,631,0.3623,0.7159,204144,Employed,8.8,WI,,Real Estate,Current,0,16,Multi-Family,Yes,55,35,15,5,0,28.0,B,Moderate-Low,0.015,0.35,3378.43,0.0053
LN01018,Mortgage,Investment Property,2023-10-21,2053-05-16,407000,360,7.62,2879.32,395685.4,0.9722,671,0.4287,0.8337,113675,Employed,5.3,WA,,Real Estate,Current,0,10,Condo,Yes,35,35,30,5,0,24.2,B,Moderate-Low,0.015,0.35,2077.35,0.0053
LN01019,Mortgage,Primary Residence,2023-04-29,2038-02-09,659500,180,9.46,6870.75,600870.45,0.9111,552,0.3176,0.7066,208784,Employed,1.8,PA,,Real Estate,Current,0,16,Condo,Yes,100,20,15,25,0,39.8,C,Moderate,0.04,0.35,8412.19,0.014
LN01020,Mortgage,Second Home,2020-12-10,2040-08-27,154500,240,6.1,1115.82,125531.25,0.8125,809,0.3876,0.7837,96404,Employed,15.2,VA,,Real Estate,Current,0,45,Single Family,Yes,0,35,15,0,0,11.0,A,Low Risk,0.005,0.35,219.68,0.0018
LN01021,Mortgage,Investment Property,2020-07-23,2035-05-06,135500,180,6.39,1172.17,97858.1,0.7222,773,0.3743,0.9232,149648,Employed,6.4,WI,,Real Estate,Current,0,50,Townhouse,No,10,35,50,5,0,19.8,B,Moderate-Low,0.015,0.35,513.76,0.0053
LN01022,Mortgage,Primary Residence,2020-01-14,2034-10-27,223000,180,8.73,2226.14,153624.7,0.6889,654,0.3262,0.5758,131251,Employed,5.1,CA,,Real Estate,Current,0,56,Townhouse,No,55,20,0,5,0,22.0,B,Moderate-Low,0.015,0.35,806.53,0.0053
LN01023,Mortgage,Investment Property,2024-06-10,2054-01-04,130500,360,6.71,842.95,129769.2,0.9944,791,0.3591,0.7172,134890,Self-Employed,5.0,TN,,Real Estate,Current,0,2,Multi-Family,No,0,20,15,30,0,10.2,A,Low Risk,0.005,0.35,227.1,0.0018
LN01024,Mortgage,Investment Property,2022-07-11,2052-02-04,123500,360,6.6,788.74,114583.3,0.9278,739,0.3676,0.595,118493,Employed,0.6,AZ,,Real Estate,Current,0,26,Condo,Yes,20,35,0,25,0,17.2,B,Moderate-Low,0.015,0.35,601.56,0.0052
LN01025,Mortgage,Refinance,2022-10-20,2052-05-15,148000,360,9.5,1244.46,138957.2,0.9389,595,0.2324,0.8742,100961,Contract,7.0,WI,,Real Estate,Current,0,22,Townhouse,No,75,10,30,25,0,32.0,C,Moderate,0.04,0.35,1945.4,0.014
LN01026,Mortgage,Primary Residence,2023-02-16,2037-11-29,810000,180,8.29,7877.0,729000.0,0.9,609,0.3211,0.7475,233611,Employed,0.5,GA,,Real Estate,Current,0,18,Condo,Yes,75,20,15,25,0,32.2,C,Moderate,0.04,0.35,10206.0,0.014
LN01027,Mortgage,Investment Property,2024-04-26,2044-01-12,767500,240,6.73,5826.67,754682.75,0.9833,748,0.393,0.7927,54784,Employed,5.9,OH,,Real Estate,Current,0,4,Condo,No,10,35,15,5,0,14.5,A,Low Risk,0.005,0.35,1320.69,0.0017
LN01028,Mortgage,Primary Residence,2022-08-29,2052-03-24,298500,360,6.87,1959.94,278590.05,0.9333,755,0.3705,0.7432,378021,Employed,4.3,TN,,Real Estate,Current,0,24,Multi-Family,No,10,35,15,15,0,15.5,B,Moderate-Low,0.015,0.35,1462.6,0.0053
LN01029,Mortgage,Second Home,2021-03-05,2040-11-20,630500,240,5.7,4408.66,520162.5,0.825,843,0.2859,0.613,59115,Employed,5.4,AZ,,Real Estate,Current,0,42,Single Family,No,0,20,5,5,0,6.2,A,Low Risk,0.005,0.35,910.28,0.0017
LN01030,Mortgage,Primary Residence,2020-04-17,2049-11-11,674000,360,7.38,4657.45,574787.2,0.8528,685,0.2905,0.8074,151222,Employed,0.6,MO,,Real Estate,Current,0,53,Single Family,No,35,20,30,25,0,22.5,B,Moderate-Low,0.015,0.35,3017.63,0.0052
LN01031,Mortgage,Refinance,2021-04-26,2036-02-07,836500,180,8.62,8296.29,650629.7,0.7778,572,0.163,0.6714,83601,Employed,12.0,MA,,Real Estate,Current,0,40,Condo,No,100,0,5,0,0,30.8,C,Moderate,0.04,0.35,9108.82,0.014
LN01032,Mortgage,Primary Residence,2023-10-18,2053-05-13,387500,360,9.3,3201.92,376727.5,0.9722,567,0.1934,0.8906,175985,Employed,5.6,NJ,,Real Estate,Current,0,10,Condo,No,100,0,30,5,0,35.0,C,Moderate,0.04,0.35,5274.18,0.014
LN01033,Mortgage,Second Home,2021-04-30,2036-02-11,582000,180,7.39,5358.9,452679.6,0.7778,700,0.3169,0.7868,56218,Retired,8.0,AZ,,Real Estate,Current,0,40,Single Family,No,20,20,15,15,0,14.8,A,Low Risk,0.005,0.35,792.19,0.0018
LN01034,Mortgage,Second Home,2023-04-13,2042-12-29,580000,240,8.61,5073.83,541314.0,0.9333,573,0.3353,0.8382,185901,Employed,6.2,TN,,Real Estate,Current,0,16,Condo,Yes,100,20,30,5,0,40.0,C,Moderate,0.04,0.35,7578.4,0.014
LN01035,Mortgage,Investment Property,2022-07-20,2052-02-13,129000,360,7.7,919.72,120047.4,0.9306,744,0.4001,0.7004,249511,Employed,17.1,PA,,Real Estate,Current,0,25,Condo,No,10,35,15,0,0,14.0,A,Low Risk,0.005,0.35,210.08,0.0017
LN01036,Mortgage,Investment Property,2022-01-04,2051-07-31,515500,360,8.44,3941.85,469672.05,0.9111,576,0.2979,0.756,174117,Employed,1.1,NC,,Real Estate,Current,0,32,Single Family,No,100,20,15,25,0,39.8,C,Moderate,0.04,0.35,6575.41,0.014
LN01037,Mortgage,Second Home,2020-10-06,2040-06-23,642500,240,8.15,5434.26,516698.5,0.8042,693,0.3008,0.6705,205385,Retired,5.2,NY,,Real Estate,Current,0,47,Condo,No,35,20,5,15,0,17.8,B,Moderate-Low,0.015,0.35,2712.67,0.0053
LN01038,Mortgage,Investment Property,2021-03-26,2040-12-11,163000,240,8.93,1459.22,135159.6,0.8292,565,0.2903,0.5797,181649,Employed,0.7,MI,,Real Estate,Current,0,41,Single Family,No,100,20,0,25,0,37.5,C,Moderate,0.04,0.35,1892.23,0.014
LN01039,Mortgage,Investment Property,2022-12-04,2042-08-21,522500,240,7.28,4139.22,476781.25,0.9125,697,0.3894,0.7571,114817,Retired,2.9,TN,,Real Estate,Current,0,21,Townhouse,No,35,35,15,25,0,24.0,B,Moderate-Low,0.015,0.35,2503.1,0.0052
LN01040,Mortgage,Investment Property,2020-01-30,2039-10-17,811500,240,9.77,7707.89,625504.2,0.7708,549,0.2749,0.8378,84237,Self-Employed,0.7,AZ,,Real Estate,Current,0,55,Multi-Family,No,100,10,30,50,0,42.0,C,Moderate,0.04,0.35,8757.06,0.014
LN01041,Mortgage,Investment Property,2023-04-01,2042-12-17,930000,240,7.95,7749.98,864156.0,0.9292,626,0.3079,0.7325,187891,Retired,0.5,GA,,Real Estate,Current,0,17,Townhouse,Yes,55,20,15,35,0,27.2,B,Moderate-Low,0.015,0.35,4536.82,0.0053
LN01042,Mortgage,Second Home,2020-03-23,2035-01-04,574000,180,7.03,5168.91,420914.2,0.7333,733,0.4436,0.676,139476,Employed,5.1,IN,,Real Estate,Severely Delinquent,6,48,Single Family,No,20,55,5,5,100,41.0,C,Moderate,0.04,0.35,5892.8,0.014
LN01043,Mortgage,Primary Residence,2022-10-11,2042-06-28,885500,240,7.64,7209.52,800669.1,0.9042,660,0.2887,0.86,172486,Employed,3.0,GA,,Real Estate,Current,0,23,Condo,No,35,20,30,15,0,21.5,B,Moderate-Low,0.015,0.35,4203.51,0.0052
LN01044,Mortgage,Primary Residence,2022-01-04,2036-10-17,229000,180,9.01,2324.03,188283.8,0.8222,566,0.3061,0.8507,118247,Employed,3.3,MI,,Real Estate,Current,0,32,Townhouse,No,100,20,30,15,0,41.0,C,Moderate,0.04,0.35,2635.97,0.014
LN01045,Mortgage,Primary Residence,2021-09-16,2051-04-12,719500,360,6.59,4590.4,647550.0,0.9,792,0.3882,0.6852,92146,Self-Employed,3.8,PA,,Real Estate,Current,0,36,Townhouse,Yes,0,35,5,40,0,13.5,A,Low Risk,0.005,0.35,1133.21,0.0017
LN01046,Mortgage,Refinance,2023-12-11,2038-09-23,933000,180,7.82,8819.55,891574.8,0.9556,631,0.3195,0.7949,238185,Employed,3.4,WA,,Real Estate,Current,0,8,Single Family,Yes,55,20,15,15,0,25.2,B,Moderate-Low,0.015,0.35,4680.77,0.0053
LN01047,Mortgage,Refinance,2020-05-24,2049-12-18,359500,360,5.83,2116.25,307588.2,0.8556,832,0.4178,0.9246,125881,Retired,2.9,WA,,Real Estate,Current,0,52,Multi-Family,No,0,35,50,25,0,18.8,B,Moderate-Low,0.015,0.35,1614.84,0.0053
LN01048,Mortgage,Investment Property,2024-03-21,2043-12-07,361500,240,8.26,3082.49,353980.8,0.9792,642,0.2859,0.8745,226509,Self-Employed,1.5,NC,,Real Estate,Current,0,5,Multi-Family,No,55,20,30,50,0,31.0,C,Moderate,0.04,0.35,4955.73,0.014
LN01049,Mortgage,Refinance,2020-04-22,2049-11-16,390000,360,8.33,2951.9,332592.0,0.8528,693,0.1737,0.7911,187855,Retired,25.6,IN,,Real Estate,Current,0,53,Single Family,No,35,0,15,10,0,13.8,A,Low Risk,0.005,0.35,582.04,0.0018
LN01050,Mortgage,Refinance,2022-01-18,2041-10-05,918000,240,5.99,6571.54,799394.4,0.8708,846,0.3115,0.7904,107671,Employed,7.4,MA,,Real Estate,Current,0,31,Condo,No,0,20,15,5,0,7.8,A,Low Risk,0.005,0.35,1398.94,0.0017
LN01051,Mortgage,Investment Property,2023-02-18,2052-09-13,764500,360,6.86,5014.56,726275.0,0.95,750,0.1962,0.8144,87384,Employed,2.3,FL,,Real Estate,Current,0,18,Multi-Family,No,10,0,30,15,0,9.0,A,Low Risk,0.005,0.35,1270.98,0.0017
LN01052,Mortgage,Investment Property,2023-01-10,2037-10-23,461000,180,8.8,4621.08,409782.9,0.8889,586,0.4843,0.7129,311784,Employed,3.2,NY,,Real Estate,Current,0,20,Multi-Family,No,75,55,15,15,0,40.0,C,Moderate,0.04,0.35,5736.96,0.014
LN01053,Mortgage,Refinance,2021-07-01,2041-03-18,260000,240,7.26,2056.55,218842.0,0.8417,674,0.3391,0.9231,500000,Self-Employed,5.6,IN,,Real Estate,Current,0,38,Single Family,No,35,20,50,30,0,26.0,B,Moderate-Low,0.015,0.35,1148.92,0.0052
LN01054,Mortgage,Primary Residence,2021-12-08,2041-08-25,425500,240,7.06,3314.24,366993.75,0.8625,750,0.4367,0.8782,120923,Employed,11.5,MA,,Real Estate,Current,0,33,Multi-Family,Yes,10,55,30,0,0,21.2,B,Moderate-Low,0.015,0.35,1926.72,0.0053
LN01055,Mortgage,Second Home,2023-06-25,2043-03-12,146000,240,8.18,1237.61,138700.0,0.95,620,0.3982,0.6596,80945,Employed,1.3,FL,,Real Estate,Delinquent,2,12,Single Family,Yes,55,35,5,25,55,39.5,C,Moderate,0.04,0.35,1941.8,0.014
LN01056,Mortgage,Primary Residence,2021-01-01,2040-09-18,458500,240,7.24,3621.1,374456.95,0.8167,711,0.3371,0.8205,265349,Contract,7.3,MI,,Real Estate,Current,0,44,Condo,No,20,20,30,25,0,18.0,B,Moderate-Low,0.015,0.35,1965.9,0.0053
LN01057,Mortgage,Investment Property,2020-08-17,2040-05-04,617000,240,7.14,4835.58,491008.6,0.7958,743,0.3295,0.9231,331004,Employed,0.5,IL,,Real Estate,Current,0,49,Multi-Family,No,10,20,50,25,0,18.0,B,Moderate-Low,0.015,0.35,2577.8,0.0053
LN01058,Mortgage,Second Home,2023-10-29,2043-07-16,901500,240,6.68,6817.21,863907.45,0.9583,766,0.4015,0.7109,184687,Retired,0.5,MO,,Real Estate,Current,0,10,Townhouse,Yes,10,35,15,35,0,17.5,B,Moderate-Low,0.015,0.35,4535.51,0.0052
LN01059,Mortgage,Primary Residence,2024-02-19,2043-11-06,561500,240,6.41,4156.69,547462.5,0.975,755,0.3501,0.9098,138582,Employed,15.7,CA,,Real Estate,Current,0,6,Condo,No,10,20,50,0,0,15.5,B,Moderate-Low,0.015,0.35,2874.18,0.0053
LN01060,Mortgage,Refinance,2023-08-13,2053-03-08,221500,360,8.45,1695.3,214124.05,0.9667,670,0.3264,0.7316,205733,Employed,8.0,NJ,,Real Estate,Current,0,12,Townhouse,Yes,35,20,15,5,0,18.2,B,Moderate-Low,0.015,0.35,1124.15,0.0052
LN01061,Mortgage,Second Home,2023-09-25,2053-04-20,699500,360,5.33,3897.4,678095.3,0.9694,837,0.4307,0.747,130669,Self-Employed,14.8,IN,,Real Estate,Current,0,11,Multi-Family,No,0,55,15,25,0,18.5,B,Moderate-Low,0.015,0.35,3560.0,0.0052
LN01062,Mortgage,Refinance,2020-09-27,2050-04-23,645500,360,8.75,5078.15,561197.7,0.8694,585,0.3327,0.6717,118792,Employed,8.8,MI,,Real Estate,Current,0,47,Townhouse,Yes,75,20,5,5,0,28.8,B,Moderate-Low,0.015,0.35,2946.29,0.0053
LN01063,Mortgage,Refinance,2021-08-13,2041-04-30,496500,240,8.26,4233.62,419939.7,0.8458,640,0.3055,0.825,103004,Employed,6.0,TX,,Real Estate,Current,0,37,Condo,No,55,20,30,5,0,26.5,B,Moderate-Low,0.015,0.35,2204.68,0.0052
LN01064,Mortgage,Investment Property,2020-11-25,2050-06-21,360000,360,7.39,2490.11,315000.0,0.875,686,0.2814,0.7588,127155,Employed,6.5,MO,,Real Estate,Current,0,45,Condo,Yes,35,20,15,5,0,18.2,B,Moderate-Low,0.015,0.35,1653.75,0.0052
LN01065,Mortgage,Second Home,2020-08-27,2035-06-10,139500,180,7.64,1304.31,103076.55,0.7389,620,0.3716,0.7172,248131,Employed,17.2,NJ,,Real Estate,Late,1,47,Multi-Family,No,55,35,15,0,30,33.5,C,Moderate,0.04,0.35,1443.07,0.014
LN01066,Mortgage,Refinance,2021-02-24,2035-12-08,303500,180,7.38,2792.83,232693.45,0.7667,742,0.3071,0.7695,277955,Self-Employed,4.6,MO,,Real Estate,Current,0,42,Condo,No,10,20,15,40,0,14.2,A,Low Risk,0.005,0.35,407.21,0.0017
LN01067,Mortgage,Refinance,2022-07-07,2042-03-24,822500,240,6.61,6185.72,733423.25,0.8917,708,0.3352,0.8492,154926,Contract,0.9,MO,,Real Estate,Current,0,26,Single Family,Yes,20,20,30,45,0,20.0,B,Moderate-Low,0.015,0.35,3850.47,0.0052
LN01068,Mortgage,Refinance,2022-10-19,2042-07-06,410000,240,7.86,3393.77,372403.0,0.9083,634,0.2388,0.6971,172313,Retired,4.9,IL,,Real Estate,Current,0,22,Single Family,Yes,55,10,5,25,0,22.2,B,Moderate-Low,0.015,0.35,1955.12,0.0053
LN01069,Mortgage,Refinance,2023-01-23,2052-08-18,294000,360,8.32,2223.21,278476.8,0.9472,652,0.4462,0.7965,240249,Employed,3.4,IN,,Real Estate,Current,0,19,Multi-Family,Yes,55,55,15,15,0,34.0,C,Moderate,0.04,0.35,3898.68,0.014
LN01070,Mortgage,Second Home,2023-09-27,2053-04-22,755500,360,8.46,5787.74,732381.7,0.9694,643,0.3895,0.8366,76489,Self-Employed,2.9,IL,,Real Estate,Current,0,11,Single Family,Yes,55,35,30,40,0,33.8,C,Moderate,0.04,0.35,10253.34,0.014
LN01071,Mortgage,Primary Residence,2022-09-07,2052-04-02,679000,360,6.58,4327.53,633710.7,0.9333,705,0.3068,0.8874,137187,Employed,8.6,TX,,Real Estate,Current,0,24,Single Family,Yes,20,20,30,5,0,16.0,B,Moderate-Low,0.015,0.35,3326.98,0.0052
LN01072,Mortgage,Primary Residence,2023-06-18,2043-03-05,287000,240,7.05,2233.73,270267.9,0.9417,718,0.4052,0.8652,209107,Employed,10.8,GA,,Real Estate,Current,0,14,Single Family,Yes,20,35,30,0,0,19.2,B,Moderate-Low,0.015,0.35,1418.91,0.0053
LN01073,Mortgage,Investment Property,2023-08-06,2053-03-01,467500,360,7.17,3163.85,450623.25,0.9639,722,0.4399,0.6639,202114,Employed,4.2,OH,,Real Estate,Current,0,13,Condo,No,20,55,5,15,0,22.0,B,Moderate-Low,0.015,0.35,2365.77,0.0052
LN01074,Mortgage,Primary Residence,2020-06-20,2035-04-03,279000,180,7.18,2535.89,203056.2,0.7278,732,0.4493,0.8995,179443,Self-Employed,0.5,MA,,Real Estate,Delinquent,2,49,Condo,Yes,20,55,30,50,55,40.2,C,Moderate,0.04,0.35,2842.79,0.014
LN01075,Mortgage,Primary Residence,2021-10-12,2041-06-29,129500,240,8.5,1123.83,110618.9,0.8542,632,0.3124,0.7812,306447,Employed,2.8,WI,,Real Estate,Current,0,35,Townhouse,No,55,20,15,15,0,25.2,B,Moderate-Low,0.015,0.35,580.75,0.0053
LN01076,Mortgage,Refinance,2024-01-06,2038-10-19,948500,180,7.8,8955.19,911603.35,0.9611,669,0.391,0.8408,56796,Employed,2.8,AZ,,Real Estate,Current,0,7,Multi-Family,Yes,35,35,30,15,0,25.2,B,Moderate-Low,0.015,0.35,4785.92,0.0053
LN01077,Mortgage,Primary Residence,2021-12-20,2041-09-06,690000,240,7.54,5575.48,598023.0,0.8667,688,0.305,0.774,117719,Contract,2.1,MI,,Real Estate,Current,0,32,Townhouse,Yes,35,20,15,35,0,21.2,B,Moderate-Low,0.015,0.35,3139.62,0.0052
LN01078,Mortgage,Second Home,2022-05-01,2051-11-25,541500,360,8.87,4306.48,499371.3,0.9222,583,0.2328,0.8184,104103,Employed,8.4,MA,,Real Estate,Current,0,28,Condo,Yes,75,10,30,5,0,30.0,C,Moderate,0.04,0.35,6991.2,0.014
LN01079,Mortgage,Refinance,2023-05-09,2052-12-02,557500,360,8.47,4274.85,532747.0,0.9556,632,0.2214,0.9197,129445,Employed,4.8,FL,,Real Estate,Current,0,16,Multi-Family,No,55,10,50,15,0,28.0,B,Moderate-Low,0.015,0.35,2796.92,0.0052
LN01080,Mortgage,Second Home,2023-04-24,2038-02-04,820500,180,7.39,7554.94,747557.55,0.9111,732,0.2784,0.8815,125242,Employed,10.4,WA,,Real Estate,Current,0,16,Townhouse,Yes,20,10,30,0,0,13.0,A,Low Risk,0.005,0.35,1308.23,0.0018
LN01081,Mortgage,Investment Property,2023-02-12,2037-11-25,722000,180,8.06,6924.84,649800.0,0.9,610,0.2592,0.5504,222084,Self-Employed,7.5,MA,,Real Estate,Current,0,18,Condo,Yes,75,10,0,30,0,28.0,B,Moderate-Low,0.015,0.35,3411.45,0.0052
LN01082,Mortgage,Refinance,2021-08-15,2041-05-02,156500,240,6.82,1196.49,132367.7,0.8458,671,0.3029,0.8364,110205,Employed,2.3,MO,,Real Estate,Current,0,37,Townhouse,Yes,35,20,30,15,0,21.5,B,Moderate-Low,0.015,0.35,694.93,0.0052
LN01083,Mortgage,Primary Residence,2024-02-24,2053-09-19,833000,360,5.48,4719.23,819088.9,0.9833,848,0.3043,0.7021,86657,Employed,12.3,MA,,Real Estate,Current,0,6,Multi-Family,No,0,20,15,0,0,7.2,A,Low Risk,0.005,0.35,1433.41,0.0018
LN01084,Mortgage,Refinance,2023-08-04,2043-04-21,912000,240,6.35,6719.33,862569.6,0.9458,786,0.4429,0.9137,76474,Employed,4.3,TN,,Real Estate,Current,0,13,Condo,Yes,0,55,50,15,0,22.8,B,Moderate-Low,0.015,0.35,4528.49,0.0052
LN01085,Mortgage,Refinance,2023-11-09,2043-07-27,882000,240,5.92,6278.28,848925.0,0.9625,833,0.3129,0.9415,111677,Employed,12.7,GA,,Real Estate,Current,0,9,Single Family,Yes,0,20,50,0,0,12.5,A,Low Risk,0.005,0.35,1485.62,0.0018
LN01086,Mortgage,Second Home,2024-03-06,2053-09-30,156000,360,5.86,921.3,153831.6,0.9861,752,0.3374,0.6217,62567,Employed,6.2,VA,,Real Estate,Current,0,5,Townhouse,No,10,20,5,5,0,9.2,A,Low Risk,0.005,0.35,269.21,0.0018
LN01087,Mortgage,Primary Residence,2020-09-01,2050-03-28,582000,360,9.85,5043.07,504419.4,0.8667,500,0.4881,0.7012,121806,Employed,3.7,VA,,Real Estate,Current,0,48,Condo,Yes,100,55,15,15,0,47.5,C,Moderate,0.04,0.35,7061.87,0.014
LN01088,Mortgage,Investment Property,2020-04-29,2049-11-23,561500,360,8.41,4281.69,481935.45,0.8583,575,0.3585,0.8293,197612,Retired,5.9,MA,,Real Estate,Late,1,51,Condo,Yes,100,20,30,15,30,47.0,C,Moderate,0.04,0.35,6747.1,0.014
LN01089,Mortgage,Refinance,2021-07-12,2036-04-24,387500,180,6.19,3309.86,305698.75,0.7889,823,0.1412,0.9256,117751,Employed,6.7,VA,,Real Estate,Current,0,38,Multi-Family,Yes,0,0,50,5,0,8.0,A,Low Risk,0.005,0.35,534.97,0.0017
LN01090,Mortgage,Investment Property,2022-12-20,2042-09-06,821000,240,6.88,6306.2,752610.7,0.9167,763,0.3201,0.7263,126859,Employed,6.0,FL,,Real Estate,Current,0,20,Condo,No,10,20,15,5,0,10.8,A,Low Risk,0.005,0.35,1317.07,0.0018
LN01091,Mortgage,Refinance,2021-10-22,2051-05-18,408500,360,7.02,2723.25,369937.6,0.9056,696,0.2965,0.6837,106922,Self-Employed,0.7,NJ,,Real Estate,Current,0,34,Multi-Family,Yes,35,20,5,50,0,21.2,B,Moderate-Low,0.015,0.35,1942.17,0.0052
LN01092,Mortgage,Investment Property,2022-12-30,2037-10-12,806000,180,8.08,7739.83,716453.4,0.8889,687,0.4505,0.7519,102879,Employed,7.2,MD,,Real Estate,Current,0,20,Condo,No,35,55,15,5,0,27.0,B,Moderate-Low,0.015,0.35,3761.38,0.0052
LN01093,Mortgage,Second Home,2021-07-30,2051-02-23,635000,360,6.76,4122.82,569722.0,0.8972,715,0.2157,0.7485,347538,Self-Employed,10.4,VA,,Real Estate,Current,0,37,Condo,No,20,10,15,25,0,13.2,A,Low Risk,0.005,0.35,997.01,0.0017
LN01094,Mortgage,Primary Residence,2021-03-22,2036-01-03,736500,180,7.28,6735.7,572849.7,0.7778,679,0.4398,0.6384,102479,Self-Employed,1.9,GA,,Real Estate,Late,1,40,Townhouse,No,35,55,5,50,30,36.0,C,Moderate,0.04,0.35,8019.9,0.014
LN01095,Mortgage,Second Home,2020-08-26,2035-06-09,543000,180,7.61,5067.68,398181.9,0.7333,663,0.4348,0.8456,72222,Retired,3.0,IL,,Real Estate,Current,0,48,Multi-Family,Yes,35,55,30,25,0,31.2,C,Moderate,0.04,0.35,5574.55,0.014
LN01096,Mortgage,Refinance,2022-01-12,2051-08-08,450500,360,7.27,3079.32,410450.55,0.9111,686,0.2423,0.859,40992,Self-Employed,1.1,IL,,Real Estate,Current,0,32,Multi-Family,Yes,35,10,30,50,0,22.5,B,Moderate-Low,0.015,0.35,2154.87,0.0053
LN01097,Mortgage,Investment Property,2024-03-04,2038-12-16,290000,180,7.0,2606.6,280343.0,0.9667,779,0.3318,0.8299,186022,Employed,1.7,NY,,Real Estate,Current,0,6,Multi-Family,No,10,20,30,25,0,15.0,B,Moderate-Low,0.015,0.35,1471.8,0.0052
LN01098,Mortgage,Second Home,2021-03-05,2035-12-17,278000,180,7.24,2536.19,213142.6,0.7667,721,0.3466,0.5786,199563,Contract,3.0,IL,,Real Estate,Current,0,42,Single Family,No,20,20,0,35,0,14.5,A,Low Risk,0.005,0.35,373.0,0.0018
LN01099,Mortgage,Primary Residence,2024-05-05,2039-02-16,159000,180,9.04,1616.47,156344.7,0.9833,572,0.4254,0.6133,78725,Self-Employed,7.1,TN,,Real Estate,Current,0,3,Single Family,Yes,100,35,5,30,0,42.5,C,Moderate,0.04,0.35,2188.83,0.014
LN01100,Mortgage,Second Home,2024-06-12,2039-03-26,137500,180,8.51,1354.82,135973.75,0.9889,596,0.341,0.7504,215187,Employed,2.3,IN,,Real Estate,Current,0,2,Multi-Family,Yes,75,20,15,15,0,31.2,C,Moderate,0.04,0.35,1903.63,0.014
LN01101,Mortgage,Primary Residence,2020-05-15,2035-02-26,609500,180,6.77,5400.28,433415.45,0.7111,802,0.3458,0.6649,77652,Self-Employed,1.1,MI,,Real Estate,Current,0,52,Condo,Yes,0,20,5,50,0,10.8,A,Low Risk,0.005,0.35,758.48,0.0018
LN01102,Mortgage,Primary Residence,2021-02-13,2050-09-09,282000,360,7.46,1964.07,248329.2,0.8806,698,0.3905,0.8769,61734,Self-Employed,4.9,PA,,Real Estate,Current,0,43,Condo,Yes,35,35,30,40,0,27.8,B,Moderate-Low,0.015,0.35,1303.73,0.0053
LN01103,Mortgage,Investment Property,2021-07-22,2051-02-15,497500,360,6.84,3256.59,446357.0,0.8972,770,0.4118,0.7052,86968,Employed,1.0,MD,,Real Estate,Current,0,37,Single Family,Yes,10,35,15,25,0,16.5,B,Moderate-Low,0.015,0.35,2343.37,0.0052
LN01104,Mortgage,Investment Property,2023-03-30,2038-01-10,393000,180,6.67,3460.29,355900.8,0.9056,735,0.3376,0.5596,140628,Employed,2.3,CA,,Real Estate,Current,0,17,Condo,No,20,20,0,15,0,12.5,A,Low Risk,0.005,0.35,622.83,0.0018
LN01105,Mortgage,Second Home,2020-01-09,2049-08-04,437500,360,8.79,3454.32,369425.0,0.8444,549,0.2674,0.9369,370363,Retired,3.5,NY,,Real Estate,Current,0,56,Condo,Yes,100,10,50,25,0,42.5,C,Moderate,0.04,0.35,5171.95,0.014
LN01106,Mortgage,Refinance,2023-10-11,2043-06-28,737000,240,7.87,6105.07,706267.1,0.9583,671,0.2184,0.8736,236704,Employed,9.1,NY,,Real Estate,Current,0,10,Townhouse,Yes,35,10,30,5,0,18.0,B,Moderate-Low,0.015,0.35,3707.9,0.0052
LN01107,Mortgage,Refinance,2022-11-19,2037-09-01,122000,180,6.53,1064.76,107762.6,0.8833,756,0.253,0.691,183679,Employed,4.9,GA,,Real Estate,Current,0,21,Townhouse,Yes,10,10,5,15,0,7.8,A,Low Risk,0.005,0.35,188.58,0.0017
LN01108,Mortgage,Refinance,2022-11-30,2037-09-12,534000,180,7.29,4886.74,471682.2,0.8833,658,0.3323,0.6587,182222,Employed,1.1,IL,,Real Estate,Current,0,21,Single Family,No,55,20,5,25,0,24.8,B,Moderate-Low,0.015,0.35,2476.33,0.0052
LN01109,Mortgage,Refinance,2021-11-02,2036-08-15,234500,180,8.08,2251.85,190202.95,0.8111,673,0.4197,0.8784,288121,Employed,1.4,TN,,Real Estate,Current,0,34,Multi-Family,Yes,35,35,30,25,0,26.2,B,Moderate-Low,0.015,0.35,998.57,0.0053
LN01110,Mortgage,Refinance,2022-06-28,2052-01-22,621500,360,8.04,4577.69,576627.7,0.9278,674,0.3964,0.5573,304484,Employed,2.2,GA,,Real Estate,Current,0,26,Condo,No,35,35,0,15,0,20.8,B,Moderate-Low,0.015,0.35,3027.3,0.0053
LN01111,Mortgage,Second Home,2022-09-01,2037-06-14,777500,180,6.68,6850.03,673859.25,0.8667,723,0.4086,0.5644,203894,Employed,16.2,VA,,Real Estate,Current,0,24,Townhouse,Yes,20,35,0,0,0,14.8,A,Low Risk,0.005,0.35,1179.25,0.0017
LN01112,Mortgage,Second Home,2022-12-06,2042-08-23,343500,240,7.83,2836.94,313443.75,0.9125,688,0.2809,0.9467,81711,Employed,1.3,FL,,Real Estate,Current,0,21,Single Family,No,35,20,50,25,0,25.5,B,Moderate-Low,0.015,0.35,1645.58,0.0053
LN01113,Mortgage,Investment Property,2020-12-11,2050-07-07,938000,360,8.02,6895.79,820750.0,0.875,671,0.4442,0.8564,157410,Employed,2.5,FL,,Real Estate,Current,0,45,Condo,Yes,35,55,30,15,0,30.2,C,Moderate,0.04,0.35,11490.5,0.014
LN01114,Mortgage,Second Home,2022-04-07,2051-11-01,945500,360,5.47,5350.66,869292.7,0.9194,792,0.5094,0.7962,111054,Employed,2.7,NY,,Real Estate,Current,0,29,Multi-Family,Yes,0,80,15,15,0,23.8,B,Moderate-Low,0.015,0.35,4563.79,0.0053
LN01115,Mortgage,Second Home,2024-04-17,2053-11-11,194000,360,7.29,1328.69,191846.6,0.9889,717,0.461,0.7509,144819,Employed,0.5,MD,,Real Estate,Current,0,4,Townhouse,Yes,20,55,15,25,0,24.5,B,Moderate-Low,0.015,0.35,1007.19,0.0052
LN01116,Mortgage,Refinance,2023-05-20,2052-12-13,595500,360,7.14,4018.02,570667.65,0.9583,664,0.3489,0.8081,134078,Contract,3.2,WA,,Real Estate,Current,0,15,Townhouse,No,35,20,30,35,0,23.5,B,Moderate-Low,0.015,0.35,2996.01,0.0053
LN01117,Mortgage,Investment Property,2020-09-07,2035-06-21,584500,180,7.77,5508.45,428613.85,0.7333,642,0.3727,0.8455,179822,Employed,5.9,NC,,Real Estate,Current,0,48,Single Family,No,55,35,30,5,0,30.2,C,Moderate,0.04,0.35,6000.59,0.014
LN01118,Mortgage,Second Home,2024-02-20,2038-12-03,765000,180,8.71,7627.72,739525.5,0.9667,614,0.3009,0.8287,139173,Self-Employed,5.4,TX,,Real Estate,Current,0,6,Condo,No,75,20,30,30,0,35.0,C,Moderate,0.04,0.35,10353.36,0.014
LN01119,Mortgage,Primary Residence,2023-05-23,2043-02-07,683000,240,9.08,6180.31,640312.5,0.9375,584,0.4503,0.7476,69629,Employed,9.4,NJ,,Real Estate,Current,0,15,Townhouse,No,75,55,15,5,0,39.0,C,Moderate,0.04,0.35,8964.37,0.014
LN01120,Mortgage,Second Home,2021-02-17,2040-11-04,863000,240,6.84,6608.2,708350.4,0.8208,805,0.2544,0.9482,147848,Self-Employed,0.8,MI,,Real Estate,Current,0,43,Multi-Family,Yes,0,10,50,50,0,15.0,B,Moderate-Low,0.015,0.35,3718.84,0.0053
LN01121,Mortgage,Primary Residence,2023-01-24,2052-08-19,832500,360,8.02,6120.2,788544.0,0.9472,668,0.4057,0.6676,166387,Contract,7.4,CA,,Real Estate,Current,0,19,Single Family,Yes,35,35,5,25,0,22.5,B,Moderate-Low,0.015,0.35,4139.86,0.0053
LN01122,Mortgage,Second Home,2022-07-10,2042-03-27,538000,240,5.83,3801.82,479734.6,0.8917,772,0.4311,0.9392,114906,Retired,0.5,NJ,,Real Estate,Current,0,26,Single Family,No,10,55,50,35,0,27.8,B,Moderate-Low,0.015,0.35,2518.61,0.0053
LN01123,Mortgage,Refinance,2020-12-28,2035-10-11,395500,180,7.26,3612.6,298839.8,0.7556,685,0.3485,0.8896,234191,Self-Employed,4.4,MO,,Real Estate,Current,0,44,Townhouse,No,35,20,30,40,0,24.0,B,Moderate-Low,0.015,0.35,1568.91,0.0053
LN01124,Mortgage,Second Home,2020-10-02,2040-06-19,548500,240,6.65,4138.05,441103.7,0.8042,735,0.2926,0.6339,215595,Self-Employed,5.5,MI,,Real Estate,Current,0,47,Townhouse,Yes,20,20,5,30,0,14.8,A,Low Risk,0.005,0.35,771.93,0.0017
LN01125,Mortgage,Second Home,2023-02-08,2052-09-03,470500,360,8.37,3574.48,445657.6,0.9472,677,0.3741,0.6962,100947,Employed,16.5,MO,,Real Estate,Current,0,19,Single Family,Yes,35,35,5,0,0,20.0,B,Moderate-Low,0.015,0.35,2339.7,0.0052
LN01126,Mortgage,Second Home,2021-06-23,2041-03-10,365500,240,7.07,2849.1,307641.35,0.8417,744,0.2942,0.5837,156338,Employed,10.0,TN,,Real Estate,Current,0,38,Multi-Family,No,10,20,0,0,0,8.0,A,Low Risk,0.005,0.35,538.37,0.0017
LN01127,Mortgage,Refinance,2020-05-05,2040-01-21,809500,240,8.44,6994.32,637481.25,0.7875,652,0.4183,0.5592,153571,Employed,2.8,TX,,Real Estate,Late,1,51,Single Family,Yes,55,35,0,15,30,32.8,C,Moderate,0.04,0.35,8924.74,0.014
LN01128,Mortgage,Refinance,2021-11-29,2051-06-25,120000,360,6.65,770.36,108996.0,0.9083,751,0.4225,0.5622,141109,Employed,2.4,WA,,Real Estate,Current,0,33,Townhouse,No,10,35,0,15,0,13.2,A,Low Risk,0.005,0.35,190.74,0.0017
LN01129,Mortgage,Refinance,2020-04-25,2040-01-11,221500,240,7.3,1757.4,172592.8,0.7792,706,0.3945,0.5618,88227,Employed,3.4,GA,,Real Estate,Current,0,53,Single Family,Yes,20,35,0,15,0,16.2,B,Moderate-Low,0.015,0.35,906.11,0.0052
LN01130,Mortgage,Refinance,2020-08-22,2040-05-09,196000,240,8.2,1663.9,155976.8,0.7958,710,0.3897,0.9498,218172,Employed,10.8,NJ,,Real Estate,Current,0,49,Townhouse,No,20,35,50,0,0,22.2,B,Moderate-Low,0.015,0.35,818.88,0.0053
LN01131,Mortgage,Second Home,2022-05-15,2051-12-09,845500,360,7.98,6192.2,779720.1,0.9222,641,0.5021,0.9254,113173,Employed,0.5,MD,,Real Estate,Current,0,28,Single Family,Yes,55,80,50,25,0,46.5,C,Moderate,0.04,0.35,10916.08,0.014
LN01132,Mortgage,Refinance,2022-08-19,2052-03-14,343500,360,8.19,2566.13,320588.55,0.9333,595,0.2797,0.7261,216211,Employed,4.3,MD,,Real Estate,Current,0,24,Townhouse,No,75,10,15,15,0,28.8,B,Moderate-Low,0.015,0.35,1683.09,0.0053
LN01133,Mortgage,Primary Residence,2023-03-18,2042-12-03,735500,240,8.4,6336.37,683426.6,0.9292,583,0.3085,0.8168,96626,Self-Employed,1.6,NY,,Real Estate,Current,0,17,Multi-Family,No,75,20,30,50,0,37.0,C,Moderate,0.04,0.35,9567.97,0.014
LN01134,Mortgage,Refinance,2022-10-26,2042-07-13,589000,240,9.27,5402.09,534988.7,0.9083,644,0.3025,0.5939,500000,Employed,8.3,NJ,,Real Estate,Current,0,22,Townhouse,Yes,55,20,0,5,0,22.0,B,Moderate-Low,0.015,0.35,2808.69,0.0052
LN01135,Mortgage,Investment Property,2022-10-14,2037-07-27,909000,180,8.7,9058.17,797920.2,0.8778,590,0.4477,0.6916,118257,Self-Employed,5.5,FL,,Real Estate,Current,0,22,Multi-Family,Yes,75,55,5,30,0,40.0,C,Moderate,0.04,0.35,11170.88,0.014
LN01136,Mortgage,Investment Property,2021-08-31,2036-06-13,389500,180,9.76,4128.58,311600.0,0.8,547,0.3307,0.8775,182557,Employed,0.8,MD,,Real Estate,Current,0,36,Single Family,No,100,20,30,25,0,42.0,C,Moderate,0.04,0.35,4362.4,0.014
LN01137,Mortgage,Second Home,2021-11-20,2051-06-16,266000,360,8.28,2003.98,241607.8,0.9083,589,0.2259,0.7406,104522,Employed,12.0,NC,,Real Estate,Current,0,33,Condo,Yes,75,10,15,0,0,27.2,B,Moderate-Low,0.015,0.35,1268.44,0.0052
LN01138,Mortgage,Refinance,2024-06-17,2044-03-04,725000,240,6.51,5409.67,718982.5,0.9917,784,0.3695,0.6831,187841,Self-Employed,4.2,FL,,Real Estate,Current,0,2,Townhouse,Yes,0,35,5,40,0,13.5,A,Low Risk,0.005,0.35,1258.22,0.0018
LN01139,Mortgage,Second Home,2023-01-10,2052-08-05,877000,360,7.96,6410.68,828238.8,0.9444,669,0.2852,0.8116,106020,Employed,6.7,NJ,,Real Estate,Current,0,20,Townhouse,Yes,35,20,30,5,0,20.5,B,Moderate-Low,0.015,0.35,4348.25,0.0052
LN01140,Mortgage,Primary Residence,2024-04-12,2053-11-06,361500,360,7.14,2439.15,357487.35,0.9889,712,0.3987,0.5899,193149,Employed,15.3,MO,,Real Estate,Current,0,4,Townhouse,Yes,20,35,0,0,0,14.8,A,Low Risk,0.005,0.35,625.6,0.0017
LN01141,Mortgage,Second Home,2023-09-15,2038-06-28,312500,180,7.78,2946.86,303812.5,0.9722,713,0.3865,0.8529,63430,Employed,25.3,MA,,Real Estate,Severely Delinquent,6,5,Condo,No,20,35,30,0,100,39.2,C,Moderate,0.04,0.35,4253.38,0.014
LN01142,Mortgage,Refinance,2022-08-05,2042-04-22,516000,240,5.71,3610.98,462232.8,0.8958,758,0.3905,0.8601,127410,Employed,4.5,IL,,Real Estate,Current,0,25,Townhouse,Yes,10,35,30,15,0,17.8,B,Moderate-Low,0.015,0.35,2426.72,0.0052
LN01143,Mortgage,Refinance,2020-05-11,2040-01-27,685000,240,8.45,5922.93,536560.5,0.7833,581,0.3783,0.7514,166446,Self-Employed,13.5,OH,,Real Estate,Current,0,52,Condo,No,75,35,15,25,0,36.0,C,Moderate,0.04,0.35,7511.85,0.014
LN01144,Mortgage,Investment Property,2023-11-07,2043-07-25,486500,240,6.8,3713.65,468256.25,0.9625,728,0.2681,0.9414,237268,Employed,5.3,WI,,Real Estate,Current,0,9,Condo,No,20,10,50,5,0,16.5,B,Moderate-Low,0.015,0.35,2458.35,0.0053
LN01145,Mortgage,Refinance,2020-02-26,2034-12-09,714000,180,7.42,6586.45,499800.0,0.7,686,0.3467,0.8529,392213,Self-Employed,1.5,GA,,Real Estate,Current,0,54,Townhouse,Yes,35,20,30,50,0,25.0,B,Moderate-Low,0.015,0.35,2623.95,0.0052
LN01146,Mortgage,Primary Residence,2022-06-12,2052-01-06,437500,360,8.02,3216.32,404687.5,0.925,659,0.3645,0.8383,78304,Employed,1.7,AZ,,Real Estate,Current,0,27,Condo,Yes,55,35,30,25,0,32.2,C,Moderate,0.04,0.35,5665.62,0.014
LN01147,Mortgage,Refinance,2020-10-06,2040-06-23,336500,240,7.75,2762.49,270613.3,0.8042,695,0.2598,0.6778,156445,Employed,1.1,CA,,Real Estate,Current,0,47,Single Family,Yes,35,10,5,25,0,16.2,B,Moderate-Low,0.015,0.35,1420.72,0.0053
LN01148,Mortgage,Primary Residence,2022-09-22,2052-04-17,746000,360,8.44,5704.4,706611.2,0.9472,621,0.2792,0.6498,132075,Retired,13.3,TX,,Real Estate,Severely Delinquent,4,19,Multi-Family,No,55,10,5,10,100,40.8,C,Moderate,0.04,0.35,9892.56,0.014
LN01149,Mortgage,Primary Residence,2022-04-13,2037-01-24,944500,180,6.8,8384.17,792341.05,0.8389,780,0.4651,0.7996,131644,Self-Employed,3.7,VA,,Real Estate,Current,0,29,Condo,Yes,0,55,15,40,0,20.0,B,Moderate-Low,0.015,0.35,4159.79,0.0052
LN01150,Mortgage,Primary Residence,2020-08-17,2035-05-31,509500,180,6.76,4511.44,370814.1,0.7278,755,0.2967,0.709,349376,Self-Employed,5.9,MD,,Real Estate,Current,0,49,Townhouse,No,10,20,15,30,0,13.2,A,Low Risk,0.005,0.35,648.92,0.0017
LN01151,Mortgage,Refinance,2021-05-02,2036-02-13,857500,180,7.85,8120.63,666963.5,0.7778,697,0.3137,0.6621,281814,Employed,0.5,WI,,Real Estate,Current,0,40,Townhouse,No,35,20,5,25,0,18.8,B,Moderate-Low,0.015,0.35,3501.56,0.0053
LN01152,Mortgage,Investment Property,2024-03-03,2053-09-27,812000,360,8.74,6382.21,798439.6,0.9833,581,0.3703,0.7964,106864,Retired,3.9,GA,,Real Estate,Current,0,6,Single Family,Yes,75,35,15,25,0,36.0,C,Moderate,0.04,0.35,11178.15,0.014
LN01153,Mortgage,Refinance,2021-03-14,2035-12-26,550500,180,9.1,5616.33,422068.35,0.7667,554,0.0958,0.7553,82839,Employed,1.7,NC,,Real Estate,Current,0,42,Townhouse,Yes,100,0,15,25,0,34.8,C,Moderate,0.04,0.35,5908.96,0.014
LN01154,Mortgage,Second Home,2022-02-06,2051-09-02,510500,360,6.26,3146.56,466545.95,0.9139,834,0.4041,0.7004,76755,Employed,6.1,NY,,Real Estate,Current,0,31,Condo,No,0,35,15,5,0,11.5,A,Low Risk,0.005,0.35,816.46,0.0018
LN01155,Mortgage,Refinance,2024-05-25,2044-02-10,135000,240,8.09,1136.77,133312.5,0.9875,674,0.2247,0.6408,121586,Employed,15.9,IL,,Real Estate,Current,0,3,Single Family,No,35,10,5,0,0,13.8,A,Low Risk,0.005,0.35,233.3,0.0018
LN01156,Mortgage,Primary Residence,2023-05-25,2052-12-18,262500,360,7.54,1842.63,251553.75,0.9583,636,0.3523,0.6786,182800,Self-Employed,1.0,TX,,Real Estate,Current,0,15,Multi-Family,Yes,55,20,5,50,0,27.2,B,Moderate-Low,0.015,0.35,1320.66,0.0053
LN01157,Mortgage,Refinance,2022-02-26,2051-09-22,930000,360,7.9,6759.29,852531.0,0.9167,649,0.3478,0.5975,168252,Employed,5.1,MI,,Real Estate,Current,0,30,Condo,No,55,20,0,5,0,22.0,B,Moderate-Low,0.015,0.35,4475.79,0.0053
LN01158,Mortgage,Second Home,2022-03-06,2041-11-21,195500,240,6.26,1430.1,171062.5,0.875,731,0.3716,0.84,251764,Retired,20.1,CA,,Real Estate,Current,0,30,Multi-Family,Yes,20,35,30,10,0,20.2,B,Moderate-Low,0.015,0.35,898.08,0.0053
LN01159,Mortgage,Investment Property,2024-03-29,2039-01-10,280500,180,7.77,2643.49,272702.1,0.9722,692,0.4148,0.755,111162,Employed,2.4,GA,,Real Estate,Current,0,5,Multi-Family,No,35,35,15,15,0,23.0,B,Moderate-Low,0.015,0.35,1431.69,0.0053
LN01160,Mortgage,Primary Residence,2022-04-12,2051-11-06,396000,360,6.42,2482.19,364082.4,0.9194,796,0.4482,0.6598,125214,Employed,4.7,TX,,Real Estate,Current,0,29,Townhouse,Yes,0,55,5,15,0,16.0,B,Moderate-Low,0.015,0.35,1911.43,0.0052
LN01161,Mortgage,Primary Residence,2022-04-25,2051-11-19,936500,360,9.1,7602.77,876657.65,0.9361,541,0.3829,0.8296,116591,Self-Employed,1.7,NJ,,Real Estate,Severely Delinquent,5,23,Multi-Family,Yes,100,35,30,50,100,68.2,E,Very High,0.22,0.35,67502.64,0.077
LN01162,Mortgage,Refinance,2020-05-15,2049-12-09,536000,360,6.86,3515.77,458601.6,0.8556,739,0.3389,0.5836,123787,Employed,6.9,VA,,Real Estate,Current,0,52,Single Family,No,20,20,0,5,0,11.5,A,Low Risk,0.005,0.35,802.55,0.0017
LN01163,Mortgage,Investment Property,2023-08-06,2038-05-19,377000,180,6.86,3359.14,349780.6,0.9278,722,0.1456,0.7037,144819,Employed,3.4,PA,,Real Estate,Current,0,13,Townhouse,No,20,0,15,15,0,9.8,A,Low Risk,0.005,0.35,612.12,0.0018
LN01164,Mortgage,Primary Residence,2023-07-10,2038-04-22,477000,180,6.03,4032.93,442560.6,0.9278,850,0.2941,0.6999,110688,Employed,15.6,MI,,Real Estate,Current,0,13,Condo,No,0,20,5,0,0,5.8,A,Low Risk,0.005,0.35,774.48,0.0017
LN01165,Mortgage,Second Home,2022-11-23,2037-09-05,553500,180,8.46,5437.56,498150.0,0.9,623,0.2618,0.6766,123022,Self-Employed,6.8,IL,,Real Estate,Delinquent,3,18,Townhouse,No,55,10,5,30,75,37.8,C,Moderate,0.04,0.35,6974.1,0.014
LN01166,Mortgage,Refinance,2024-02-14,2043-11-01,948000,240,7.97,7911.76,924300.0,0.975,658,0.3248,0.8397,124756,Employed,14.3,IL,,Real Estate,Current,0,6,Condo,Yes,55,20,30,0,0,26.0,B,Moderate-Low,0.015,0.35,4852.58,0.0053
LN01167,Mortgage,Second Home,2022-04-28,2037-02-08,516500,180,8.51,5089.21,436132.6,0.8444,669,0.3628,0.8322,178529,Employed,1.3,VA,,Real Estate,Current,0,28,Single Family,No,35,35,30,25,0,26.2,B,Moderate-Low,0.015,0.35,2289.7,0.0053
LN01168,Mortgage,Primary Residence,2023-02-17,2037-11-30,844000,180,7.34,7747.44,759600.0,0.9,652,0.3372,0.782,63513,Employed,0.6,WI,,Real Estate,Current,0,18,Condo,No,55,20,15,25,0,26.2,B,Moderate-Low,0.015,0.35,3987.9,0.0052
LN01169,Mortgage,Second Home,2023-12-07,2043-08-24,410500,240,6.49,3058.16,396830.35,0.9667,725,0.2968,0.6006,101503,Employed,5.0,PA,,Real Estate,Current,0,8,Condo,Yes,20,20,5,5,0,12.2,A,Low Risk,0.005,0.35,694.45,0.0017
LN01170,Mortgage,Primary Residence,2022-01-23,2036-11-05,889500,180,5.91,7462.92,736328.1,0.8278,731,0.2961,0.745,153325,Retired,5.2,PA,,Real Estate,Current,0,31,Townhouse,No,20,20,15,15,0,14.8,A,Low Risk,0.005,0.35,1288.57,0.0017
LN01171,Mortgage,Investment Property,2023-10-11,2043-06-28,203000,240,8.71,1788.75,194534.9,0.9583,633,0.2989,0.9021,125895,Employed,13.1,TN,,Real Estate,Current,0,10,Multi-Family,No,55,20,50,0,0,29.0,B,Moderate-Low,0.015,0.35,1021.31,0.0053
LN01172,Mortgage,Second Home,2024-03-08,2043-11-24,623000,240,5.81,4395.35,610041.6,0.9792,777,0.4352,0.9118,107121,Employed,4.2,TN,,Real Estate,Current,0,5,Condo,No,10,55,50,15,0,25.8,B,Moderate-Low,0.015,0.35,3202.72,0.0053
LN01173,Mortgage,Second Home,2024-01-28,2043-10-15,795500,240,7.0,6167.5,772271.4,0.9708,689,0.3435,0.8654,142912,Employed,7.4,OH,,Real Estate,Current,0,7,Single Family,Yes,35,20,30,5,0,20.5,B,Moderate-Low,0.015,0.35,4054.42,0.0052
LN01174,Mortgage,Refinance,2021-06-20,2041-03-07,572500,240,8.05,4806.45,484220.5,0.8458,666,0.5083,0.8482,117028,Retired,4.2,MA,,Real Estate,Late,1,37,Single Family,No,35,80,30,25,30,43.5,C,Moderate,0.04,0.35,6779.09,0.014
LN01175,Mortgage,Second Home,2022-08-18,2037-05-31,251500,180,9.48,2623.19,217975.05,0.8667,500,0.3068,0.9392,247314,Retired,1.0,IL,,Real Estate,Current,0,24,Townhouse,Yes,100,20,50,35,0,46.0,C,Moderate,0.04,0.35,3051.65,0.014
LN01176,Mortgage,Primary Residence,2022-05-16,2051-12-10,771500,360,5.78,4516.98,713637.5,0.925,819,0.364,0.6655,271381,Employed,16.7,WI,,Real Estate,Current,0,27,Single Family,No,0,35,5,0,0,9.5,A,Low Risk,0.005,0.35,1248.87,0.0018
LN01177,Mortgage,Primary Residence,2021-04-25,2041-01-10,275500,240,7.16,2162.49,229574.15,0.8333,652,0.4602,0.7904,150232,Retired,2.4,TN,,Real Estate,Current,0,40,Multi-Family,No,55,55,15,25,0,35.0,C,Moderate,0.04,0.35,3214.04,0.014
LN01178,Mortgage,Second Home,2023-06-23,2053-01-16,188500,360,8.05,1389.72,181167.35,0.9611,654,0.3208,0.7388,210546,Employed,14.3,WA,,Real Estate,Current,0,14,Condo,Yes,55,20,15,0,0,23.8,B,Moderate-Low,0.015,0.35,951.13,0.0053
LN01179,Mortgage,Investment Property,2020-03-25,2049-10-19,695500,360,7.29,4763.42,591175.0,0.85,690,0.1756,0.8912,52884,Employed,21.6,MD,,Real Estate,Current,0,54,Multi-Family,Yes,35,0,30,0,0,15.0,B,Moderate-Low,0.015,0.35,3103.67,0.0053
LN01180,Mortgage,Second Home,2020-09-27,2040-06-14,944500,240,9.01,8503.99,759566.9,0.8042,633,0.3206,0.931,287295,Employed,10.8,FL,,Real Estate,Current,0,47,Multi-Family,No,55,20,50,0,0,29.0,B,Moderate-Low,0.015,0.35,3987.73,0.0053
LN01181,Mortgage,Second Home,2021-10-03,2036-07-16,136500,180,7.15,1238.38,109964.4,0.8056,676,0.2835,0.752,260223,Contract,4.5,TX,,Real Estate,Current,0,35,Multi-Family,No,35,20,15,35,0,21.2,B,Moderate-Low,0.015,0.35,577.31,0.0052
LN01182,Mortgage,Refinance,2021-08-02,2041-04-19,554500,240,8.3,4742.12,468996.1,0.8458,607,0.4375,0.8912,51789,Employed,9.8,NC,,Real Estate,Current,0,37,Townhouse,Yes,75,55,30,5,0,41.2,C,Moderate,0.04,0.35,6565.95,0.014
LN01183,Mortgage,Investment Property,2021-10-08,2036-07-21,524000,180,7.95,4992.5,422134.4,0.8056,651,0.3262,0.6506,314639,Self-Employed,7.1,TN,,Real Estate,Current,0,35,Single Family,No,55,20,5,30,0,25.2,B,Moderate-Low,0.015,0.35,2216.21,0.0053
LN01184,Mortgage,Primary Residence,2020-10-31,2035-08-14,127000,180,7.06,1145.78,94538.8,0.7444,702,0.2479,0.6051,178715,Employed,5.7,TX,,Real Estate,Current,0,46,Multi-Family,Yes,20,10,5,5,0,9.8,A,Low Risk,0.005,0.35,165.44,0.0017
LN01185,Mortgage,Second Home,2023-12-16,2038-09-28,780500,180,6.05,6607.4,745845.8,0.9556,850,0.2609,0.7312,196958,Employed,4.3,MA,,Real Estate,Current,0,8,Townhouse,No,0,10,15,15,0,6.2,A,Low Risk,0.005,0.35,1305.23,0.0017
LN01186,Mortgage,Second Home,2023-12-23,2043-09-09,487000,240,8.32,4170.98,470782.9,0.9667,644,0.1887,0.7477,111084,Employed,5.8,MO,,Real Estate,Current,0,8,Condo,No,55,0,15,5,0,19.2,B,Moderate-Low,0.015,0.35,2471.61,0.0052
LN01187,Mortgage,Refinance,2021-12-16,2036-09-28,845000,180,6.88,7538.52,690111.5,0.8167,756,0.4933,0.7151,222735,Employed,8.7,FL,,Real Estate,Current,0,33,Condo,No,10,55,15,5,0,19.5,B,Moderate-Low,0.015,0.35,3623.09,0.0053
LN01188,Mortgage,Investment Property,2022-11-07,2052-06-02,194500,360,7.1,1307.1,182616.05,0.9389,699,0.1915,0.7416,99145,Employed,0.7,NC,,Real Estate,Current,0,22,Condo,No,35,0,15,25,0,15.2,B,Moderate-Low,0.015,0.35,958.73,0.0052
LN01189,Mortgage,Primary Residence,2020-06-06,2040-02-22,911000,240,7.09,7112.27,717412.5,0.7875,754,0.3205,0.6686,195744,Self-Employed,1.0,GA,,Real Estate,Current,0,51,Single Family,No,10,20,5,50,0,13.8,A,Low Risk,0.005,0.35,1255.47,0.0017
LN01190,Mortgage,Primary Residence,2023-10-27,2043-07-14,543000,240,6.43,4026.12,520356.9,0.9583,798,0.4544,0.8933,52314,Employed,2.2,NY,,Real Estate,Current,0,10,Condo,No,0,55,30,15,0,19.8,B,Moderate-Low,0.015,0.35,2731.87,0.0052
LN01191,Mortgage,Second Home,2020-06-15,2035-03-29,825500,180,7.63,7713.6,591635.85,0.7167,677,0.3444,0.9214,117982,Self-Employed,5.4,MA,,Real Estate,Current,0,51,Multi-Family,No,35,20,50,30,0,26.0,B,Moderate-Low,0.015,0.35,3106.09,0.0053
LN01192,Mortgage,Primary Residence,2023-09-09,2053-04-04,867500,360,7.85,6274.93,840954.5,0.9694,654,0.3991,0.9107,199871,Employed,0.8,CA,,Real Estate,Current,0,11,Multi-Family,No,55,35,50,25,0,35.2,C,Moderate,0.04,0.35,11773.36,0.014
LN01193,Mortgage,Primary Residence,2024-02-12,2053-09-07,559500,360,6.92,3692.36,550156.35,0.9833,696,0.5455,0.58,132187,Employed,13.6,MD,,Real Estate,Current,0,6,Multi-Family,No,35,80,0,0,0,30.5,C,Moderate,0.04,0.35,7702.19,0.014
LN01194,Mortgage,Second Home,2024-03-03,2038-12-15,330500,180,7.89,3137.48,319494.35,0.9667,718,0.2362,0.8301,104287,Employed,4.8,FL,,Real Estate,Current,0,6,Townhouse,No,20,10,30,15,0,14.5,A,Low Risk,0.005,0.35,559.12,0.0018
LN01195,Mortgage,Second Home,2020-12-30,2040-09-16,668500,240,7.34,5320.18,545963.95,0.8167,685,0.2943,0.7115,85372,Contract,1.4,GA,,Real Estate,Current,0,44,Single Family,No,35,20,15,45,0,22.2,B,Moderate-Low,0.015,0.35,2866.31,0.0052
LN01196,Mortgage,Refinance,2020-11-29,2035-09-12,744000,180,7.62,6947.8,558000.0,0.75,718,0.3462,0.6893,176197,Self-Employed,3.0,WA,,Real Estate,Current,0,45,Single Family,No,20,20,5,40,0,15.8,B,Moderate-Low,0.015,0.35,2929.5,0.0052
LN01197,Mortgage,Refinance,2022-10-02,2042-06-19,630000,240,7.32,5006.12,569646.0,0.9042,676,0.2308,0.9349,120220,Self-Employed,6.4,AZ,,Real Estate,Current,0,23,Multi-Family,No,35,10,50,30,0,23.5,B,Moderate-Low,0.015,0.35,2990.64,0.0052
LN01198,Mortgage,Second Home,2020-07-15,2050-02-08,736000,360,9.32,6092.26,633769.6,0.8611,580,0.5577,0.6973,141914,Employed,2.7,VA,,Real Estate,Current,0,50,Townhouse,No,75,80,5,15,0,44.8,C,Moderate,0.04,0.35,8872.77,0.014
LN01199,Mortgage,Primary Residence,2021-07-03,2041-03-20,594500,240,6.46,4418.44,500390.65,0.8417,808,0.2654,0.7401,112088,Employed,17.4,MD,,Real Estate,Current,0,38,Multi-Family,Yes,0,10,15,0,0,4.8,A,Low Risk,0.005,0.35,875.68,0.0017
LN01200,Mortgage,Primary Residence,2021-01-16,2050-08-12,592000,360,7.25,4038.48,519657.6,0.8778,723,0.3636,0.9238,145954,Employed,3.4,AZ,,Real Estate,Current,0,44,Multi-Family,No,20,35,50,15,0,23.8,B,Moderate-Low,0.015,0.35,2728.2,0.0052
LN01201,Auto,Refinance,2023-10-17,2029-09-15,75500,72,6.07,1253.75,65013.05,0.8611,843,0.2802,0.8945,31164,Employed,0.9,GA,,Vehicle,Current,0,10,,No,0,20,30,25,0,12.0,A,Low Risk,0.005,0.55,178.79,0.0028
LN01202,Auto,Used Vehicle,2022-12-15,2028-11-13,23500,72,8.49,417.68,16971.7,0.7222,646,0.3365,0.607,84759,Employed,8.9,IN,,Vehicle,Current,0,20,,No,55,20,5,5,0,22.8,B,Moderate-Low,0.015,0.55,140.02,0.0083
LN01203,Auto,New Vehicle,2024-06-29,2027-06-14,44500,36,7.32,1380.55,42025.8,0.9444,711,0.2901,0.7237,117225,Employed,7.9,TN,,Vehicle,Current,0,2,,No,20,20,15,5,0,13.8,A,Low Risk,0.005,0.55,115.57,0.0027
LN01204,Auto,New Vehicle,2022-12-07,2026-11-16,69000,48,9.5,1733.5,38812.5,0.5625,556,0.2855,0.9627,56021,Employed,0.5,AZ,,Vehicle,Current,0,21,,No,100,20,50,25,0,45.0,C,Moderate,0.04,0.55,853.88,0.022
LN01205,Auto,Used Vehicle,2022-11-17,2025-11-01,64000,36,7.99,2005.23,26668.8,0.4167,701,0.3366,0.6922,80618,Employed,3.5,NY,,Vehicle,Current,0,21,,No,20,20,5,15,0,13.2,A,Low Risk,0.005,0.55,73.34,0.0028
LN01206,Auto,Used Vehicle,2023-09-15,2029-08-14,58500,72,8.64,1044.07,49561.2,0.8472,704,0.3916,0.8775,47782,Self-Employed,2.0,MD,,Vehicle,Current,0,11,,No,20,35,30,40,0,23.2,B,Moderate-Low,0.015,0.55,408.88,0.0083
LN01207,Auto,Refinance,2024-04-23,2027-04-08,47000,36,9.02,1495.02,41778.3,0.8889,623,0.2549,0.9469,53507,Employed,3.0,IN,,Vehicle,Current,0,4,,No,55,10,50,15,0,28.0,B,Moderate-Low,0.015,0.55,344.67,0.0082
LN01208,Auto,New Vehicle,2024-05-29,2028-05-08,36000,48,8.16,881.57,33750.0,0.9375,633,0.3791,0.9783,25000,Self-Employed,5.7,PA,,Vehicle,Current,0,3,,No,55,35,50,30,0,35.8,C,Moderate,0.04,0.55,742.5,0.022
LN01209,Auto,Refinance,2023-12-13,2029-11-11,25000,72,9.63,458.49,22222.5,0.8889,599,0.3383,0.6827,55106,Employed,9.0,MI,,Vehicle,Current,0,8,,No,75,20,5,5,0,28.8,B,Moderate-Low,0.015,0.55,183.34,0.0083
LN01210,Auto,New Vehicle,2023-07-01,2029-05-30,75500,72,7.25,1296.28,60822.8,0.8056,701,0.5157,0.8255,33665,Employed,0.5,NC,,Vehicle,Current,0,14,,No,20,80,30,25,0,33.0,C,Moderate,0.04,0.55,1338.1,0.022
LN01211,Auto,Refinance,2020-06-09,2024-05-19,19500,48,6.51,462.53,975.0,0.05,833,0.4897,0.6913,37706,Employed,8.3,WI,,Vehicle,Current,0,48,,No,0,55,5,5,0,15.0,B,Moderate-Low,0.015,0.55,8.04,0.0082
LN01212,Auto,New Vehicle,2022-12-30,2028-11-28,62000,72,6.57,1044.28,44776.4,0.7222,784,0.3247,0.9976,45002,Employed,6.0,CA,,Vehicle,Current,0,20,,No,0,20,50,5,0,13.0,A,Low Risk,0.005,0.55,123.14,0.0028
LN01213,Auto,Used Vehicle,2023-09-05,2027-08-15,44000,48,9.35,1102.27,33000.0,0.75,556,0.5472,0.8168,124503,Employed,1.4,TN,,Vehicle,Current,0,12,,No,100,80,30,25,0,57.0,D,High,0.1,0.55,1815.0,0.055
LN01214,Auto,Refinance,2023-06-20,2028-05-24,81500,60,7.22,1622.27,62486.05,0.7667,768,0.2867,1.0585,48093,Employed,7.4,WI,,Vehicle,Current,0,14,,No,10,20,70,5,0,19.0,B,Moderate-Low,0.015,0.55,515.51,0.0083
LN01215,Auto,New Vehicle,2020-06-28,2025-06-02,68500,60,8.83,1416.3,11418.95,0.1667,657,0.2668,1.0097,82114,Employed,0.8,IL,,Vehicle,Current,0,50,,No,55,10,70,25,0,32.0,C,Moderate,0.04,0.55,251.22,0.022
LN01216,Auto,New Vehicle,2023-11-26,2026-11-10,66500,36,7.95,2082.33,49875.0,0.75,652,0.2017,0.7756,44002,Retired,10.9,OH,,Vehicle,Current,0,9,,No,55,10,15,10,0,22.2,B,Moderate-Low,0.015,0.55,411.47,0.0083
LN01217,Auto,Refinance,2023-08-23,2027-08-02,57500,48,9.28,1438.55,43125.0,0.75,623,0.3814,0.659,35548,Employed,10.7,GA,,Vehicle,Current,0,12,,No,55,35,5,0,0,26.0,B,Moderate-Low,0.015,0.55,355.78,0.0082
LN01218,Auto,Used Vehicle,2021-09-08,2024-08-23,23500,36,7.61,732.18,1175.0,0.05,737,0.363,0.847,170896,Employed,0.5,MA,,Vehicle,Current,0,36,,No,20,35,30,25,0,21.8,B,Moderate-Low,0.015,0.55,9.69,0.0082
LN01219,Auto,Used Vehicle,2020-12-06,2023-11-21,25500,36,8.34,803.08,1275.0,0.05,694,0.3454,0.7817,191595,Self-Employed,1.8,IL,,Vehicle,Current,0,36,,No,35,20,15,50,0,22.8,B,Moderate-Low,0.015,0.55,10.52,0.0083
LN01220,Auto,New Vehicle,2020-02-10,2026-01-09,58000,72,7.52,1003.39,13693.8,0.2361,729,0.4123,1.0273,73407,Employed,3.8,MA,,Vehicle,Current,0,55,,No,20,35,70,15,0,26.8,B,Moderate-Low,0.015,0.55,112.97,0.0082
LN01221,Auto,Refinance,2020-04-14,2026-03-14,80000,72,8.38,1417.55,23336.0,0.2917,659,0.4152,0.8505,104276,Employed,2.8,NY,,Vehicle,Delinquent,2,51,,No,55,35,30,15,55,42.2,C,Moderate,0.04,0.55,513.39,0.022
LN01222,Auto,Refinance,2022-10-12,2028-09-10,62500,72,6.13,1039.65,42537.5,0.6806,782,0.3696,1.007,95200,Employed,5.6,MD,,Vehicle,Current,0,23,,No,0,35,70,5,0,19.8,B,Moderate-Low,0.015,0.55,350.93,0.0082
LN01223,Auto,Refinance,2022-09-25,2025-09-09,14500,36,7.66,452.11,5235.95,0.3611,679,0.3411,0.6193,89582,Employed,8.4,WA,,Vehicle,Current,0,23,,No,35,20,5,5,0,16.8,B,Moderate-Low,0.015,0.55,43.2,0.0083
LN01224,Auto,Used Vehicle,2024-01-02,2027-12-12,53000,48,9.71,1336.85,44164.9,0.8333,520,0.3628,1.0551,90717,Employed,2.2,TX,,Vehicle,Current,0,8,,No,100,35,70,15,0,50.8,D,High,0.1,0.55,2429.07,0.055
LN01225,Auto,New Vehicle,2021-07-02,2024-06-16,37500,36,6.17,1143.71,1875.0,0.05,829,0.2752,0.8568,25066,Retired,7.1,AZ,,Vehicle,Current,0,36,,No,0,10,30,15,0,8.5,A,Low Risk,0.005,0.55,5.16,0.0028
LN01226,Auto,Used Vehicle,2022-07-07,2027-06-11,55000,60,8.44,1126.82,31168.5,0.5667,682,0.3047,0.6331,66235,Employed,1.5,AZ,,Vehicle,Current,0,26,,No,35,20,5,25,0,18.8,B,Moderate-Low,0.015,0.55,257.14,0.0082
LN01227,Auto,New Vehicle,2021-12-05,2027-11-04,68500,72,8.44,1215.8,37106.45,0.5417,661,0.5477,0.9044,49957,Employed,3.2,MA,,Vehicle,Current,0,33,,No,35,80,50,15,0,39.5,C,Moderate,0.04,0.55,816.34,0.022
LN01228,Auto,Used Vehicle,2020-09-25,2026-08-25,8000,72,10.42,149.91,2777.6,0.3472,501,0.3132,0.7012,49792,Self-Employed,13.2,MI,,Vehicle,Current,0,47,,No,100,20,15,25,0,39.8,C,Moderate,0.04,0.55,61.11,0.022
LN01229,Auto,New Vehicle,2024-06-18,2029-05-23,63000,60,8.22,1284.06,60902.1,0.9667,689,0.2194,0.7624,44845,Self-Employed,0.5,TN,,Vehicle,Current,0,2,,No,35,10,15,50,0,20.2,B,Moderate-Low,0.015,0.55,502.44,0.0082
LN01230,Auto,New Vehicle,2023-11-15,2028-10-19,52000,60,9.12,1082.47,44200.0,0.85,630,0.3199,1.0318,103404,Self-Employed,2.8,FL,,Vehicle,Current,0,9,,No,55,20,70,40,0,36.0,C,Moderate,0.04,0.55,972.4,0.022
LN01231,Auto,Used Vehicle,2020-11-16,2024-10-26,77500,48,7.23,1864.12,3875.0,0.05,738,0.2302,0.6129,51936,Employed,0.5,WI,,Vehicle,Current,0,46,,No,20,10,5,25,0,11.8,A,Low Risk,0.005,0.55,10.66,0.0028
LN01232,Auto,New Vehicle,2021-04-25,2026-03-30,34000,60,6.1,658.9,11332.2,0.3333,803,0.2437,0.6291,129734,Employed,15.9,OH,,Vehicle,Current,0,40,,No,0,10,5,0,0,3.2,A,Low Risk,0.005,0.55,31.16,0.0027
LN01233,Auto,Refinance,2022-01-01,2026-12-06,50500,60,7.16,1003.78,23568.35,0.4667,728,0.4663,0.7575,53742,Employed,4.4,PA,,Vehicle,Current,0,32,,No,20,55,15,15,0,23.5,B,Moderate-Low,0.015,0.55,194.44,0.0083
LN01234,Auto,New Vehicle,2021-11-22,2024-11-06,58500,36,9.46,1872.83,4873.05,0.0833,524,0.3684,0.7954,65494,Employed,17.6,AZ,,Vehicle,Current,0,33,,No,100,35,15,0,0,41.0,C,Moderate,0.04,0.55,107.21,0.022
LN01235,Auto,Used Vehicle,2022-09-23,2026-09-02,80000,48,7.88,1948.53,41664.0,0.5208,748,0.3074,0.829,40655,Contract,5.1,NC,,Vehicle,Current,0,23,,No,10,20,30,25,0,15.0,B,Moderate-Low,0.015,0.55,343.73,0.0083
LN01236,Auto,New Vehicle,2020-11-05,2025-10-10,31000,60,7.56,622.06,7232.3,0.2333,749,0.3098,0.6189,168046,Employed,0.5,IN,,Vehicle,Current,0,46,,No,10,20,5,25,0,11.2,A,Low Risk,0.005,0.55,19.89,0.0028
LN01237,Auto,New Vehicle,2024-06-24,2030-05-24,73000,72,8.21,1287.42,70970.6,0.9722,718,0.4272,1.0352,109019,Contract,2.7,MA,,Vehicle,Current,0,2,,No,20,35,70,35,0,28.8,B,Moderate-Low,0.015,0.55,585.51,0.0083
LN01238,Auto,New Vehicle,2023-02-25,2026-02-09,49000,36,7.1,1515.22,24500.0,0.5,705,0.3722,0.8956,91385,Employed,2.3,TX,,Vehicle,Current,0,18,,No,20,35,30,15,0,20.8,B,Moderate-Low,0.015,0.55,202.12,0.0082
LN01239,Auto,Refinance,2022-01-10,2025-12-20,47000,48,7.69,1140.58,15665.1,0.3333,755,0.2457,1.0801,86127,Self-Employed,1.8,PA,,Vehicle,Current,0,32,,No,10,10,70,50,0,21.0,B,Moderate-Low,0.015,0.55,129.24,0.0083
LN01240,Auto,Used Vehicle,2024-02-09,2030-01-08,62000,72,7.42,1069.59,61138.2,0.9861,728,0.3794,1.0534,80891,Employed,4.0,IL,,Vehicle,Severely Delinquent,5,1,,No,20,35,70,15,100,46.8,C,Moderate,0.04,0.55,1345.04,0.022
LN01241,Auto,New Vehicle,2021-02-17,2024-02-02,71500,36,5.53,2159.97,3575.0,0.05,850,0.3217,0.7365,36314,Contract,0.5,MA,,Vehicle,Current,0,36,,No,0,20,15,45,0,11.8,A,Low Risk,0.005,0.55,9.83,0.0027
LN01242,Auto,New Vehicle,2021-11-30,2027-10-30,79000,72,6.75,1337.41,42794.3,0.5417,809,0.2169,0.8872,54509,Employed,7.1,MI,,Vehicle,Current,0,33,,No,0,10,30,5,0,7.5,A,Low Risk,0.005,0.55,117.68,0.0027
LN01243,Auto,Refinance,2024-01-04,2028-12-08,11000,60,7.39,219.84,9533.7,0.8667,705,0.4515,0.8032,89730,Employed,1.1,AZ,,Vehicle,Current,0,8,,No,20,55,30,25,0,26.8,B,Moderate-Low,0.015,0.55,78.65,0.0082
LN01244,Auto,New Vehicle,2024-03-22,2028-03-01,20500,48,6.98,490.71,18363.9,0.8958,773,0.3859,0.9775,97081,Employed,0.6,IN,,Vehicle,Current,0,5,,No,10,35,50,25,0,21.8,B,Moderate-Low,0.015,0.55,151.5,0.0082
LN01245,Auto,Refinance,2022-04-26,2028-03-25,47000,72,7.53,813.32,28721.7,0.6111,710,0.3269,0.7338,85827,Retired,14.6,AZ,,Vehicle,Current,0,28,,No,20,20,15,10,0,14.2,A,Low Risk,0.005,0.55,78.98,0.0027
LN01246,Auto,Refinance,2022-06-25,2025-06-09,39000,36,7.58,1214.58,10834.2,0.2778,656,0.3645,0.6657,68500,Self-Employed,10.3,IL,,Vehicle,Current,0,26,,No,55,35,5,25,0,28.5,B,Moderate-Low,0.015,0.55,89.38,0.0082
LN01247,Auto,New Vehicle,2021-11-23,2024-11-07,77500,36,7.21,2400.42,6455.75,0.0833,800,0.2727,0.8252,34849,Employed,6.2,NJ,,Vehicle,Current,0,33,,No,0,10,30,5,0,7.5,A,Low Risk,0.005,0.55,17.75,0.0027
LN01248,Auto,Refinance,2022-03-16,2025-02-28,61500,36,7.89,1924.07,10252.05,0.1667,682,0.1832,0.9657,63817,Self-Employed,27.2,TX,,Vehicle,Current,0,30,,No,35,0,50,25,0,20.5,B,Moderate-Low,0.015,0.55,84.58,0.0083
LN01249,Auto,Used Vehicle,2023-07-17,2026-07-01,64500,36,7.88,2017.63,41209.05,0.6389,736,0.284,0.9947,60611,Contract,4.6,IN,,Vehicle,Current,0,13,,No,20,20,50,35,0,22.0,B,Moderate-Low,0.015,0.55,339.97,0.0082
LN01250,Auto,New Vehicle,2024-01-17,2028-12-21,10000,60,7.29,199.38,8833.0,0.8833,762,0.24,0.8848,38268,Retired,12.6,NJ,,Vehicle,Current,0,7,,No,10,10,30,10,0,11.0,A,Low Risk,0.005,0.55,24.29,0.0027
LN01251,Auto,New Vehicle,2023-12-05,2027-11-14,65000,48,8.51,1602.45,52812.5,0.8125,693,0.309,0.7855,108003,Employed,6.0,WA,,Vehicle,Current,0,9,,No,35,20,15,5,0,18.2,B,Moderate-Low,0.015,0.55,435.7,0.0082
LN01252,Auto,Used Vehicle,2024-05-19,2029-04-23,67500,60,8.16,1373.83,64125.0,0.95,664,0.4332,0.762,129456,Self-Employed,6.8,WA,,Vehicle,Current,0,3,,No,35,55,15,30,0,29.5,B,Moderate-Low,0.015,0.55,529.03,0.0082
LN01253,Auto,Refinance,2023-01-05,2025-12-20,60500,36,8.89,1920.79,26886.2,0.4444,599,0.3947,0.9835,81848,Employed,17.1,NJ,,Vehicle,Current,0,20,,No,75,35,50,0,0,38.8,C,Moderate,0.04,0.55,591.5,0.022
LN01254,Auto,Used Vehicle,2021-03-13,2026-02-15,74000,60,7.15,1470.53,22200.0,0.3,740,0.1671,0.6112,51273,Employed,5.6,FL,,Vehicle,Current,0,42,,No,10,0,5,5,0,4.2,A,Low Risk,0.005,0.55,61.05,0.0028
LN01255,Auto,Refinance,2020-02-17,2024-01-27,80500,48,9.32,2015.5,4025.0,0.05,603,0.303,0.9314,29500,Retired,6.7,CA,,Vehicle,Current,0,48,,No,75,20,50,15,0,36.5,C,Moderate,0.04,0.55,88.55,0.022
LN01256,Auto,Refinance,2024-05-04,2028-04-13,33000,48,8.92,819.95,30251.1,0.9167,628,0.3824,0.6308,41074,Self-Employed,1.4,MI,,Vehicle,Current,0,4,,No,55,35,5,50,0,31.0,C,Moderate,0.04,0.55,665.52,0.022
LN01257,Auto,Used Vehicle,2022-02-02,2025-01-17,80500,36,9.02,2560.63,11181.45,0.1389,624,0.3819,1.0702,72052,Employed,4.9,NC,,Vehicle,Current,0,31,,No,55,35,70,15,0,37.2,C,Moderate,0.04,0.55,245.99,0.022
LN01258,Auto,Refinance,2024-03-29,2027-03-14,63500,36,7.68,1980.5,54679.85,0.8611,713,0.3164,0.9978,75574,Employed,5.3,NY,,Vehicle,Current,0,5,,No,20,20,50,5,0,19.0,B,Moderate-Low,0.015,0.55,451.11,0.0083
LN01259,Auto,Refinance,2021-11-25,2027-10-25,54500,72,7.15,933.1,29522.65,0.5417,709,0.4087,0.7034,52865,Self-Employed,5.8,GA,,Vehicle,Current,0,33,,No,20,35,15,30,0,20.0,B,Moderate-Low,0.015,0.55,243.56,0.0082
LN01260,Auto,Refinance,2021-09-04,2026-08-09,45500,60,8.65,936.8,18200.0,0.4,661,0.3019,0.7136,54011,Self-Employed,3.0,MI,,Vehicle,Current,0,36,,No,35,20,15,40,0,21.8,B,Moderate-Low,0.015,0.55,150.15,0.0082
LN01261,Auto,Refinance,2022-11-30,2028-10-29,9500,72,6.94,161.69,6728.85,0.7083,796,0.2766,0.6708,98327,Employed,7.4,GA,,Vehicle,Current,0,21,,No,0,10,5,5,0,3.8,A,Low Risk,0.005,0.55,18.5,0.0027
LN01262,Auto,Used Vehicle,2022-07-19,2027-06-23,41000,60,8.5,841.18,23915.3,0.5833,664,0.3007,0.8147,77709,Employed,3.5,NY,,Vehicle,Current,0,25,,No,35,20,30,15,0,21.5,B,Moderate-Low,0.015,0.55,197.3,0.0082
LN01263,Auto,New Vehicle,2020-07-07,2023-06-22,39500,36,8.12,1239.97,1975.0,0.05,678,0.3565,0.9513,52492,Employed,17.2,TX,,Vehicle,Current,0,36,,No,35,20,50,0,0,23.0,B,Moderate-Low,0.015,0.55,16.29,0.0082
LN01264,Auto,Refinance,2022-07-02,2026-06-11,16500,48,8.81,409.12,7561.95,0.4583,658,0.3787,0.6934,31934,Employed,4.3,FL,,Vehicle,Current,0,26,,No,55,35,5,15,0,27.5,B,Moderate-Low,0.015,0.55,62.39,0.0083
LN01265,Auto,Used Vehicle,2021-06-24,2027-05-24,25500,72,6.85,432.92,12041.1,0.4722,769,0.1932,0.6855,76185,Employed,3.3,MD,,Vehicle,Current,0,38,,No,10,0,5,15,0,5.2,A,Low Risk,0.005,0.55,33.11,0.0027
LN01266,Auto,New Vehicle,2024-02-07,2030-01-06,35500,72,7.27,609.85,32542.85,0.9167,732,0.1642,0.8769,52879,Self-Employed,7.6,AZ,,Vehicle,Current,0,6,,No,20,0,30,30,0,13.5,A,Low Risk,0.005,0.55,89.49,0.0027
LN01267,Auto,Refinance,2023-12-27,2029-11-25,76500,72,7.51,1323.06,68000.85,0.8889,715,0.3323,0.7365,68583,Employed,2.2,MA,,Vehicle,Current,0,8,,No,20,20,15,15,0,14.8,A,Low Risk,0.005,0.55,187.0,0.0027
LN01268,Auto,New Vehicle,2022-07-21,2026-06-30,59500,48,9.06,1482.36,28512.4,0.4792,605,0.3864,1.0663,203379,Employed,1.8,TN,,Vehicle,Current,0,25,,No,75,35,70,25,0,44.2,C,Moderate,0.04,0.55,627.27,0.022
LN01269,Auto,Used Vehicle,2023-05-17,2026-05-01,29500,36,8.5,931.24,17207.35,0.5833,616,0.3095,1.0084,79231,Employed,8.6,AZ,,Vehicle,Current,0,15,,No,75,20,70,5,0,38.5,C,Moderate,0.04,0.55,378.56,0.022
LN01270,Auto,Used Vehicle,2022-12-06,2025-11-20,80500,36,8.82,2553.14,33544.35,0.4167,624,0.3251,0.8202,48525,Employed,7.4,IL,,Vehicle,Current,0,21,,No,55,20,30,5,0,26.5,B,Moderate-Low,0.015,0.55,276.74,0.0082
LN01271,Auto,Refinance,2021-08-25,2026-07-30,11000,60,9.63,231.72,4766.3,0.4333,561,0.4812,0.829,110521,Employed,0.8,IL,,Vehicle,Delinquent,2,34,,No,100,55,30,25,55,61.8,D,High,0.1,0.55,262.15,0.055
LN01272,Auto,Refinance,2021-09-16,2024-08-31,50000,36,8.81,1585.57,2500.0,0.05,606,0.2358,0.6116,100853,Employed,0.5,MI,,Vehicle,Current,0,36,,No,75,10,5,25,0,28.2,B,Moderate-Low,0.015,0.55,20.62,0.0082
LN01273,Auto,New Vehicle,2020-09-07,2023-08-23,43500,36,7.86,1360.32,2175.0,0.05,662,0.3425,1.0724,79888,Employed,9.1,MO,,Vehicle,Current,0,36,,No,35,20,70,5,0,26.5,B,Moderate-Low,0.015,0.55,17.94,0.0082
LN01274,Auto,Used Vehicle,2023-03-19,2029-02-15,54000,72,8.76,966.96,41250.6,0.7639,615,0.3815,0.716,224238,Employed,0.5,MI,,Vehicle,Current,0,17,,No,75,35,15,25,0,36.0,C,Moderate,0.04,0.55,907.51,0.022
LN01275,Auto,New Vehicle,2024-01-14,2029-12-13,72000,72,7.99,1262.04,65001.6,0.9028,679,0.2607,1.017,87003,Employed,0.9,WI,,Vehicle,Current,0,7,,No,35,10,70,25,0,26.0,B,Moderate-Low,0.015,0.55,536.26,0.0082
LN01276,Auto,Refinance,2023-09-28,2029-08-27,32000,72,7.15,547.88,27110.4,0.8472,714,0.3568,1.0296,96752,Employed,3.1,MA,,Vehicle,Current,0,11,,No,20,20,70,15,0,23.0,B,Moderate-Low,0.015,0.55,223.66,0.0082
LN01277,Auto,Used Vehicle,2024-06-26,2027-06-11,35500,36,8.86,1126.58,33526.2,0.9444,602,0.4204,1.0732,61162,Self-Employed,0.9,WI,,Vehicle,Current,0,2,,No,75,35,70,50,0,46.8,C,Moderate,0.04,0.55,737.58,0.022
LN01278,Auto,Refinance,2022-03-20,2026-02-27,69500,48,7.07,1666.52,27508.1,0.3958,709,0.3914,0.6553,65235,Employed,15.3,NJ,,Vehicle,Current,0,29,,No,20,35,5,0,0,15.5,B,Moderate-Low,0.015,0.55,226.94,0.0082
LN01279,Auto,Refinance,2023-08-15,2028-07-19,66000,60,8.03,1339.19,52800.0,0.8,730,0.3056,0.722,154272,Retired,7.8,FL,,Vehicle,Current,0,12,,No,20,20,15,15,0,14.8,A,Low Risk,0.005,0.55,145.2,0.0028
LN01280,Auto,New Vehicle,2023-02-23,2028-01-28,79500,60,7.55,1594.91,55650.0,0.7,713,0.3879,0.9991,71280,Employed,3.4,NY,,Vehicle,Current,0,18,,No,20,35,50,15,0,23.8,B,Moderate-Low,0.015,0.55,459.11,0.0082
LN01281,Auto,Used Vehicle,2023-03-13,2026-02-25,25500,36,8.68,807.1,13458.9,0.5278,682,0.3216,0.8127,110548,Employed,8.5,IN,,Vehicle,Current,0,17,,No,35,20,30,5,0,20.5,B,Moderate-Low,0.015,0.55,111.04,0.0083
LN01282,Auto,New Vehicle,2023-09-10,2026-08-25,11000,36,5.75,333.4,7638.4,0.6944,810,0.3199,1.0949,114224,Employed,3.1,MO,,Vehicle,Current,0,11,,No,0,20,70,15,0,17.0,B,Moderate-Low,0.015,0.55,63.02,0.0083
LN01283,Auto,Refinance,2021-05-17,2025-04-26,66500,48,7.2,1598.6,11085.55,0.1667,777,0.2794,0.7614,161817,Employed,4.7,MD,,Vehicle,Current,0,40,,No,10,10,15,15,0,9.2,A,Low Risk,0.005,0.55,30.49,0.0028
LN01284,Auto,New Vehicle,2023-04-21,2029-03-20,72500,72,8.46,1287.51,56390.5,0.7778,678,0.3236,0.6959,41033,Employed,5.2,TX,,Vehicle,Current,0,16,,No,35,20,5,5,0,16.8,B,Moderate-Low,0.015,0.55,465.22,0.0082
LN01285,Auto,Used Vehicle,2021-01-04,2026-12-04,13500,72,9.81,248.81,5625.45,0.4167,500,0.3329,0.808,78779,Employed,2.2,IN,,Vehicle,Delinquent,2,42,,No,100,20,30,15,55,52.0,D,High,0.1,0.55,309.4,0.055
LN01286,Auto,New Vehicle,2020-07-22,2023-07-07,62000,36,8.74,1964.09,3100.0,0.05,675,0.3551,1.071,102021,Employed,4.5,MO,,Vehicle,Current,0,36,,No,35,20,70,15,0,27.5,B,Moderate-Low,0.015,0.55,25.58,0.0083
LN01287,Auto,Used Vehicle,2024-04-22,2029-03-27,8500,60,8.04,172.51,7933.05,0.9333,657,0.3646,0.6964,124971,Employed,5.9,FL,,Vehicle,Current,0,4,,No,55,35,5,5,0,26.5,B,Moderate-Low,0.015,0.55,65.45,0.0083
LN01288,Auto,Refinance,2023-06-12,2026-05-27,46000,36,8.49,1451.89,28110.6,0.6111,687,0.342,1.045,89112,Employed,9.2,NJ,,Vehicle,Current,0,14,,No,35,20,70,5,0,26.5,B,Moderate-Low,0.015,0.55,231.91,0.0082
LN01289,Auto,Used Vehicle,2022-03-09,2027-02-11,45000,60,6.97,890.42,22500.0,0.5,720,0.3133,1.048,29353,Employed,3.2,NY,,Vehicle,Current,0,30,,No,20,20,70,15,0,23.0,B,Moderate-Low,0.015,0.55,185.62,0.0082
LN01290,Auto,New Vehicle,2022-02-08,2027-01-13,83500,60,7.41,1669.6,40355.55,0.4833,721,0.3317,0.8118,41592,Employed,2.2,NY,,Vehicle,Current,0,31,,No,20,20,30,15,0,17.0,B,Moderate-Low,0.015,0.55,332.93,0.0082
LN01291,Auto,New Vehicle,2022-11-07,2028-10-06,59500,72,8.55,1059.28,41316.8,0.6944,676,0.2214,0.6667,69045,Employed,7.0,IN,,Vehicle,Current,0,22,,No,35,10,5,5,0,14.2,A,Low Risk,0.005,0.55,113.62,0.0027
LN01292,Auto,New Vehicle,2021-10-13,2024-09-27,54500,36,7.74,1701.3,2725.0,0.05,724,0.2655,0.7572,60867,Employed,10.6,MA,,Vehicle,Current,0,35,,No,20,10,15,0,0,10.8,A,Low Risk,0.005,0.55,7.49,0.0027
LN01293,Auto,New Vehicle,2022-04-14,2025-03-29,20500,36,9.98,661.28,3985.2,0.1944,570,0.5104,0.7717,154055,Retired,3.1,GA,,Vehicle,Current,0,29,,No,100,80,15,25,0,54.8,D,High,0.1,0.55,219.19,0.055
LN01294,Auto,New Vehicle,2021-05-19,2024-05-03,40000,36,8.15,1256.22,2000.0,0.05,681,0.3283,0.873,163217,Self-Employed,4.8,MO,,Vehicle,Current,0,36,,No,35,20,30,40,0,24.0,B,Moderate-Low,0.015,0.55,16.5,0.0082
LN01295,Auto,Refinance,2022-07-02,2028-05-31,60000,72,7.9,1049.07,38334.0,0.6389,680,0.3955,0.8718,54788,Self-Employed,11.0,FL,,Vehicle,Current,0,26,,No,35,35,30,25,0,26.2,B,Moderate-Low,0.015,0.55,316.26,0.0083
LN01296,Auto,New Vehicle,2022-02-03,2026-01-13,73500,48,8.86,1824.17,26033.7,0.3542,595,0.3531,0.97,39546,Contract,5.9,MO,,Vehicle,Current,0,31,,No,75,20,50,25,0,37.5,C,Moderate,0.04,0.55,572.74,0.022
LN01297,Auto,Refinance,2020-03-26,2026-02-23,60500,72,9.0,1090.54,15965.95,0.2639,615,0.4041,0.7081,61599,Contract,0.5,MA,,Vehicle,Late,1,53,,No,75,35,15,45,30,44.0,C,Moderate,0.04,0.55,351.25,0.022
LN01298,Auto,Used Vehicle,2020-01-02,2023-12-12,82500,48,6.77,1966.77,4125.0,0.05,804,0.4805,1.0506,90243,Retired,0.8,TX,,Vehicle,Current,0,48,,No,0,55,70,35,0,27.8,B,Moderate-Low,0.015,0.55,34.03,0.0082
LN01299,Auto,Refinance,2023-10-24,2028-09-27,53500,60,7.34,1067.97,44581.55,0.8333,769,0.3358,1.0164,62208,Contract,0.8,WA,,Vehicle,Current,0,10,,No,10,20,70,45,0,23.0,B,Moderate-Low,0.015,0.55,367.8,0.0083
LN01300,Auto,Refinance,2020-04-03,2025-03-08,47000,60,7.44,940.44,5484.9,0.1167,683,0.1642,0.8741,145607,Self-Employed,18.4,PA,,Vehicle,Current,0,53,,No,35,0,30,25,0,17.5,B,Moderate-Low,0.015,0.55,45.25,0.0082
LN01301,Auto,New Vehicle,2020-07-02,2025-06-06,54500,60,7.81,1100.11,9085.15,0.1667,732,0.3824,1.0305,48669,Self-Employed,10.3,WA,,Vehicle,Current,0,50,,No,20,35,70,25,0,27.8,B,Moderate-Low,0.015,0.55,74.95,0.0082
LN01302,Auto,Used Vehicle,2021-03-07,2027-02-04,70000,72,9.72,1286.95,29169.0,0.4167,575,0.3303,0.602,56066,Employed,4.1,WI,,Vehicle,Current,0,42,,No,100,20,5,15,0,37.2,C,Moderate,0.04,0.55,641.72,0.022
LN01303,Auto,Refinance,2024-03-21,2029-02-23,14500,60,7.02,287.25,13292.15,0.9167,708,0.3038,0.9907,60139,Employed,1.0,MA,,Vehicle,Current,0,5,,No,20,20,50,25,0,21.0,B,Moderate-Low,0.015,0.55,109.66,0.0082
LN01304,Auto,Used Vehicle,2021-03-07,2026-02-09,16000,60,7.56,321.06,4800.0,0.3,739,0.416,1.0473,82133,Contract,7.5,MA,,Vehicle,Current,0,42,,No,20,35,70,25,0,27.8,B,Moderate-Low,0.015,0.55,39.6,0.0082
LN01305,Auto,New Vehicle,2023-08-16,2027-07-26,68000,48,6.63,1616.7,51000.0,0.75,794,0.2899,0.8364,132665,Employed,13.8,CA,,Vehicle,Current,0,12,,No,0,20,30,0,0,9.5,A,Low Risk,0.005,0.55,140.25,0.0028
LN01306,Auto,Refinance,2022-04-26,2026-04-05,47500,48,9.2,1186.56,19793.25,0.4167,595,0.3664,0.7075,44379,Retired,6.4,MO,,Vehicle,Current,0,28,,No,75,35,15,15,0,35.0,C,Moderate,0.04,0.55,435.45,0.022
LN01307,Auto,Refinance,2023-01-07,2028-12-06,35000,72,6.72,592.02,25277.0,0.7222,772,0.4351,0.6167,60550,Self-Employed,2.9,FL,,Vehicle,Current,0,20,,No,10,55,5,40,0,21.5,B,Moderate-Low,0.015,0.55,208.54,0.0083
LN01308,Auto,Used Vehicle,2023-10-07,2026-09-21,78500,36,8.1,2463.53,54510.4,0.6944,673,0.3264,0.8759,86420,Self-Employed,1.9,MA,,Vehicle,Current,0,11,,No,35,20,30,50,0,25.0,B,Moderate-Low,0.015,0.55,449.71,0.0082
LN01309,Auto,Refinance,2022-03-03,2027-02-05,79500,60,7.28,1584.72,39750.0,0.5,683,0.2644,0.9578,163594,Self-Employed,13.0,PA,,Vehicle,Current,0,30,,No,35,10,50,25,0,23.0,B,Moderate-Low,0.015,0.55,327.94,0.0083
LN01310,Auto,Used Vehicle,2022-08-05,2025-07-20,45000,36,9.4,1439.38,13752.0,0.3056,614,0.4665,1.0931,34034,Retired,10.3,VA,,Vehicle,Current,0,25,,No,75,55,70,10,0,47.8,C,Moderate,0.04,0.55,302.54,0.022
LN01311,Auto,Refinance,2024-03-01,2028-02-09,35000,48,6.32,827.12,30625.0,0.875,814,0.2928,0.6083,57639,Self-Employed,10.1,CA,,Vehicle,Current,0,6,,No,0,20,5,25,0,8.2,A,Low Risk,0.005,0.55,84.22,0.0028
LN01312,Auto,Refinance,2020-07-03,2024-06-12,81000,48,7.34,1952.45,4050.0,0.05,768,0.3545,0.7859,29101,Employed,2.1,WI,,Vehicle,Current,0,48,,No,10,20,15,15,0,11.8,A,Low Risk,0.005,0.55,11.14,0.0028
LN01313,Auto,Used Vehicle,2022-10-08,2026-09-17,52000,48,7.32,1252.94,27081.6,0.5208,780,0.2846,0.9441,95458,Employed,0.5,VA,,Vehicle,Current,0,23,,No,0,20,50,25,0,15.0,B,Moderate-Low,0.015,0.55,223.42,0.0082
LN01314,Auto,Used Vehicle,2021-02-05,2024-01-21,10500,36,8.66,332.24,525.0,0.05,622,0.3659,0.7548,59472,Employed,5.8,WA,,Vehicle,Current,0,36,,No,55,35,15,5,0,28.0,B,Moderate-Low,0.015,0.55,4.33,0.0082
LN01315,Auto,Refinance,2023-02-04,2027-01-14,46500,48,9.03,1157.82,28095.3,0.6042,577,0.3063,1.0738,80052,Self-Employed,3.7,OH,,Vehicle,Current,0,19,,No,100,20,70,40,0,49.5,C,Moderate,0.04,0.55,618.1,0.022
LN01316,Auto,New Vehicle,2023-04-19,2026-04-03,29500,36,7.34,915.47,16390.2,0.5556,695,0.433,0.9861,68438,Self-Employed,15.8,IL,,Vehicle,Current,0,16,,No,35,55,50,25,0,34.2,C,Moderate,0.04,0.55,360.58,0.022
LN01317,Auto,Refinance,2022-12-07,2026-11-16,77000,48,8.65,1903.38,43312.5,0.5625,627,0.4053,0.666,39881,Employed,4.1,NC,,Vehicle,Current,0,21,,No,55,35,5,15,0,27.5,B,Moderate-Low,0.015,0.55,357.33,0.0083
LN01318,Auto,New Vehicle,2023-10-26,2028-09-29,81000,60,7.8,1634.65,67497.3,0.8333,667,0.3711,0.7876,49924,Retired,5.5,MO,,Vehicle,Current,0,10,,No,35,35,15,15,0,23.0,B,Moderate-Low,0.015,0.55,556.85,0.0082
LN01319,Auto,Used Vehicle,2021-10-23,2024-10-07,13500,36,8.13,423.85,750.6,0.0556,629,0.3078,0.7264,169159,Self-Employed,2.2,AZ,,Vehicle,Current,0,34,,No,55,20,15,40,0,27.8,B,Moderate-Low,0.015,0.55,6.19,0.0082
LN01320,Auto,Used Vehicle,2023-10-24,2026-10-08,22500,36,6.6,690.63,16249.5,0.7222,850,0.176,0.6635,64487,Employed,0.7,IN,,Vehicle,Current,0,10,,No,0,0,5,25,0,3.2,A,Low Risk,0.005,0.55,44.69,0.0028
LN01321,Auto,Refinance,2020-04-06,2024-03-16,42500,48,7.99,1037.35,2125.0,0.05,620,0.3234,0.9117,102409,Retired,6.2,NC,,Vehicle,Current,0,48,,No,55,20,50,15,0,30.5,C,Moderate,0.04,0.55,46.75,0.022
LN01322,Auto,New Vehicle,2020-01-11,2024-12-15,31500,60,8.09,640.06,2101.05,0.0667,614,0.2914,1.007,122589,Employed,1.1,WA,,Vehicle,Current,0,56,,No,75,20,70,25,0,40.5,C,Moderate,0.04,0.55,46.22,0.022
LN01323,Auto,New Vehicle,2023-11-13,2027-10-23,64500,48,8.38,1586.16,52406.25,0.8125,655,0.4326,0.7996,62722,Contract,4.3,AZ,,Vehicle,Current,0,9,,No,55,55,15,35,0,36.0,C,Moderate,0.04,0.55,1152.94,0.022
LN01324,Auto,Refinance,2021-11-05,2025-10-15,61000,48,7.89,1486.04,17793.7,0.2917,722,0.3389,0.8826,88957,Employed,1.7,MI,,Vehicle,Current,0,34,,No,20,20,30,25,0,18.0,B,Moderate-Low,0.015,0.55,146.8,0.0083
LN01325,Auto,Refinance,2022-09-09,2025-08-24,83500,36,5.88,2535.69,27830.55,0.3333,836,0.27,0.6637,44470,Self-Employed,4.7,AZ,,Vehicle,Current,0,24,,No,0,10,5,40,0,7.2,A,Low Risk,0.005,0.55,76.53,0.0027
LN01326,Auto,Used Vehicle,2021-05-21,2026-04-25,63000,60,6.84,1242.73,22050.0,0.35,721,0.3801,0.9333,111683,Employed,12.3,NY,,Vehicle,Current,0,39,,No,20,35,50,0,0,22.2,B,Moderate-Low,0.015,0.55,181.91,0.0082
LN01327,Auto,Refinance,2022-11-30,2027-11-04,71000,60,7.35,1417.64,50885.7,0.7167,706,0.4921,1.096,122540,Self-Employed,1.2,FL,,Vehicle,Severely Delinquent,4,17,,No,20,55,70,50,100,55.2,D,High,0.1,0.55,2798.71,0.055
LN01328,Auto,New Vehicle,2023-07-04,2026-06-18,18000,36,6.35,550.45,10999.8,0.6111,770,0.3242,0.6886,70044,Employed,2.7,MA,,Vehicle,Current,0,14,,No,10,20,5,15,0,10.2,A,Low Risk,0.005,0.55,30.25,0.0028
LN01329,Auto,Refinance,2022-02-11,2025-01-26,51500,36,7.68,1606.23,7153.35,0.1389,656,0.3488,0.9783,59691,Retired,2.2,NJ,,Vehicle,Current,0,31,,No,55,20,50,25,0,31.5,C,Moderate,0.04,0.55,157.37,0.022
LN01330,Auto,Refinance,2020-05-06,2024-04-15,70500,48,7.6,1707.9,3525.0,0.05,706,0.4511,0.7699,99050,Employed,16.5,MA,,Vehicle,Current,0,48,,No,20,55,15,0,0,22.0,B,Moderate-Low,0.015,0.55,29.08,0.0082
LN01331,Auto,Used Vehicle,2020-07-27,2023-07-12,49000,36,6.68,1505.82,2450.0,0.05,794,0.3358,0.8943,65767,Employed,9.0,TX,,Vehicle,Current,0,36,,No,0,20,30,5,0,10.0,A,Low Risk,0.005,0.55,6.74,0.0028
LN01332,Auto,New Vehicle,2020-07-15,2026-06-14,83500,72,8.2,1472.19,25517.6,0.3056,692,0.3655,1.0515,67448,Self-Employed,10.1,WI,,Vehicle,Current,0,50,,No,35,35,70,25,0,32.2,C,Moderate,0.04,0.55,561.39,0.022
LN01333,Auto,Refinance,2022-02-25,2028-01-25,51000,72,7.57,883.53,29748.3,0.5833,735,0.3626,0.866,61949,Self-Employed,2.6,MA,,Vehicle,Current,0,30,,No,20,35,30,40,0,23.2,B,Moderate-Low,0.015,0.55,245.42,0.0082
LN01334,Auto,Used Vehicle,2023-08-26,2028-07-30,14000,60,7.46,280.27,11200.0,0.8,739,0.3047,0.9144,106273,Employed,6.0,CA,,Vehicle,Current,0,12,,No,20,20,50,5,0,19.0,B,Moderate-Low,0.015,0.55,92.4,0.0082
LN01335,Auto,New Vehicle,2020-07-29,2023-07-14,71500,36,7.36,2219.5,3575.0,0.05,687,0.4282,1.0016,78406,Employed,3.3,CA,,Vehicle,Current,0,36,,No,35,35,70,15,0,31.2,C,Moderate,0.04,0.55,78.65,0.022
LN01336,Auto,Refinance,2023-07-29,2027-07-08,21000,48,7.02,503.07,16186.8,0.7708,763,0.2145,0.9591,87959,Employed,0.7,VA,,Vehicle,Delinquent,2,11,,No,10,10,50,25,55,26.5,B,Moderate-Low,0.015,0.55,133.54,0.0082
LN01337,Auto,New Vehicle,2021-05-12,2025-04-21,59500,48,9.14,1484.62,9918.65,0.1667,629,0.1774,0.662,43789,Self-Employed,4.1,IL,,Vehicle,Current,0,40,,No,55,0,5,40,0,21.2,B,Moderate-Low,0.015,0.55,81.83,0.0083
LN01338,Auto,Refinance,2023-04-12,2028-03-16,13000,60,9.21,271.19,9532.9,0.7333,595,0.2867,0.9406,44238,Employed,3.2,AZ,,Vehicle,Current,0,16,,No,75,20,50,15,0,36.5,C,Moderate,0.04,0.55,209.72,0.022
LN01339,Auto,Used Vehicle,2023-04-10,2028-03-14,41000,60,7.6,823.51,32800.0,0.8,767,0.3252,1.0633,109554,Employed,5.5,IL,,Vehicle,Severely Delinquent,5,12,,No,10,20,70,5,100,39.0,C,Moderate,0.04,0.55,721.6,0.022
LN01340,Auto,Refinance,2022-01-25,2026-12-30,15500,60,7.61,311.4,7491.15,0.4833,737,0.2938,0.748,57666,Employed,12.3,CA,,Vehicle,Current,0,31,,No,20,20,15,0,0,13.2,A,Low Risk,0.005,0.55,20.6,0.0027
LN01341,Auto,Refinance,2021-05-01,2024-04-15,13500,36,10.08,436.11,675.0,0.05,570,0.3959,0.794,65929,Self-Employed,1.2,IN,,Vehicle,Current,0,36,,No,100,35,15,50,0,46.0,C,Moderate,0.04,0.55,14.85,0.022
LN01342,Auto,Refinance,2021-12-05,2027-11-04,14500,72,7.92,253.67,7854.65,0.5417,660,0.3381,0.7198,144048,Contract,11.8,OH,,Vehicle,Current,0,33,,No,35,20,15,20,0,19.8,B,Moderate-Low,0.015,0.55,64.8,0.0082
LN01343,Auto,Refinance,2021-11-30,2024-11-14,84000,36,9.18,2678.22,6997.2,0.0833,598,0.4831,0.6246,46798,Self-Employed,7.1,OH,,Vehicle,Current,0,33,,No,75,55,5,30,0,40.0,C,Moderate,0.04,0.55,153.94,0.022
LN01344,Auto,Refinance,2023-03-30,2028-03-03,47000,60,7.71,946.48,33684.9,0.7167,711,0.3613,1.0839,84129,Contract,11.3,MD,,Vehicle,Current,0,17,,No,20,35,70,20,0,27.2,B,Moderate-Low,0.015,0.55,277.9,0.0082
LN01345,Auto,New Vehicle,2021-11-04,2027-10-04,75500,72,9.62,1384.28,39848.9,0.5278,616,0.185,0.7289,53840,Employed,8.4,PA,,Vehicle,Current,0,34,,No,75,0,15,5,0,25.2,B,Moderate-Low,0.015,0.55,328.75,0.0082
LN01346,Auto,Used Vehicle,2020-01-08,2023-12-18,20000,48,7.62,484.7,1000.0,0.05,668,0.4638,0.8238,53186,Self-Employed,14.9,GA,,Vehicle,Current,0,48,,No,35,55,30,25,0,31.2,C,Moderate,0.04,0.55,22.0,0.022
LN01347,Auto,Used Vehicle,2022-09-11,2026-08-21,38000,48,9.54,955.41,19000.0,0.5,558,0.2689,0.7378,64501,Self-Employed,1.2,NJ,,Vehicle,Current,0,24,,No,100,10,15,50,0,39.8,C,Moderate,0.04,0.55,418.0,0.022
LN01348,Auto,New Vehicle,2021-01-12,2026-12-12,58000,72,8.43,1029.15,22556.2,0.3889,661,0.3269,0.7212,105880,Employed,8.9,CA,,Vehicle,Current,0,44,,No,35,20,15,5,0,18.2,B,Moderate-Low,0.015,0.55,186.09,0.0083
LN01349,Auto,Used Vehicle,2023-02-10,2026-01-25,42500,36,7.14,1315.0,21250.0,0.5,748,0.4195,1.0799,75070,Employed,2.4,NY,,Vehicle,Current,0,18,,No,10,35,70,15,0,23.8,B,Moderate-Low,0.015,0.55,175.31,0.0082
LN01350,Auto,Used Vehicle,2020-03-30,2025-03-04,73500,60,6.7,1445.01,8577.45,0.1167,730,0.4515,0.8197,39152,Employed,0.5,CA,,Vehicle,Current,0,53,,No,20,55,30,25,0,26.8,B,Moderate-Low,0.015,0.55,70.76,0.0082
LN01351,Auto,Refinance,2021-06-20,2025-05-30,46500,48,7.36,1121.28,9685.95,0.2083,720,0.1888,0.9785,160827,Employed,4.7,PA,,Vehicle,Current,0,38,,No,20,0,50,15,0,15.0,B,Moderate-Low,0.015,0.55,79.91,0.0083
LN01352,Auto,Used Vehicle,2021-02-05,2025-01-15,50500,48,7.64,1224.34,5262.1,0.1042,699,0.3853,0.9118,123255,Employed,2.7,CA,,Vehicle,Current,0,43,,No,35,35,50,15,0,28.2,B,Moderate-Low,0.015,0.55,43.41,0.0082
LN01353,Auto,New Vehicle,2023-10-19,2026-10-03,38000,36,8.18,1193.94,27443.6,0.7222,677,0.3015,1.0042,132931,Employed,1.0,IL,,Vehicle,Current,0,10,,No,35,20,70,25,0,28.5,B,Moderate-Low,0.015,0.55,226.41,0.0083
LN01354,Auto,Used Vehicle,2021-09-16,2025-08-26,65500,48,9.05,1631.53,16375.0,0.25,620,0.4426,1.0054,39945,Employed,3.4,MA,,Vehicle,Current,0,36,,No,55,55,70,15,0,42.2,C,Moderate,0.04,0.55,360.25,0.022
LN01355,Auto,New Vehicle,2023-12-27,2029-11-25,79500,72,8.16,1400.11,70667.55,0.8889,703,0.4862,0.7657,43810,Employed,22.7,FL,,Vehicle,Current,0,8,,No,20,55,15,0,0,22.0,B,Moderate-Low,0.015,0.55,583.01,0.0083
LN01356,Auto,Used Vehicle,2022-12-26,2026-12-05,19000,48,7.88,462.78,11082.7,0.5833,659,0.1496,0.8022,110699,Self-Employed,12.5,WA,,Vehicle,Current,0,20,,No,55,0,30,25,0,23.5,B,Moderate-Low,0.015,0.55,91.43,0.0082
LN01357,Auto,Refinance,2020-04-04,2024-03-14,11500,48,8.22,281.94,575.0,0.05,705,0.4861,0.6372,37294,Employed,2.0,WI,,Vehicle,Current,0,48,,No,20,55,5,15,0,22.0,B,Moderate-Low,0.015,0.55,4.74,0.0082
LN01358,Auto,Used Vehicle,2021-11-02,2025-10-12,29000,48,7.86,706.07,8459.3,0.2917,767,0.411,0.6685,197054,Employed,11.3,GA,,Vehicle,Current,0,34,,No,10,35,5,0,0,12.5,A,Low Risk,0.005,0.55,23.26,0.0027
LN01359,Auto,Refinance,2021-03-04,2027-02-01,65000,72,8.94,1169.73,27085.5,0.4167,600,0.3583,0.8034,91206,Self-Employed,1.8,FL,,Vehicle,Current,0,42,,No,75,20,30,50,0,37.0,C,Moderate,0.04,0.55,595.88,0.022
LN01360,Auto,Refinance,2022-11-07,2026-10-17,40500,48,7.6,981.14,21938.85,0.5417,751,0.2718,0.6555,57880,Self-Employed,7.7,WA,,Vehicle,Current,0,22,,No,10,10,5,30,0,9.2,A,Low Risk,0.005,0.55,60.33,0.0027
LN01361,Auto,Refinance,2022-11-28,2028-10-27,68500,72,7.17,1173.46,48518.55,0.7083,748,0.4485,0.7745,55026,Employed,3.6,MA,,Vehicle,Current,0,21,,No,10,55,15,15,0,20.5,B,Moderate-Low,0.015,0.55,400.28,0.0083
LN01362,Auto,Refinance,2024-01-05,2029-12-04,28500,72,7.51,492.91,25333.65,0.8889,717,0.3821,0.9351,75822,Employed,3.7,TN,,Vehicle,Current,0,8,,No,20,35,50,15,0,23.8,B,Moderate-Low,0.015,0.55,209.0,0.0082
LN01363,Auto,Used Vehicle,2021-02-28,2024-02-13,16500,36,9.12,525.62,825.0,0.05,579,0.2995,0.9814,105553,Retired,5.6,GA,,Vehicle,Current,0,36,,No,100,20,50,15,0,44.0,C,Moderate,0.04,0.55,18.15,0.022
LN01364,Auto,Used Vehicle,2021-03-23,2027-02-20,44000,72,7.71,765.25,18946.4,0.4306,725,0.2582,0.6141,77010,Employed,0.5,MI,,Vehicle,Current,0,41,,No,20,10,5,25,0,11.8,A,Low Risk,0.005,0.55,52.1,0.0027
LN01365,Auto,New Vehicle,2021-06-05,2026-05-10,18500,60,7.17,367.81,6475.0,0.35,661,0.3016,0.8981,55240,Employed,2.1,MO,,Vehicle,Current,0,39,,No,35,20,30,15,0,21.5,B,Moderate-Low,0.015,0.55,53.42,0.0083
LN01366,Auto,New Vehicle,2022-11-28,2028-10-27,50000,72,8.34,884.99,35415.0,0.7083,608,0.4611,0.7719,61738,Employed,5.7,VA,,Vehicle,Current,0,21,,No,75,55,15,5,0,39.0,C,Moderate,0.04,0.55,779.13,0.022
LN01367,Auto,Used Vehicle,2022-05-22,2027-04-26,36000,60,7.88,727.88,19800.0,0.55,720,0.1727,0.6196,97782,Employed,26.5,MA,,Vehicle,Current,0,27,,No,20,0,5,0,0,6.8,A,Low Risk,0.005,0.55,54.45,0.0028
LN01368,Auto,New Vehicle,2021-10-11,2027-09-10,45000,72,6.62,759.02,23125.5,0.5139,783,0.3421,0.739,129085,Employed,13.3,NC,,Vehicle,Current,0,35,,No,0,20,15,0,0,7.2,A,Low Risk,0.005,0.55,63.6,0.0028
LN01369,Auto,New Vehicle,2021-06-27,2025-06-06,62000,48,9.75,1565.05,12914.6,0.2083,525,0.3638,0.8551,137910,Employed,3.4,FL,,Vehicle,Current,0,38,,No,100,35,30,15,0,44.8,C,Moderate,0.04,0.55,284.12,0.022
LN01370,Auto,New Vehicle,2024-05-28,2027-05-13,31500,36,9.46,1008.45,28876.05,0.9167,583,0.3555,1.0028,93859,Retired,1.1,NC,,Vehicle,Current,0,3,,No,75,20,70,35,0,41.5,C,Moderate,0.04,0.55,635.27,0.022
LN01371,Auto,Used Vehicle,2022-01-07,2024-12-22,18000,36,6.75,553.73,1999.8,0.1111,766,0.417,0.6342,40704,Employed,0.5,TX,,Vehicle,Current,0,32,,No,10,35,5,25,0,15.0,B,Moderate-Low,0.015,0.55,16.5,0.0083
LN01372,Auto,Refinance,2021-05-27,2026-05-01,55500,60,7.49,1111.84,19425.0,0.35,703,0.2402,1.0958,114226,Self-Employed,24.5,MI,,Vehicle,Current,0,39,,No,20,10,70,25,0,21.5,B,Moderate-Low,0.015,0.55,160.26,0.0083
LN01373,Auto,Refinance,2023-12-16,2027-11-25,15500,48,8.66,383.22,12916.15,0.8333,625,0.5032,0.6376,202818,Contract,0.5,WI,,Vehicle,Current,0,8,,No,55,80,5,45,0,41.8,C,Moderate,0.04,0.55,284.16,0.022
LN01374,Auto,Used Vehicle,2024-04-26,2027-04-11,33500,36,8.59,1058.91,29778.15,0.8889,684,0.3334,0.8751,36193,Employed,1.9,MI,,Vehicle,Current,0,4,,No,35,20,30,25,0,22.5,B,Moderate-Low,0.015,0.55,245.67,0.0083
LN01375,Auto,Refinance,2023-04-02,2029-03-01,44000,72,7.57,762.26,33611.6,0.7639,709,0.3207,0.9859,75497,Employed,13.7,CA,,Vehicle,Current,0,17,,No,20,20,50,0,0,18.5,B,Moderate-Low,0.015,0.55,277.3,0.0083
LN01376,Auto,New Vehicle,2021-04-11,2027-03-11,69000,72,7.52,1193.69,29711.4,0.4306,774,0.3498,0.7573,102590,Self-Employed,4.9,GA,,Vehicle,Current,0,41,,No,10,20,15,40,0,14.2,A,Low Risk,0.005,0.55,81.71,0.0028
LN01377,Auto,Used Vehicle,2022-11-22,2026-11-01,66500,48,6.87,1588.42,37406.25,0.5625,787,0.3294,0.9884,78244,Self-Employed,2.8,MD,,Vehicle,Current,0,21,,No,0,20,50,40,0,16.5,B,Moderate-Low,0.015,0.55,308.6,0.0082
LN01378,Auto,New Vehicle,2024-06-09,2029-05-14,79000,60,8.14,1607.13,76369.3,0.9667,681,0.2657,1.065,60397,Employed,7.4,FL,,Vehicle,Current,0,2,,No,35,10,70,5,0,24.0,B,Moderate-Low,0.015,0.55,630.05,0.0083
LN01379,Auto,Refinance,2021-03-05,2027-02-02,59500,72,9.45,1085.86,24793.65,0.4167,612,0.3936,0.8439,32840,Employed,27.6,MA,,Vehicle,Current,0,42,,No,75,35,30,0,0,35.8,C,Moderate,0.04,0.55,545.46,0.022
LN01380,Auto,Used Vehicle,2020-10-11,2025-09-15,66500,60,7.97,1347.43,14410.55,0.2167,660,0.4199,0.6407,36597,Retired,0.5,MD,,Vehicle,Current,0,47,,No,35,35,5,35,0,23.5,B,Moderate-Low,0.015,0.55,118.89,0.0083
LN01381,Auto,Used Vehicle,2023-09-11,2029-08-10,27500,72,9.74,505.86,23298.0,0.8472,548,0.3458,0.8455,34139,Employed,5.5,VA,,Vehicle,Current,0,11,,No,100,20,30,5,0,40.0,C,Moderate,0.04,0.55,512.56,0.022
LN01382,Auto,Refinance,2024-04-11,2030-03-11,34500,72,8.38,611.32,32581.8,0.9444,672,0.3501,1.0552,49094,Employed,1.9,MO,,Vehicle,Current,0,4,,No,35,20,70,25,0,28.5,B,Moderate-Low,0.015,0.55,268.8,0.0083
LN01383,Auto,Used Vehicle,2020-10-11,2023-09-26,55000,36,7.07,1700.0,2750.0,0.05,734,0.38,0.7756,73370,Contract,2.3,IL,,Vehicle,Current,0,36,,No,20,35,15,35,0,20.5,B,Moderate-Low,0.015,0.55,22.69,0.0083
LN01384,Auto,Used Vehicle,2021-02-22,2027-01-22,8500,72,8.74,152.12,3541.95,0.4167,611,0.2409,0.8159,102640,Employed,20.9,WA,,Vehicle,Current,0,42,,No,75,10,30,0,0,29.5,B,Moderate-Low,0.015,0.55,29.22,0.0082
LN01385,Auto,Used Vehicle,2020-08-10,2026-07-10,68000,72,7.45,1174.08,21719.2,0.3194,709,0.3856,1.056,42920,Employed,1.3,NJ,,Vehicle,Current,0,49,,No,20,35,70,25,0,27.8,B,Moderate-Low,0.015,0.55,179.18,0.0082
LN01386,Auto,New Vehicle,2020-12-17,2023-12-02,22500,36,7.72,702.17,1125.0,0.05,697,0.2787,0.9966,74012,Self-Employed,1.0,NY,,Vehicle,Current,0,36,,No,35,10,50,50,0,25.5,B,Moderate-Low,0.015,0.55,9.28,0.0082
LN01387,Auto,Used Vehicle,2020-02-24,2026-01-23,43500,72,8.57,774.86,10270.35,0.2361,594,0.4462,0.678,130390,Employed,9.4,PA,,Vehicle,Current,0,55,,No,75,55,5,5,0,37.5,C,Moderate,0.04,0.55,225.95,0.022
LN01388,Auto,New Vehicle,2021-04-22,2025-04-01,49000,48,6.63,1164.97,8168.3,0.1667,759,0.2701,1.0056,89594,Self-Employed,8.9,MI,,Vehicle,Current,0,40,,No,10,10,70,30,0,19.0,B,Moderate-Low,0.015,0.55,67.39,0.0083
LN01389,Auto,Used Vehicle,2022-01-24,2025-01-08,56500,36,8.49,1783.3,7847.85,0.1389,681,0.2851,0.9043,41007,Employed,1.0,IN,,Vehicle,Current,0,31,,No,35,20,50,25,0,25.5,B,Moderate-Low,0.015,0.55,64.74,0.0082
LN01390,Auto,Used Vehicle,2020-11-17,2026-10-17,11500,72,8.14,202.42,4152.65,0.3611,655,0.403,0.785,123420,Employed,2.0,NY,,Vehicle,Current,0,46,,No,55,35,15,15,0,29.0,B,Moderate-Low,0.015,0.55,34.26,0.0083
LN01391,Auto,New Vehicle,2022-03-07,2025-02-19,48500,36,7.63,1511.55,8084.95,0.1667,704,0.3502,0.7565,86045,Employed,5.1,OH,,Vehicle,Current,0,30,,No,20,20,15,5,0,13.8,A,Low Risk,0.005,0.55,22.23,0.0027
LN01392,Auto,Refinance,2023-12-24,2029-11-22,66000,72,10.12,1226.7,58667.4,0.8889,500,0.236,1.0793,84279,Employed,1.8,TN,,Vehicle,Current,0,8,,No,100,10,70,25,0,45.5,C,Moderate,0.04,0.55,1290.68,0.022
LN01393,Auto,New Vehicle,2022-10-26,2026-10-05,71500,48,7.72,1736.14,38731.55,0.5417,719,0.4044,0.9001,79453,Employed,1.0,MA,,Vehicle,Current,0,22,,No,20,35,50,25,0,24.8,B,Moderate-Low,0.015,0.55,319.54,0.0083
LN01394,Auto,New Vehicle,2020-05-11,2026-04-10,39500,72,9.99,731.57,10973.1,0.2778,573,0.3613,1.0993,80981,Employed,0.5,WA,,Vehicle,Current,0,52,,No,100,35,70,25,0,51.8,D,High,0.1,0.55,603.52,0.055
LN01395,Auto,Refinance,2022-07-31,2028-06-29,68000,72,6.81,1153.14,44390.4,0.6528,751,0.3501,1.0889,86479,Employed,3.4,MA,,Vehicle,Current,0,25,,No,10,20,70,15,0,20.0,B,Moderate-Low,0.015,0.55,366.22,0.0082
LN01396,Auto,Refinance,2023-08-16,2028-07-20,43000,60,8.23,876.63,34400.0,0.8,681,0.4144,0.7337,40475,Employed,6.2,MA,,Vehicle,Current,0,12,,No,35,35,15,5,0,22.0,B,Moderate-Low,0.015,0.55,283.8,0.0082
LN01397,Auto,New Vehicle,2023-06-09,2029-05-08,21500,72,7.71,373.93,17021.55,0.7917,701,0.1727,1.0164,119163,Employed,5.7,PA,,Vehicle,Current,0,15,,No,20,0,70,5,0,17.0,B,Moderate-Low,0.015,0.55,140.43,0.0083
LN01398,Auto,New Vehicle,2022-02-26,2028-01-26,61500,72,8.04,1079.5,35872.95,0.5833,680,0.3489,1.0384,81043,Self-Employed,9.1,PA,,Vehicle,Current,0,30,,No,35,20,70,30,0,29.0,B,Moderate-Low,0.015,0.55,295.95,0.0082
LN01399,Auto,Refinance,2021-05-05,2024-04-19,40500,36,8.04,1269.87,2025.0,0.05,629,0.3285,0.6861,58127,Employed,8.6,PA,,Vehicle,Current,0,36,,No,55,20,5,5,0,22.8,B,Moderate-Low,0.015,0.55,16.71,0.0083
LN01400,Auto,Used Vehicle,2023-11-30,2026-11-14,50000,36,8.7,1583.01,37500.0,0.75,613,0.3071,0.9528,48662,Retired,6.8,OH,,Vehicle,Current,0,9,,No,75,20,50,15,0,36.5,C,Moderate,0.04,0.55,825.0,0.022
LN01401,Auto,Used Vehicle,2020-06-05,2025-05-10,24000,60,9.35,502.29,3600.0,0.15,615,0.2549,0.736,39688,Employed,0.6,NY,,Vehicle,Current,0,51,,No,75,10,15,25,0,29.8,B,Moderate-Low,0.015,0.55,29.7,0.0082
LN01402,Auto,New Vehicle,2020-12-03,2026-11-02,38000,72,7.95,665.34,14250.0,0.375,710,0.2717,0.7131,82907,Employed,9.4,NC,,Vehicle,Current,0,45,,No,20,10,15,5,0,11.2,A,Low Risk,0.005,0.55,39.19,0.0028
LN01403,Auto,Refinance,2020-05-29,2023-05-14,13500,36,8.28,424.79,675.0,0.05,647,0.273,0.9278,98305,Employed,4.7,MA,,Vehicle,Current,0,36,,No,55,10,50,15,0,28.0,B,Moderate-Low,0.015,0.55,5.57,0.0083
LN01404,Auto,New Vehicle,2022-03-23,2026-03-02,36500,48,6.95,873.19,14446.7,0.3958,735,0.379,0.9327,92625,Employed,18.8,TX,,Vehicle,Current,0,29,,No,20,35,50,0,0,22.2,B,Moderate-Low,0.015,0.55,119.19,0.0083
LN01405,Auto,New Vehicle,2023-10-04,2028-09-07,69000,60,7.09,1369.21,56352.3,0.8167,718,0.3422,0.834,62584,Employed,25.8,MA,,Vehicle,Current,0,11,,No,20,20,30,0,0,15.5,B,Moderate-Low,0.015,0.55,464.91,0.0083
LN01406,Auto,Used Vehicle,2024-01-01,2027-12-11,9000,48,6.9,215.1,7499.7,0.8333,832,0.2423,0.6063,37033,Employed,0.5,MA,,Vehicle,Current,0,8,,No,0,10,5,25,0,5.8,A,Low Risk,0.005,0.55,20.62,0.0027
LN01407,Auto,Used Vehicle,2020-02-06,2024-01-16,12000,48,8.56,296.12,600.0,0.05,600,0.3878,0.6747,91477,Employed,5.2,WI,,Vehicle,Current,0,48,,No,75,35,5,5,0,32.5,C,Moderate,0.04,0.55,13.2,0.022
LN01408,Auto,New Vehicle,2020-12-10,2026-11-09,14000,72,6.72,236.81,5250.0,0.375,783,0.3048,1.0729,115602,Self-Employed,1.5,FL,,Vehicle,Current,0,45,,No,0,20,70,50,0,20.5,B,Moderate-Low,0.015,0.55,43.31,0.0082
LN01409,Auto,Refinance,2022-06-21,2026-05-31,57500,48,8.71,1422.99,26352.25,0.4583,656,0.4701,0.8432,63886,Employed,0.9,VA,,Vehicle,Current,0,26,,No,55,55,30,25,0,37.2,C,Moderate,0.04,0.55,579.75,0.022
LN01410,Auto,Refinance,2022-06-24,2026-06-03,60500,48,7.99,1476.7,27727.15,0.4583,762,0.386,1.0407,38982,Self-Employed,5.3,TX,,Vehicle,Current,0,26,,No,10,35,70,30,0,25.2,B,Moderate-Low,0.015,0.55,228.75,0.0083
LN01411,Auto,Refinance,2023-11-14,2029-10-13,37500,72,8.68,670.02,32812.5,0.875,636,0.3946,0.9624,108872,Employed,0.5,MI,,Vehicle,Current,0,9,,No,55,35,50,25,0,35.2,C,Moderate,0.04,0.55,721.88,0.022
LN01412,Auto,New Vehicle,2024-04-30,2027-04-15,10500,36,9.27,335.22,9333.45,0.8889,612,0.2061,0.7939,81917,Self-Employed,0.6,WA,,Vehicle,Current,0,4,,No,75,10,15,50,0,32.2,C,Moderate,0.04,0.55,205.34,0.022
LN01413,Auto,New Vehicle,2021-02-13,2025-01-23,24000,48,6.97,574.38,2500.8,0.1042,741,0.2798,1.074,96169,Employed,7.6,FL,,Vehicle,Current,0,43,,No,10,10,70,5,0,16.5,B,Moderate-Low,0.015,0.55,20.63,0.0082
LN01414,Auto,New Vehicle,2021-01-28,2026-01-02,13500,60,6.88,266.55,3824.55,0.2833,713,0.2368,0.9477,112323,Employed,3.5,FL,,Vehicle,Current,0,43,,No,20,10,50,15,0,17.5,B,Moderate-Low,0.015,0.55,31.55,0.0082
LN01415,Auto,Used Vehicle,2020-03-31,2024-03-10,44000,48,5.4,1021.28,2200.0,0.05,841,0.3151,1.0103,182697,Employed,3.6,AZ,,Vehicle,Current,0,48,,No,0,20,70,15,0,17.0,B,Moderate-Low,0.015,0.55,18.15,0.0082
LN01416,Auto,Used Vehicle,2023-07-03,2027-06-12,78000,48,6.76,1859.13,55247.4,0.7083,755,0.2642,0.6409,81936,Retired,0.9,OH,,Vehicle,Current,0,14,,No,10,10,5,35,0,9.8,A,Low Risk,0.005,0.55,151.93,0.0027
LN01417,Auto,Used Vehicle,2021-04-20,2024-04-04,80000,36,7.74,2497.32,4000.0,0.05,719,0.3895,0.7549,43595,Employed,1.6,OH,,Vehicle,Current,0,36,,No,20,35,15,25,0,19.5,B,Moderate-Low,0.015,0.55,33.0,0.0082
LN01418,Auto,Used Vehicle,2022-04-03,2025-03-18,45500,36,7.51,1415.54,12639.9,0.2778,741,0.4634,0.6321,65039,Employed,4.6,CA,,Vehicle,Delinquent,3,26,,No,10,55,5,15,75,34.0,C,Moderate,0.04,0.55,278.08,0.022
LN01419,Auto,Used Vehicle,2023-09-09,2026-08-24,39500,36,8.99,1255.91,27428.8,0.6944,621,0.4107,0.802,103849,Employed,6.8,NC,,Vehicle,Current,0,11,,No,55,35,30,5,0,30.2,C,Moderate,0.04,0.55,603.43,0.022
LN01420,Auto,Refinance,2021-03-23,2024-03-07,61000,36,8.63,1929.3,3050.0,0.05,614,0.3078,0.7973,30333,Employed,1.2,AZ,,Vehicle,Current,0,36,,No,75,20,15,25,0,32.2,C,Moderate,0.04,0.55,67.1,0.022
LN01421,Auto,New Vehicle,2023-12-30,2026-12-14,64500,36,7.95,2019.71,53747.85,0.8333,662,0.2623,0.8696,30091,Employed,9.5,MD,,Vehicle,Delinquent,2,6,,No,35,10,30,5,55,29.0,B,Moderate-Low,0.015,0.55,443.42,0.0083
LN01422,Auto,Refinance,2023-10-20,2029-09-18,42000,72,7.85,733.32,36166.2,0.8611,739,0.4319,1.018,34567,Employed,8.5,IL,,Vehicle,Current,0,10,,No,20,55,70,5,0,30.8,C,Moderate,0.04,0.55,795.66,0.022
LN01423,Auto,Refinance,2020-05-18,2026-04-17,33500,72,8.58,596.9,9306.3,0.2778,639,0.2943,0.7472,62771,Employed,8.6,NJ,,Vehicle,Current,0,52,,No,55,20,15,5,0,24.2,B,Moderate-Low,0.015,0.55,76.78,0.0083
LN01424,Auto,Refinance,2022-11-12,2028-10-11,38500,72,9.03,694.56,27269.55,0.7083,626,0.4166,0.8606,110116,Employed,15.3,GA,,Vehicle,Current,0,21,,No,55,35,30,0,0,29.8,B,Moderate-Low,0.015,0.55,224.97,0.0082
LN01425,Auto,New Vehicle,2020-02-13,2024-01-23,53500,48,9.61,1346.9,2675.0,0.05,609,0.2866,0.8575,91964,Self-Employed,10.1,WI,,Vehicle,Current,0,48,,No,75,20,30,25,0,34.5,C,Moderate,0.04,0.55,58.85,0.022
LN01426,Auto,Refinance,2024-02-20,2028-01-30,80000,48,7.13,1920.53,70000.0,0.875,747,0.3555,0.8441,153102,Self-Employed,1.8,AZ,,Vehicle,Current,0,6,,No,10,20,30,50,0,17.5,B,Moderate-Low,0.015,0.55,577.5,0.0082
LN01427,Auto,New Vehicle,2020-10-08,2023-09-23,43000,36,6.97,1327.13,2150.0,0.05,751,0.376,0.6791,117338,Employed,1.1,VA,,Vehicle,Current,0,36,,No,10,35,5,25,0,15.0,B,Moderate-Low,0.015,0.55,17.74,0.0083
LN01428,Auto,Refinance,2021-02-22,2027-01-22,62500,72,7.28,1073.99,26043.75,0.4167,736,0.3464,0.8801,197370,Employed,0.5,TX,,Vehicle,Current,0,42,,No,20,20,30,25,0,18.0,B,Moderate-Low,0.015,0.55,214.86,0.0082
LN01429,Auto,New Vehicle,2020-10-01,2025-09-05,51500,60,7.7,1036.86,11160.05,0.2167,723,0.3739,0.7089,81214,Employed,2.4,NC,,Vehicle,Current,0,47,,No,20,35,15,15,0,18.5,B,Moderate-Low,0.015,0.55,92.07,0.0082
LN01430,Auto,Refinance,2024-03-17,2029-02-19,25500,60,8.24,519.98,23375.85,0.9167,607,0.3261,1.0616,90832,Employed,8.3,CA,,Vehicle,Current,0,5,,No,75,20,70,5,0,38.5,C,Moderate,0.04,0.55,514.27,0.022
LN01431,Auto,Refinance,2021-05-11,2026-04-15,76500,60,7.11,1518.77,25497.45,0.3333,756,0.2262,0.6457,178232,Employed,8.3,OH,,Vehicle,Current,0,40,,No,10,10,5,5,0,6.8,A,Low Risk,0.005,0.55,70.12,0.0028
LN01432,Auto,New Vehicle,2023-05-30,2027-05-09,36500,48,8.51,899.84,25093.75,0.6875,656,0.4201,0.7067,41846,Employed,2.4,WA,,Vehicle,Current,0,15,,No,55,35,15,15,0,29.0,B,Moderate-Low,0.015,0.55,207.02,0.0082
LN01433,Auto,New Vehicle,2020-05-12,2023-04-27,66500,36,7.08,2055.76,3325.0,0.05,716,0.4856,0.9138,43482,Employed,16.4,TN,,Vehicle,Current,0,36,,No,20,55,50,0,0,27.2,B,Moderate-Low,0.015,0.55,27.43,0.0082
LN01434,Auto,Refinance,2021-02-22,2025-02-01,21500,48,9.4,539.12,2687.5,0.125,617,0.4049,0.8339,36648,Employed,3.3,IL,,Vehicle,Current,0,42,,No,75,35,30,15,0,37.2,C,Moderate,0.04,0.55,59.13,0.022
LN01435,Auto,Used Vehicle,2022-11-05,2026-10-15,18000,48,8.15,440.7,9750.6,0.5417,681,0.3935,0.8714,162683,Employed,9.6,FL,,Vehicle,Current,0,22,,No,35,35,30,5,0,24.2,B,Moderate-Low,0.015,0.55,80.44,0.0082
LN01436,Auto,New Vehicle,2024-01-17,2027-12-27,68500,48,9.6,1724.21,58512.7,0.8542,532,0.2795,0.8068,52220,Employed,18.3,OH,,Vehicle,Current,0,7,,No,100,10,30,0,0,37.0,C,Moderate,0.04,0.55,1287.28,0.022
LN01437,Auto,Refinance,2021-08-07,2026-07-12,51000,60,8.74,1052.25,19548.3,0.3833,684,0.2838,0.9481,141031,Employed,0.5,MD,,Vehicle,Current,0,37,,No,35,20,50,25,0,25.5,B,Moderate-Low,0.015,0.55,161.27,0.0082
LN01438,Auto,Used Vehicle,2024-05-19,2029-04-23,45000,60,7.07,892.54,42750.0,0.95,723,0.277,0.7437,90845,Employed,5.4,TN,,Vehicle,Current,0,3,,No,20,10,15,5,0,11.2,A,Low Risk,0.005,0.55,117.56,0.0027
LN01439,Auto,Refinance,2020-12-09,2026-11-08,19000,72,7.08,324.66,7125.0,0.375,669,0.3782,0.6723,68624,Employed,5.7,TN,,Vehicle,Current,0,45,,No,35,35,5,5,0,20.5,B,Moderate-Low,0.015,0.55,58.78,0.0082
LN01440,Auto,Used Vehicle,2024-06-13,2028-05-23,36500,48,8.51,899.84,34977.95,0.9583,625,0.2587,0.7503,63779,Employed,6.4,TN,,Vehicle,Current,0,2,,No,55,10,15,5,0,21.8,B,Moderate-Low,0.015,0.55,288.57,0.0083
LN01441,Auto,New Vehicle,2024-04-03,2027-03-19,73500,36,7.76,2295.09,63290.85,0.8611,676,0.2907,0.8275,106558,Employed,1.0,MI,,Vehicle,Current,0,5,,No,35,20,30,25,0,22.5,B,Moderate-Low,0.015,0.55,522.15,0.0083
LN01442,Auto,Used Vehicle,2022-02-18,2027-01-23,25000,60,9.14,520.66,12500.0,0.5,560,0.3493,1.0384,60078,Employed,4.5,MA,,Vehicle,Current,0,30,,No,100,20,70,15,0,47.0,C,Moderate,0.04,0.55,275.0,0.022
LN01443,Auto,Used Vehicle,2020-05-27,2026-04-26,44000,72,9.4,801.89,12834.8,0.2917,607,0.3841,0.7671,53565,Employed,19.3,NJ,,Vehicle,Current,0,51,,No,75,35,15,0,0,33.5,C,Moderate,0.04,0.55,282.37,0.022
LN01444,Auto,Refinance,2021-01-23,2025-01-02,34000,48,10.2,865.6,3542.8,0.1042,504,0.4713,0.8925,93952,Employed,6.6,CA,,Vehicle,Current,0,43,,No,100,55,30,5,0,48.8,C,Moderate,0.04,0.55,77.94,0.022
LN01445,Auto,Refinance,2022-04-08,2028-03-07,81500,72,7.26,1399.69,48671.8,0.5972,738,0.2835,0.9116,87396,Retired,6.6,AZ,,Vehicle,Current,0,29,,No,20,20,50,15,0,20.0,B,Moderate-Low,0.015,0.55,401.54,0.0082
LN01446,Auto,Refinance,2022-09-29,2028-08-28,50500,72,9.45,921.61,34370.3,0.6806,583,0.4042,0.657,81797,Employed,0.5,MI,,Vehicle,Current,0,23,,No,75,35,5,25,0,34.5,C,Moderate,0.04,0.55,756.15,0.022
LN01447,Auto,Refinance,2020-03-20,2026-02-17,20500,72,9.92,378.95,5125.0,0.25,594,0.3633,0.7875,42548,Employed,0.7,NY,,Vehicle,Current,0,54,,No,75,35,15,25,0,36.0,C,Moderate,0.04,0.55,112.75,0.022
LN01448,Auto,Refinance,2024-04-11,2028-03-21,11000,48,7.19,264.38,10083.7,0.9167,770,0.3078,1.0319,72480,Contract,5.4,AZ,,Vehicle,Current,0,4,,No,10,20,70,25,0,21.0,B,Moderate-Low,0.015,0.55,83.19,0.0082
LN01449,Auto,Refinance,2023-07-24,2029-06-22,50500,72,6.85,857.34,41379.7,0.8194,786,0.357,1.0981,85263,Self-Employed,0.7,VA,,Vehicle,Current,0,13,,No,0,20,70,50,0,20.5,B,Moderate-Low,0.015,0.55,341.38,0.0082
LN01450,Auto,New Vehicle,2024-02-15,2030-01-14,12000,72,7.33,206.49,11000.4,0.9167,689,0.4605,1.0354,133027,Employed,1.4,GA,,Vehicle,Current,0,6,,No,35,55,70,25,0,37.2,C,Moderate,0.04,0.55,242.01,0.022
LN01451,Auto,Used Vehicle,2023-11-29,2026-11-13,41500,36,6.93,1280.07,31125.0,0.75,740,0.1832,0.916,69143,Employed,9.7,IL,,Vehicle,Current,0,9,,No,10,0,50,5,0,11.0,A,Low Risk,0.005,0.55,85.59,0.0027
LN01452,Auto,Refinance,2021-05-21,2026-04-25,58500,60,6.92,1156.16,20475.0,0.35,788,0.1686,0.879,66218,Employed,0.5,WI,,Vehicle,Current,0,39,,No,0,0,30,25,0,7.0,A,Low Risk,0.005,0.55,56.31,0.0028
LN01453,Auto,Used Vehicle,2020-08-27,2023-08-12,9000,36,7.92,281.7,450.0,0.05,650,0.4179,0.7327,48550,Employed,2.2,FL,,Vehicle,Current,0,36,,No,55,35,15,15,0,29.0,B,Moderate-Low,0.015,0.55,3.71,0.0082
LN01454,Auto,New Vehicle,2022-11-27,2025-11-11,55000,36,9.19,1753.85,22918.5,0.4167,578,0.4385,0.8104,78684,Retired,7.4,OH,,Vehicle,Current,0,21,,No,100,55,30,15,0,49.8,C,Moderate,0.04,0.55,504.21,0.022
LN01455,Auto,Refinance,2023-11-17,2028-10-21,56000,60,8.14,1139.23,47600.0,0.85,654,0.4709,0.8516,94639,Employed,15.6,MI,,Vehicle,Current,0,9,,No,55,55,30,0,0,34.8,C,Moderate,0.04,0.55,1047.2,0.022
LN01456,Auto,Refinance,2024-02-12,2029-01-16,22000,60,8.12,447.35,19800.0,0.9,648,0.3838,0.6466,120233,Self-Employed,15.2,AZ,,Vehicle,Current,0,6,,No,55,35,5,25,0,28.5,B,Moderate-Low,0.015,0.55,163.35,0.0082
LN01457,Auto,Used Vehicle,2023-07-26,2026-07-10,77500,36,7.29,2403.26,49514.75,0.6389,741,0.3014,0.6375,64143,Self-Employed,0.7,MD,,Vehicle,Current,0,13,,No,10,20,5,50,0,13.8,A,Low Risk,0.005,0.55,136.17,0.0028
LN01458,Auto,New Vehicle,2024-03-13,2029-02-15,36000,60,7.55,722.22,33598.8,0.9333,734,0.3977,1.0872,67629,Self-Employed,0.5,WA,,Vehicle,Late,1,4,,No,20,35,70,50,30,36.2,C,Moderate,0.04,0.55,739.17,0.022
LN01459,Auto,Refinance,2020-01-04,2025-12-03,51500,72,7.91,900.7,11443.3,0.2222,678,0.3105,0.9697,94148,Employed,1.2,NY,,Vehicle,Current,0,56,,No,35,20,50,25,0,25.5,B,Moderate-Low,0.015,0.55,94.41,0.0083
LN01460,Auto,New Vehicle,2023-09-02,2029-08-01,39500,72,8.3,698.36,32915.35,0.8333,698,0.3497,0.8911,88945,Self-Employed,12.1,MI,,Vehicle,Current,0,12,,No,35,20,30,25,0,22.5,B,Moderate-Low,0.015,0.55,271.55,0.0082
LN01461,Auto,New Vehicle,2021-01-16,2025-12-21,11000,60,7.82,222.09,2933.7,0.2667,699,0.3311,0.693,85563,Employed,1.8,IL,,Vehicle,Current,0,44,,No,35,20,5,25,0,18.8,B,Moderate-Low,0.015,0.55,24.2,0.0082
LN01462,Auto,New Vehicle,2023-03-07,2029-02-03,11000,72,8.75,196.92,8250.0,0.75,615,0.2731,0.8687,36461,Employed,3.5,OH,,Vehicle,Current,0,18,,No,75,10,30,15,0,31.0,C,Moderate,0.04,0.55,181.5,0.022
LN01463,Auto,Refinance,2021-06-15,2025-05-25,81000,48,6.56,1923.15,15187.5,0.1875,771,0.4871,0.813,91388,Employed,6.2,AZ,,Vehicle,Current,0,39,,No,10,55,30,5,0,21.8,B,Moderate-Low,0.015,0.55,125.3,0.0083
LN01464,Auto,New Vehicle,2020-06-12,2024-05-22,79000,48,7.87,1923.8,3950.0,0.05,707,0.3393,1.0994,38680,Employed,5.2,MI,,Vehicle,Current,0,48,,No,20,20,70,5,0,22.0,B,Moderate-Low,0.015,0.55,32.59,0.0083
LN01465,Auto,Used Vehicle,2021-12-01,2024-11-15,69000,36,8.16,2167.31,5747.7,0.0833,697,0.2934,0.6972,56319,Employed,21.9,CA,,Vehicle,Current,0,33,,No,35,20,5,0,0,16.2,B,Moderate-Low,0.015,0.55,47.42,0.0083
LN01466,Auto,New Vehicle,2020-01-20,2023-01-04,78000,36,7.65,2431.66,3900.0,0.05,781,0.4246,0.8019,31749,Employed,11.9,TX,,Vehicle,Current,0,36,,No,0,35,30,0,0,13.2,A,Low Risk,0.005,0.55,10.73,0.0028
LN01467,Auto,Used Vehicle,2021-03-08,2024-02-21,70500,36,7.96,2207.91,3525.0,0.05,703,0.3495,1.0197,37907,Self-Employed,17.3,IN,,Vehicle,Current,0,36,,No,20,20,70,25,0,24.0,B,Moderate-Low,0.015,0.55,29.08,0.0082
LN01468,Auto,Used Vehicle,2022-08-27,2028-07-26,25000,72,8.57,445.32,18055.0,0.7222,631,0.4942,0.7715,56033,Employed,20.8,WI,,Vehicle,Severely Delinquent,4,20,,No,55,55,15,0,100,52.5,D,High,0.1,0.55,993.03,0.055
LN01469,Auto,Used Vehicle,2021-05-05,2026-04-09,21000,60,8.21,427.92,6999.3,0.3333,628,0.3005,1.0534,164680,Self-Employed,35.0,VA,,Vehicle,Current,0,40,,No,55,20,70,25,0,34.5,C,Moderate,0.04,0.55,153.98,0.022
LN01470,Auto,Refinance,2021-11-07,2026-10-12,23000,60,7.94,465.7,9965.9,0.4333,656,0.289,0.9563,26880,Employed,6.0,NY,,Vehicle,Current,0,34,,No,55,20,50,5,0,29.5,B,Moderate-Low,0.015,0.55,82.22,0.0083
LN01471,Auto,Refinance,2020-02-22,2024-02-01,15000,48,6.61,356.49,750.0,0.05,748,0.3471,0.8909,65663,Employed,4.4,WI,,Vehicle,Current,0,48,,No,10,20,30,15,0,14.0,A,Low Risk,0.005,0.55,2.06,0.0027
LN01472,Auto,Refinance,2022-01-24,2026-01-03,13000,48,7.52,314.45,4604.6,0.3542,727,0.3081,0.6525,27022,Employed,0.5,MA,,Vehicle,Current,0,31,,No,20,20,5,25,0,14.2,A,Low Risk,0.005,0.55,12.66,0.0027
LN01473,Auto,Refinance,2023-09-14,2029-08-13,59000,72,7.96,1033.31,49984.8,0.8472,708,0.2625,0.9067,39290,Employed,3.2,OH,,Vehicle,Current,0,11,,No,20,10,50,15,0,17.5,B,Moderate-Low,0.015,0.55,412.37,0.0082
LN01474,Auto,Refinance,2023-07-21,2026-07-05,80500,36,8.4,2537.46,51431.45,0.6389,631,0.369,0.9579,65392,Retired,8.6,VA,,Vehicle,Current,0,13,,No,55,35,50,15,0,34.2,C,Moderate,0.04,0.55,1131.49,0.022
LN01475,Auto,New Vehicle,2021-04-23,2027-03-23,49500,72,8.46,879.06,24061.95,0.4861,677,0.5278,0.7594,67960,Self-Employed,0.5,WA,,Vehicle,Delinquent,3,37,,No,35,80,15,50,75,52.8,D,High,0.1,0.55,1323.41,0.055
LN01476,Auto,Used Vehicle,2022-09-02,2028-08-01,48500,72,9.27,880.75,32334.95,0.6667,597,0.4894,0.7937,59518,Self-Employed,11.1,NY,,Vehicle,Current,0,24,,No,75,55,15,25,0,41.0,C,Moderate,0.04,0.55,711.37,0.022
LN01477,Auto,Refinance,2022-12-01,2026-11-10,30500,48,7.88,742.88,17156.25,0.5625,743,0.2985,0.6466,47586,Self-Employed,0.5,MD,,Vehicle,Current,0,21,,No,10,20,5,50,0,13.8,A,Low Risk,0.005,0.55,47.18,0.0028
LN01478,Auto,Refinance,2022-10-16,2026-09-25,26000,48,7.99,634.61,14084.2,0.5417,685,0.4353,1.0775,70312,Employed,19.2,FL,,Vehicle,Current,0,22,,No,35,55,70,0,0,34.8,C,Moderate,0.04,0.55,309.85,0.022
LN01479,Auto,Refinance,2022-07-02,2026-06-11,51000,48,8.0,1245.06,23373.3,0.4583,658,0.3506,1.098,123318,Employed,4.3,NY,,Vehicle,Current,0,26,,No,55,20,70,15,0,33.5,C,Moderate,0.04,0.55,514.21,0.022
LN01480,Auto,Refinance,2021-03-09,2025-02-16,50500,48,8.81,1252.14,6312.5,0.125,609,0.3441,0.8523,56171,Self-Employed,14.9,PA,,Vehicle,Current,0,42,,No,75,20,30,25,0,34.5,C,Moderate,0.04,0.55,138.88,0.022
LN01481,Auto,Used Vehicle,2022-06-09,2025-05-24,59500,36,6.97,1836.37,14875.0,0.25,769,0.3357,0.6949,89211,Employed,15.7,CA,,Vehicle,Current,0,27,,No,10,20,5,0,0,8.8,A,Low Risk,0.005,0.55,40.91,0.0028
LN01482,Auto,Refinance,2021-03-27,2026-03-01,72500,60,7.47,1451.72,22960.75,0.3167,686,0.4279,0.8135,56897,Self-Employed,24.1,NC,,Vehicle,Current,0,41,,No,35,35,30,25,0,26.2,B,Moderate-Low,0.015,0.55,189.43,0.0083
LN01483,Auto,Refinance,2022-12-30,2026-12-09,39500,48,7.56,956.17,23040.35,0.5833,708,0.2168,0.6547,79994,Employed,1.9,TN,,Vehicle,Current,0,20,,No,20,10,5,25,0,11.8,A,Low Risk,0.005,0.55,63.36,0.0027
LN01484,Auto,Used Vehicle,2023-03-25,2027-03-04,26000,48,8.08,635.71,16790.8,0.6458,683,0.3785,1.0876,54635,Employed,19.7,WI,,Vehicle,Current,0,17,,No,35,35,70,0,0,29.8,B,Moderate-Low,0.015,0.55,138.52,0.0082
LN01485,Auto,Used Vehicle,2023-09-01,2029-07-31,63500,72,7.91,1110.57,52914.55,0.8333,664,0.3771,0.768,65325,Contract,1.1,MO,,Vehicle,Current,0,12,,No,35,35,15,45,0,26.0,B,Moderate-Low,0.015,0.55,436.55,0.0083
LN01486,Auto,New Vehicle,2021-06-14,2025-05-24,34000,48,9.07,847.22,6375.0,0.1875,650,0.307,0.7057,272717,Employed,1.9,NY,,Vehicle,Current,0,39,,No,55,20,15,25,0,26.2,B,Moderate-Low,0.015,0.55,52.59,0.0082
LN01487,Auto,Refinance,2024-02-25,2029-01-29,59000,60,8.64,1214.46,53100.0,0.9,669,0.2748,0.8906,51308,Retired,19.1,MD,,Vehicle,Current,0,6,,No,35,10,30,10,0,18.5,B,Moderate-Low,0.015,0.55,438.08,0.0083
LN01488,Auto,Refinance,2020-09-17,2025-08-22,62500,60,7.91,1264.58,12500.0,0.2,652,0.3704,0.8698,45406,Contract,7.0,NJ,,Vehicle,Current,0,48,,No,55,35,30,25,0,32.2,C,Moderate,0.04,0.55,275.0,0.022
LN01489,Auto,Used Vehicle,2020-05-06,2025-04-10,50500,60,7.18,1004.25,6731.65,0.1333,772,0.2274,1.0395,64671,Employed,3.1,MD,,Vehicle,Current,0,52,,No,10,10,70,15,0,17.5,B,Moderate-Low,0.015,0.55,55.54,0.0083
LN01490,Auto,Refinance,2024-04-28,2029-04-02,50000,60,8.84,1034.04,48335.0,0.9667,616,0.2627,0.7619,49667,Employed,1.5,IL,,Vehicle,Delinquent,2,2,,No,75,10,15,25,55,40.8,C,Moderate,0.04,0.55,1063.37,0.022
LN01491,Auto,Used Vehicle,2022-03-20,2025-03-04,49000,36,8.59,1548.85,9525.6,0.1944,637,0.2232,0.9079,64195,Employed,6.0,CA,,Vehicle,Current,0,29,,No,55,10,50,5,0,27.0,B,Moderate-Low,0.015,0.55,78.59,0.0083
LN01492,Auto,Used Vehicle,2021-08-30,2025-08-09,31500,48,7.53,762.08,7875.0,0.25,748,0.3376,0.6933,75912,Employed,6.1,GA,,Vehicle,Current,0,36,,No,10,20,5,5,0,9.2,A,Low Risk,0.005,0.55,21.66,0.0028
LN01493,Auto,Used Vehicle,2020-10-25,2025-09-29,76000,60,8.23,1549.39,17730.8,0.2333,617,0.3357,0.9408,73138,Employed,2.5,TX,,Vehicle,Current,0,46,,No,75,20,50,15,0,36.5,C,Moderate,0.04,0.55,390.08,0.022
LN01494,Auto,New Vehicle,2023-12-17,2028-11-20,45500,60,9.39,953.14,39434.85,0.8667,572,0.313,0.7631,210799,Employed,19.5,MD,,Vehicle,Current,0,8,,No,100,20,15,0,0,37.2,C,Moderate,0.04,0.55,867.57,0.022
LN01495,Auto,Used Vehicle,2023-12-13,2028-11-16,40000,60,8.45,819.7,34668.0,0.8667,647,0.432,1.0282,45556,Employed,2.2,WA,,Vehicle,Current,0,8,,No,55,55,70,15,0,42.2,C,Moderate,0.04,0.55,762.7,0.022
LN01496,Auto,New Vehicle,2024-02-09,2028-01-19,51500,48,8.92,1279.62,45062.5,0.875,568,0.4339,0.87,39865,Self-Employed,1.3,GA,,Vehicle,Current,0,6,,No,100,55,30,50,0,53.2,D,High,0.1,0.55,2478.44,0.055
LN01497,Auto,Refinance,2024-01-29,2029-12-28,74500,72,8.04,1307.68,67258.6,0.9028,695,0.3175,0.6102,25000,Employed,7.7,WA,,Vehicle,Current,0,7,,No,35,20,5,5,0,16.8,B,Moderate-Low,0.015,0.55,554.88,0.0082
LN01498,Auto,Refinance,2023-01-27,2026-01-11,35000,36,7.72,1092.26,16527.0,0.4722,660,0.2857,0.7591,104427,Employed,5.8,WA,,Vehicle,Current,0,19,,No,35,20,15,5,0,18.2,B,Moderate-Low,0.015,0.55,136.35,0.0083
LN01499,Auto,Refinance,2024-03-31,2029-03-05,73500,60,8.23,1498.42,67377.45,0.9167,710,0.3298,0.6088,64025,Employed,5.8,WA,,Vehicle,Current,0,5,,No,20,20,5,5,0,12.2,A,Low Risk,0.005,0.55,185.29,0.0028
LN01500,Auto,Refinance,2023-11-27,2028-10-31,14000,60,6.26,272.36,11900.0,0.85,850,0.4331,0.9666,35572,Self-Employed,3.4,OH,,Vehicle,Current,0,9,,No,0,55,50,40,0,25.2,B,Moderate-Low,0.015,0.55,98.18,0.0083
LN01501,Auto,Refinance,2020-09-25,2023-09-10,56000,36,9.75,1800.4,2800.0,0.05,551,0.2504,0.6319,56337,Self-Employed,2.4,NJ,,Vehicle,Current,0,36,,No,100,10,5,40,0,37.2,C,Moderate,0.04,0.55,61.6,0.022
LN01502,Auto,Refinance,2022-07-26,2027-06-30,11500,60,8.69,236.99,7282.95,0.6333,719,0.2504,1.094,63939,Employed,6.5,MD,,Vehicle,Delinquent,3,22,,No,20,10,70,5,75,34.5,C,Moderate,0.04,0.55,160.22,0.022
LN01503,Auto,Refinance,2020-10-23,2025-09-27,57500,60,7.86,1162.04,13414.75,0.2333,653,0.2739,0.6921,25000,Employed,11.0,OH,,Vehicle,Current,0,46,,No,55,10,5,0,0,19.8,B,Moderate-Low,0.015,0.55,110.67,0.0082
LN01504,Auto,New Vehicle,2022-01-11,2024-12-26,13500,36,8.51,426.22,1499.85,0.1111,669,0.3338,1.0395,60750,Employed,8.4,MD,,Vehicle,Current,0,32,,No,35,20,70,5,0,26.5,B,Moderate-Low,0.015,0.55,12.37,0.0082
LN01505,Auto,New Vehicle,2023-10-23,2029-09-21,34500,72,7.62,598.52,29707.95,0.8611,727,0.3601,0.7312,113802,Retired,2.4,PA,,Vehicle,Current,0,10,,No,20,35,15,25,0,19.5,B,Moderate-Low,0.015,0.55,245.09,0.0082
LN01506,Auto,Refinance,2021-01-02,2026-12-02,33500,72,7.72,582.79,13028.15,0.3889,703,0.3754,1.0277,28944,Employed,3.4,TX,,Vehicle,Current,0,44,,No,20,35,70,15,0,26.8,B,Moderate-Low,0.015,0.55,107.48,0.0082
LN01507,Auto,New Vehicle,2020-10-31,2026-09-30,25000,72,6.8,423.83,9027.5,0.3611,793,0.3478,0.7938,52048,Employed,5.2,WA,,Vehicle,Current,0,46,,No,0,20,15,5,0,7.8,A,Low Risk,0.005,0.55,24.83,0.0028
LN01508,Auto,New Vehicle,2022-09-27,2028-08-26,76500,72,8.85,1373.27,52065.9,0.6806,658,0.3775,0.8103,91488,Self-Employed,10.7,MI,,Vehicle,Current,0,23,,No,55,35,30,25,0,32.2,C,Moderate,0.04,0.55,1145.45,0.022
LN01509,Auto,Refinance,2024-05-11,2027-04-26,48500,36,7.48,1508.21,44459.95,0.9167,787,0.4081,0.7175,51173,Retired,3.5,MA,,Vehicle,Current,0,3,,No,0,35,15,25,0,13.5,A,Low Risk,0.005,0.55,122.26,0.0027
LN01510,Auto,New Vehicle,2023-07-19,2028-06-22,44000,60,7.17,874.79,34465.2,0.7833,713,0.2744,0.646,41872,Employed,6.9,MA,,Vehicle,Current,0,13,,No,20,10,5,5,0,9.8,A,Low Risk,0.005,0.55,94.78,0.0028
LN01511,Auto,Refinance,2020-09-06,2023-08-22,68000,36,7.05,2101.2,3400.0,0.05,770,0.2716,0.8656,65900,Employed,6.9,TN,,Vehicle,Current,0,36,,No,10,10,30,5,0,10.5,A,Low Risk,0.005,0.55,9.35,0.0028
LN01512,Auto,Used Vehicle,2023-04-16,2026-03-31,28000,36,8.35,881.95,15556.8,0.5556,662,0.3232,0.9561,34073,Contract,2.8,MD,,Vehicle,Current,0,16,,No,35,20,50,35,0,26.5,B,Moderate-Low,0.015,0.55,128.34,0.0082
LN01513,Auto,Used Vehicle,2024-06-14,2027-05-30,20500,36,6.16,625.14,19360.2,0.9444,797,0.3868,0.6605,46942,Employed,16.0,MD,,Vehicle,Current,0,2,,No,0,35,5,0,0,9.5,A,Low Risk,0.005,0.55,53.24,0.0027
LN01514,Auto,New Vehicle,2023-03-16,2028-02-18,46000,60,5.97,888.67,32968.2,0.7167,795,0.4091,0.9738,82670,Employed,7.9,IL,,Vehicle,Current,0,17,,No,0,35,50,5,0,16.8,B,Moderate-Low,0.015,0.55,271.99,0.0083
LN01515,Auto,Refinance,2023-12-06,2029-11-04,27500,72,7.85,480.15,24062.5,0.875,694,0.4013,0.8057,54153,Employed,1.7,CA,,Vehicle,Current,0,9,,No,35,35,30,25,0,26.2,B,Moderate-Low,0.015,0.55,198.52,0.0083
LN01516,Auto,Refinance,2022-11-28,2025-11-12,50000,36,7.26,1549.81,20835.0,0.4167,772,0.2921,1.0576,79930,Employed,3.1,MD,,Vehicle,Current,0,21,,No,10,20,70,15,0,20.0,B,Moderate-Low,0.015,0.55,171.89,0.0083
LN01517,Auto,Refinance,2023-09-10,2027-08-20,36500,48,9.24,912.47,28134.2,0.7708,571,0.2149,1.0171,47805,Employed,2.2,NY,,Vehicle,Current,0,11,,No,100,10,70,15,0,44.5,C,Moderate,0.04,0.55,618.95,0.022
LN01518,Auto,New Vehicle,2023-02-10,2026-01-25,52500,36,6.53,1609.79,26250.0,0.5,770,0.3893,1.0297,69962,Self-Employed,0.6,MA,,Vehicle,Current,0,18,,No,10,35,70,50,0,27.2,B,Moderate-Low,0.015,0.55,216.56,0.0082
LN01519,Auto,New Vehicle,2023-03-23,2027-03-02,69500,48,7.7,1686.93,44883.1,0.6458,729,0.2923,0.6945,25792,Self-Employed,8.5,OH,,Vehicle,Current,0,17,,No,20,20,5,30,0,14.8,A,Low Risk,0.005,0.55,123.43,0.0028
LN01520,Auto,Used Vehicle,2020-06-22,2023-06-07,54000,36,7.67,1683.96,2700.0,0.05,692,0.3244,0.8023,46774,Employed,3.4,NY,,Vehicle,Current,0,36,,No,35,20,30,15,0,21.5,B,Moderate-Low,0.015,0.55,22.28,0.0083
LN01521,Auto,New Vehicle,2023-09-09,2029-08-08,49000,72,8.45,869.94,41512.8,0.8472,671,0.3439,0.7573,34227,Employed,3.9,CA,,Vehicle,Current,0,11,,No,35,20,15,15,0,19.2,B,Moderate-Low,0.015,0.55,342.48,0.0082
LN01522,Auto,Used Vehicle,2020-10-13,2026-09-12,30500,72,7.62,529.12,11861.45,0.3889,691,0.3902,1.0721,75784,Employed,1.1,NJ,,Vehicle,Delinquent,3,44,,No,35,35,70,25,75,47.2,C,Moderate,0.04,0.55,260.95,0.022
LN01523,Auto,New Vehicle,2023-09-19,2026-09-03,50500,36,7.87,1579.46,35067.2,0.6944,657,0.1577,0.6261,34926,Employed,16.8,TX,,Vehicle,Current,0,11,,No,55,0,5,0,0,17.2,B,Moderate-Low,0.015,0.55,289.3,0.0082
LN01524,Auto,New Vehicle,2021-03-16,2026-02-18,9000,60,7.09,178.59,2700.0,0.3,651,0.2626,0.7891,55875,Employed,6.9,IL,,Vehicle,Current,0,42,,No,55,10,15,5,0,21.8,B,Moderate-Low,0.015,0.55,22.28,0.0083
LN01525,Auto,Refinance,2020-09-20,2025-08-25,33000,60,8.35,674.66,6600.0,0.2,659,0.4187,0.8446,35332,Employed,8.2,WI,,Vehicle,Current,0,48,,No,55,35,30,5,0,30.2,C,Moderate,0.04,0.55,145.2,0.022
LN01526,Auto,New Vehicle,2022-02-20,2027-01-25,73000,60,8.02,1480.88,36500.0,0.5,676,0.1884,0.827,45675,Employed,3.1,PA,,Vehicle,Current,0,30,,No,35,0,30,15,0,16.5,B,Moderate-Low,0.015,0.55,301.12,0.0082
LN01527,Auto,New Vehicle,2023-11-23,2029-10-22,19000,72,8.4,336.85,16625.0,0.875,646,0.3301,0.9307,73003,Employed,11.3,IL,,Vehicle,Current,0,9,,No,55,20,50,0,0,29.0,B,Moderate-Low,0.015,0.55,137.16,0.0083
LN01528,Auto,Refinance,2024-01-03,2027-12-13,47000,48,8.58,1160.25,39165.1,0.8333,666,0.465,0.9225,162828,Employed,4.9,VA,,Vehicle,Current,0,8,,No,35,55,50,15,0,33.2,C,Moderate,0.04,0.55,861.63,0.022
LN01529,Auto,Used Vehicle,2020-11-10,2026-10-10,48000,72,7.36,826.68,17332.8,0.3611,782,0.4042,0.8247,161001,Contract,1.7,NJ,,Vehicle,Current,0,46,,No,0,35,30,45,0,17.8,B,Moderate-Low,0.015,0.55,143.0,0.0083
LN01530,Auto,New Vehicle,2023-05-21,2026-05-05,23500,36,6.92,724.75,13707.55,0.5833,719,0.2378,0.9864,75920,Employed,1.7,GA,,Vehicle,Current,0,15,,No,20,10,50,25,0,18.5,B,Moderate-Low,0.015,0.55,113.09,0.0083
LN01531,Auto,Used Vehicle,2020-05-15,2026-04-14,42000,72,6.47,705.42,11667.6,0.2778,808,0.417,1.048,115645,Employed,11.9,NJ,,Vehicle,Current,0,52,,No,0,35,70,0,0,19.2,B,Moderate-Low,0.015,0.55,96.26,0.0083
LN01532,Auto,New Vehicle,2020-10-26,2025-09-30,36500,60,8.34,746.04,8515.45,0.2333,670,0.3447,0.8266,57038,Employed,2.3,GA,,Vehicle,Current,0,46,,No,35,20,30,15,0,21.5,B,Moderate-Low,0.015,0.55,70.25,0.0082
LN01533,Auto,New Vehicle,2022-02-14,2026-01-24,52000,48,8.09,1271.67,18418.4,0.3542,693,0.2935,0.7455,134780,Self-Employed,9.5,NY,,Vehicle,Current,0,31,,No,35,20,15,30,0,20.8,B,Moderate-Low,0.015,0.55,151.95,0.0082
LN01534,Auto,Used Vehicle,2023-04-20,2028-03-24,56500,60,8.65,1163.27,41431.45,0.7333,646,0.2904,1.0734,72696,Employed,2.1,TN,,Vehicle,Current,0,16,,No,55,20,70,15,0,33.5,C,Moderate,0.04,0.55,911.49,0.022
LN01535,Auto,New Vehicle,2023-05-29,2028-05-02,65000,60,8.42,1331.07,48750.0,0.75,655,0.3488,0.8374,61725,Retired,0.7,NY,,Vehicle,Current,0,15,,No,55,20,30,35,0,29.5,B,Moderate-Low,0.015,0.55,402.19,0.0083
LN01536,Auto,Refinance,2021-01-05,2026-12-05,68000,72,9.24,1233.85,26445.2,0.3889,571,0.2567,0.6947,88083,Self-Employed,1.4,VA,,Vehicle,Current,0,44,,No,100,10,5,50,0,38.2,C,Moderate,0.04,0.55,581.79,0.022
LN01537,Auto,Refinance,2023-04-28,2029-03-27,43500,72,6.54,732.06,33834.3,0.7778,797,0.2881,0.7108,84312,Employed,1.5,IL,,Vehicle,Current,0,16,,No,0,20,15,25,0,9.8,A,Low Risk,0.005,0.55,93.04,0.0027
LN01538,Auto,Used Vehicle,2020-10-19,2024-09-28,81500,48,7.97,1988.51,4075.0,0.05,648,0.2392,0.962,54325,Employed,1.2,WA,,Vehicle,Current,0,47,,No,55,10,50,25,0,29.0,B,Moderate-Low,0.015,0.55,33.62,0.0083
LN01539,Auto,Used Vehicle,2023-12-19,2028-11-22,15000,60,8.79,309.85,13000.5,0.8667,661,0.4424,1.0964,65934,Self-Employed,6.8,GA,,Vehicle,Current,0,8,,No,35,55,70,30,0,37.8,C,Moderate,0.04,0.55,286.01,0.022
LN01540,Auto,Refinance,2022-06-17,2026-05-27,27000,48,8.55,666.14,12374.1,0.4583,625,0.3265,0.6964,103402,Self-Employed,5.1,VA,,Vehicle,Current,0,26,,No,55,20,5,30,0,25.2,B,Moderate-Low,0.015,0.55,102.09,0.0083
LN01541,Auto,New Vehicle,2022-05-26,2027-04-30,9000,60,6.5,176.1,4950.0,0.55,764,0.3229,0.6279,55998,Retired,22.8,IN,,Vehicle,Current,0,27,,No,10,20,5,10,0,9.8,A,Low Risk,0.005,0.55,13.61,0.0027
LN01542,Auto,New Vehicle,2021-09-17,2024-09-01,66000,36,7.65,2057.56,3300.0,0.05,686,0.3536,0.8841,152642,Self-Employed,10.1,AZ,,Vehicle,Current,0,36,,No,35,20,30,25,0,22.5,B,Moderate-Low,0.015,0.55,27.22,0.0082
LN01543,Auto,New Vehicle,2024-02-03,2027-01-18,68500,36,6.53,2100.39,55183.6,0.8056,741,0.4498,1.0978,99197,Retired,0.5,GA,,Vehicle,Current,0,7,,No,10,55,70,35,0,30.8,C,Moderate,0.04,0.55,1214.04,0.022
LN01544,Auto,Used Vehicle,2024-03-02,2027-02-15,62500,36,8.84,1982.83,52081.25,0.8333,589,0.2769,0.9708,46965,Employed,7.1,MI,,Vehicle,Current,0,6,,No,75,10,50,5,0,33.0,C,Moderate,0.04,0.55,1145.79,0.022
LN01545,Auto,New Vehicle,2023-10-18,2029-09-16,75000,72,8.93,1349.31,64582.5,0.8611,627,0.448,1.0824,47937,Retired,5.2,IN,,Vehicle,Current,0,10,,No,55,55,70,15,0,42.2,C,Moderate,0.04,0.55,1420.82,0.022
LN01546,Auto,Used Vehicle,2022-11-20,2028-10-19,38000,72,8.06,667.38,26915.4,0.7083,687,0.3124,0.7458,95062,Self-Employed,0.8,MO,,Vehicle,Current,0,21,,No,35,20,15,50,0,22.8,B,Moderate-Low,0.015,0.55,222.05,0.0082
LN01547,Auto,Refinance,2024-03-07,2028-02-15,27500,48,8.98,684.08,24634.5,0.8958,620,0.222,0.9263,56006,Self-Employed,0.8,CA,,Vehicle,Current,0,5,,No,55,10,50,50,0,31.5,C,Moderate,0.04,0.55,541.96,0.022
LN01548,Auto,New Vehicle,2024-02-22,2028-02-01,54000,48,8.55,1332.28,47250.0,0.875,649,0.3355,0.8452,51613,Self-Employed,0.5,IN,,Vehicle,Current,0,6,,No,55,20,30,50,0,31.0,C,Moderate,0.04,0.55,1039.5,0.022
LN01549,Auto,New Vehicle,2023-10-13,2027-09-22,60500,48,7.84,1472.44,47897.85,0.7917,687,0.2574,0.7978,56188,Retired,5.9,IN,,Vehicle,Current,0,10,,No,35,10,15,15,0,16.8,B,Moderate-Low,0.015,0.55,395.16,0.0083
LN01550,Auto,New Vehicle,2020-09-30,2025-09-04,29000,60,5.97,560.25,6284.3,0.2167,816,0.3348,0.8131,64224,Employed,0.8,IN,,Vehicle,Current,0,47,,No,0,20,30,25,0,12.0,A,Low Risk,0.005,0.55,17.28,0.0027
LN01551,Auto,New Vehicle,2022-02-15,2028-01-15,18500,72,8.33,327.35,10791.05,0.5833,659,0.2476,1.0925,184497,Employed,0.6,PA,,Vehicle,Current,0,30,,No,55,10,70,25,0,32.0,C,Moderate,0.04,0.55,237.4,0.022
LN01552,Auto,Used Vehicle,2023-01-09,2026-12-19,31500,48,7.57,762.66,18373.95,0.5833,741,0.1368,0.7529,59924,Employed,13.0,NY,,Vehicle,Current,0,20,,No,10,0,15,0,0,5.2,A,Low Risk,0.005,0.55,50.53,0.0028
LN01553,Auto,Refinance,2021-03-12,2026-02-14,55500,60,7.42,1110.0,16650.0,0.3,758,0.2837,0.9912,133931,Self-Employed,2.2,CA,,Vehicle,Current,0,42,,No,10,20,50,40,0,19.5,B,Moderate-Low,0.015,0.55,137.36,0.0082
LN01554,Auto,New Vehicle,2021-09-16,2025-08-26,47500,48,7.1,1139.65,11875.0,0.25,753,0.2819,0.9361,85651,Self-Employed,18.1,IN,,Vehicle,Current,0,36,,No,10,20,50,25,0,18.0,B,Moderate-Low,0.015,0.55,97.97,0.0083
LN01555,Auto,Used Vehicle,2020-04-27,2026-03-27,27500,72,10.32,513.91,7639.5,0.2778,500,0.2902,0.935,38839,Employed,0.5,VA,,Vehicle,Current,0,52,,No,100,20,50,25,0,45.0,C,Moderate,0.04,0.55,168.07,0.022
LN01556,Auto,Refinance,2021-12-25,2026-11-29,30000,60,7.55,601.85,14001.0,0.4667,737,0.3853,0.8765,43777,Employed,7.2,NY,,Vehicle,Current,0,32,,No,20,35,30,5,0,19.8,B,Moderate-Low,0.015,0.55,115.51,0.0083
LN01557,Auto,Used Vehicle,2021-12-27,2027-11-26,55500,72,8.56,988.34,30835.8,0.5556,617,0.4035,0.8579,82797,Employed,2.8,CA,,Vehicle,Current,0,32,,No,75,35,30,15,0,37.2,C,Moderate,0.04,0.55,678.39,0.022
LN01558,Auto,Used Vehicle,2022-12-19,2025-12-03,44000,36,8.37,1386.32,19553.6,0.4444,659,0.4165,1.0023,95663,Retired,8.0,IN,,Vehicle,Current,0,20,,No,55,35,70,15,0,37.2,C,Moderate,0.04,0.55,430.18,0.022
LN01559,Auto,Used Vehicle,2020-01-15,2025-12-14,50500,72,7.85,881.73,11221.1,0.2222,682,0.292,0.6195,107946,Self-Employed,0.5,IL,,Vehicle,Current,0,56,,No,35,20,5,50,0,21.2,B,Moderate-Low,0.015,0.55,92.57,0.0082
LN01560,Auto,Used Vehicle,2022-03-20,2028-02-17,13000,72,7.52,224.9,7763.6,0.5972,714,0.4011,0.9081,131877,Employed,1.2,VA,,Vehicle,Current,0,29,,No,20,35,50,25,0,24.8,B,Moderate-Low,0.015,0.55,64.05,0.0083
LN01561,Auto,Used Vehicle,2020-08-10,2025-07-15,19500,60,6.84,384.65,3574.35,0.1833,773,0.4212,0.6467,106680,Self-Employed,1.4,MA,,Vehicle,Current,0,49,,No,10,35,5,50,0,17.5,B,Moderate-Low,0.015,0.55,29.49,0.0083
LN01562,Auto,Refinance,2021-12-25,2025-12-04,48500,48,7.43,1171.09,16165.05,0.3333,705,0.3276,1.0988,68552,Employed,8.4,AZ,,Vehicle,Current,0,32,,No,20,20,70,5,0,22.0,B,Moderate-Low,0.015,0.55,133.36,0.0082
LN01563,Auto,Used Vehicle,2021-01-23,2024-01-08,29000,36,8.61,916.94,1450.0,0.05,676,0.2334,1.0668,50326,Employed,0.5,MI,,Vehicle,Current,0,36,,No,35,10,70,25,0,26.0,B,Moderate-Low,0.015,0.55,11.96,0.0082
LN01564,Auto,Used Vehicle,2020-03-05,2025-02-07,23500,60,7.88,475.15,2350.0,0.1,747,0.3458,0.9827,115987,Self-Employed,13.6,PA,,Vehicle,Current,0,54,,No,10,20,50,25,0,18.0,B,Moderate-Low,0.015,0.55,19.39,0.0083
LN01565,Auto,Refinance,2022-05-12,2025-04-26,8500,36,8.87,269.78,1888.7,0.2222,644,0.2084,0.6566,97419,Employed,11.1,TN,,Vehicle,Current,0,28,,No,55,10,5,0,0,19.8,B,Moderate-Low,0.015,0.55,15.58,0.0082
LN01566,Auto,Refinance,2024-03-18,2029-02-20,8500,60,8.89,175.99,7791.95,0.9167,624,0.3338,0.6596,44690,Employed,0.7,WA,,Vehicle,Current,0,5,,No,55,20,5,25,0,24.8,B,Moderate-Low,0.015,0.55,64.28,0.0082
LN01567,Auto,New Vehicle,2020-08-12,2024-07-22,74000,48,7.32,1783.03,3700.0,0.05,702,0.298,1.0578,50446,Self-Employed,4.1,NY,,Vehicle,Current,0,48,,No,20,20,70,40,0,25.5,B,Moderate-Low,0.015,0.55,30.52,0.0082
LN01568,Auto,New Vehicle,2022-10-21,2027-09-25,68500,60,7.48,1371.95,43381.05,0.6333,799,0.318,0.7942,54501,Self-Employed,5.4,CA,,Vehicle,Current,0,22,,No,0,20,15,30,0,10.2,A,Low Risk,0.005,0.55,119.3,0.0028
LN01569,Auto,Used Vehicle,2022-05-29,2027-05-03,28000,60,7.27,558.01,15400.0,0.55,719,0.4036,1.0721,73150,Self-Employed,0.5,WI,,Vehicle,Current,0,27,,No,20,35,70,50,0,30.2,C,Moderate,0.04,0.55,338.8,0.022
LN01570,Auto,Used Vehicle,2021-07-31,2026-07-05,53000,60,8.19,1079.47,20314.9,0.3833,647,0.2471,0.9287,109936,Employed,0.5,TN,,Vehicle,Current,0,37,,No,55,10,50,25,0,29.0,B,Moderate-Low,0.015,0.55,167.6,0.0083
LN01571,Auto,Used Vehicle,2024-02-02,2028-01-12,52000,48,6.96,1244.24,44418.4,0.8542,785,0.3099,0.7444,62097,Employed,3.2,IN,,Vehicle,Current,0,7,,No,0,20,15,15,0,8.8,A,Low Risk,0.005,0.55,122.15,0.0027
LN01572,Auto,Used Vehicle,2023-12-06,2028-11-09,22500,60,9.01,467.17,19125.0,0.85,606,0.2915,0.6389,75857,Self-Employed,1.3,GA,,Vehicle,Current,0,9,,No,75,20,5,50,0,33.2,C,Moderate,0.04,0.55,420.75,0.022
LN01573,Auto,Refinance,2023-12-17,2029-11-15,25000,72,9.68,459.12,22222.5,0.8889,601,0.4153,0.846,159719,Self-Employed,10.4,NY,,Vehicle,Current,0,8,,No,75,35,30,25,0,38.2,C,Moderate,0.04,0.55,488.9,0.022
LN01574,Auto,New Vehicle,2023-04-25,2027-04-04,66000,48,8.37,1622.74,44002.2,0.6667,706,0.1025,1.0821,71581,Employed,2.4,IL,,Vehicle,Current,0,16,,No,20,0,70,15,0,18.0,B,Moderate-Low,0.015,0.55,363.02,0.0083
LN01575,Auto,Used Vehicle,2021-07-14,2024-06-28,34500,36,8.53,1089.56,1725.0,0.05,645,0.2371,0.673,99537,Retired,6.0,OH,,Vehicle,Current,0,36,,No,55,10,5,15,0,21.2,B,Moderate-Low,0.015,0.55,14.23,0.0082
LN01576,Auto,Refinance,2020-07-05,2024-06-14,22000,48,8.05,537.6,1100.0,0.05,617,0.3976,1.0861,82319,Employed,1.5,TX,,Vehicle,Current,0,48,,No,75,35,70,25,0,44.2,C,Moderate,0.04,0.55,24.2,0.022
LN01577,Auto,New Vehicle,2021-03-30,2025-03-09,9500,48,8.49,234.11,1385.1,0.1458,675,0.2719,1.0783,37430,Employed,3.0,NJ,,Vehicle,Current,0,41,,No,35,10,70,15,0,25.0,B,Moderate-Low,0.015,0.55,11.43,0.0083
LN01578,Auto,Used Vehicle,2021-09-15,2024-08-30,51000,36,7.91,1596.04,2550.0,0.05,723,0.4247,0.9444,70437,Employed,13.5,NY,,Vehicle,Current,0,36,,No,20,35,50,0,0,22.2,B,Moderate-Low,0.015,0.55,21.04,0.0083
LN01579,Auto,New Vehicle,2021-05-20,2027-04-19,68000,72,6.54,1144.37,30219.2,0.4444,769,0.2532,0.8814,114666,Retired,1.7,NJ,,Vehicle,Current,0,40,,No,10,10,30,35,0,13.5,A,Low Risk,0.005,0.55,83.1,0.0027
LN01580,Auto,Used Vehicle,2020-04-16,2023-04-01,29500,36,7.06,911.68,1475.0,0.05,717,0.352,0.7758,130786,Employed,0.5,NJ,,Vehicle,Current,0,36,,No,20,20,15,25,0,15.8,B,Moderate-Low,0.015,0.55,12.17,0.0083
LN01581,Auto,Used Vehicle,2022-06-01,2025-05-16,59500,36,9.51,1906.24,14875.0,0.25,602,0.2381,0.9453,152562,Employed,0.7,PA,,Vehicle,Current,0,27,,No,75,10,50,25,0,35.0,C,Moderate,0.04,0.55,327.25,0.022
LN01582,Auto,New Vehicle,2021-09-15,2026-08-20,41000,60,8.91,849.3,16400.0,0.4,594,0.3387,0.9524,115318,Employed,2.2,NY,,Vehicle,Current,0,36,,No,75,20,50,15,0,36.5,C,Moderate,0.04,0.55,360.8,0.022
LN01583,Auto,Refinance,2022-01-08,2026-12-13,34500,60,9.01,716.33,16101.15,0.4667,659,0.3934,0.8687,67193,Self-Employed,3.8,VA,,Vehicle,Current,0,32,,No,55,35,30,40,0,33.8,C,Moderate,0.04,0.55,354.23,0.022
LN01584,Auto,Used Vehicle,2023-08-24,2027-08-03,18500,48,6.39,437.79,13875.0,0.75,850,0.2284,0.9197,80356,Employed,12.4,NC,,Vehicle,Current,0,12,,No,0,10,50,0,0,10.0,A,Low Risk,0.005,0.55,38.16,0.0028
LN01585,Auto,Refinance,2020-09-24,2023-09-09,75500,36,9.19,2407.56,3775.0,0.05,601,0.3971,1.0304,62170,Employed,0.5,WI,,Vehicle,Current,0,36,,No,75,35,70,25,0,44.2,C,Moderate,0.04,0.55,83.05,0.022
LN01586,Auto,New Vehicle,2023-12-14,2027-11-23,31500,48,8.08,770.19,26248.95,0.8333,662,0.08,0.6852,79964,Retired,2.6,MA,,Vehicle,Current,0,8,,No,35,0,5,25,0,13.8,A,Low Risk,0.005,0.55,72.18,0.0027
LN01587,Auto,New Vehicle,2024-01-25,2028-12-29,13500,60,6.33,263.07,11924.55,0.8833,765,0.4009,0.6471,96204,Contract,2.3,TN,,Vehicle,Current,0,7,,No,10,35,5,35,0,16.0,B,Moderate-Low,0.015,0.55,98.38,0.0083
LN01588,Auto,Refinance,2020-09-18,2023-09-03,43000,36,8.94,1366.19,2150.0,0.05,664,0.1876,0.7481,111839,Employed,5.9,OH,,Vehicle,Current,0,36,,No,35,0,15,5,0,13.2,A,Low Risk,0.005,0.55,5.91,0.0027
LN01589,Auto,New Vehicle,2022-01-19,2026-12-24,15500,60,8.5,318.01,8008.85,0.5167,640,0.4512,0.6768,68834,Retired,8.7,NY,,Vehicle,Delinquent,2,29,,No,55,55,5,15,55,43.5,C,Moderate,0.04,0.55,176.19,0.022
LN01590,Auto,New Vehicle,2022-12-08,2028-11-06,67000,72,7.46,1157.14,47456.1,0.7083,726,0.4167,1.0066,169163,Self-Employed,6.2,IN,,Vehicle,Current,0,21,,No,20,35,70,30,0,28.2,B,Moderate-Low,0.015,0.55,391.51,0.0082
LN01591,Auto,New Vehicle,2021-08-16,2025-07-26,37500,48,6.78,894.16,8595.0,0.2292,772,0.3858,0.6402,68625,Contract,1.0,TX,,Vehicle,Current,0,37,,No,10,35,5,45,0,17.0,B,Moderate-Low,0.015,0.55,70.91,0.0083
LN01592,Auto,New Vehicle,2022-10-10,2028-09-08,48000,72,6.89,815.82,32668.8,0.6806,684,0.4083,0.8589,31863,Retired,0.5,MO,,Vehicle,Current,0,23,,No,35,35,30,35,0,27.2,B,Moderate-Low,0.015,0.55,269.52,0.0083
LN01593,Auto,Used Vehicle,2024-03-17,2030-02-14,79500,72,7.6,1378.42,73982.7,0.9306,712,0.3533,1.0695,54470,Employed,1.9,IN,,Vehicle,Current,0,5,,No,20,20,70,25,0,24.0,B,Moderate-Low,0.015,0.55,610.36,0.0083
LN01594,Auto,Refinance,2021-02-27,2026-02-01,73500,60,9.16,1531.45,22050.0,0.3,591,0.3579,0.9793,74591,Employed,0.6,PA,,Vehicle,Current,0,42,,No,75,20,50,25,0,37.5,C,Moderate,0.04,0.55,485.1,0.022
LN01595,Auto,Refinance,2024-06-07,2027-05-23,19500,36,6.72,599.61,18415.8,0.9444,787,0.3508,0.8158,70284,Employed,10.6,IN,,Vehicle,Current,0,2,,No,0,20,30,0,0,9.5,A,Low Risk,0.005,0.55,50.64,0.0027
LN01596,Auto,Refinance,2021-03-27,2026-03-01,81000,60,7.04,1605.43,25652.7,0.3167,786,0.2649,1.0491,69439,Self-Employed,2.2,MI,,Vehicle,Current,0,41,,No,0,10,70,40,0,17.0,B,Moderate-Low,0.015,0.55,211.63,0.0082
LN01597,Auto,Used Vehicle,2021-04-03,2025-03-13,22500,48,9.77,568.18,3280.5,0.1458,500,0.3132,0.6935,73321,Employed,4.0,TX,,Vehicle,Current,0,41,,No,100,20,5,15,0,37.2,C,Moderate,0.04,0.55,72.17,0.022
LN01598,Auto,New Vehicle,2021-07-22,2025-07-01,61000,48,7.97,1488.33,13981.2,0.2292,713,0.3603,0.8247,144799,Employed,7.0,IL,,Vehicle,Current,0,37,,No,20,35,30,5,0,19.8,B,Moderate-Low,0.015,0.55,115.34,0.0082
LN01599,Auto,Used Vehicle,2022-12-30,2026-12-09,70500,48,8.88,1750.38,42596.1,0.6042,636,0.3989,0.8506,108199,Employed,7.3,VA,,Vehicle,Late,1,19,,No,55,35,30,5,30,36.2,C,Moderate,0.04,0.55,937.11,0.022
LN01600,Auto,New Vehicle,2023-12-15,2026-11-29,19000,36,7.41,590.23,14778.2,0.7778,721,0.5082,0.7022,44792,Employed,1.6,MO,,Vehicle,Current,0,8,,No,20,80,15,25,0,30.8,C,Moderate,0.04,0.55,325.12,0.022
LN01601,Auto,New Vehicle,2021-10-26,2026-09-30,67500,60,9.18,1407.09,29247.75,0.4333,650,0.2786,0.6633,36941,Employed,0.5,TX,,Vehicle,Current,0,34,,No,55,10,5,25,0,22.2,B,Moderate-Low,0.015,0.55,241.29,0.0082
LN01602,Auto,New Vehicle,2024-02-05,2028-01-15,30500,48,6.37,721.48,26687.5,0.875,778,0.1924,0.669,182968,Employed,0.9,NC,,Vehicle,Current,0,6,,No,10,0,5,25,0,6.2,A,Low Risk,0.005,0.55,73.39,0.0027
LN01603,Auto,Refinance,2023-09-01,2029-07-31,36500,72,8.21,643.71,30415.45,0.8333,667,0.358,0.7623,58484,Retired,1.2,NC,,Vehicle,Current,0,12,,No,35,20,15,35,0,21.2,B,Moderate-Low,0.015,0.55,250.93,0.0083
LN01604,Auto,Refinance,2021-03-27,2027-02-24,17500,72,7.7,304.27,7535.5,0.4306,671,0.301,0.7358,41571,Employed,2.6,NJ,,Vehicle,Current,0,41,,No,35,20,15,15,0,19.2,B,Moderate-Low,0.015,0.55,62.17,0.0083
LN01605,Auto,Used Vehicle,2022-07-02,2026-06-11,13500,48,8.23,331.03,6187.05,0.4583,678,0.4124,1.0946,47418,Self-Employed,8.8,GA,,Vehicle,Current,0,26,,No,35,35,70,30,0,32.8,C,Moderate,0.04,0.55,136.12,0.022
LN01606,Auto,Used Vehicle,2022-09-08,2026-08-18,79000,48,8.23,1937.16,39500.0,0.5,718,0.349,1.0219,103295,Employed,6.7,FL,,Vehicle,Current,0,24,,No,20,20,70,5,0,22.0,B,Moderate-Low,0.015,0.55,325.88,0.0083
LN01607,Auto,Refinance,2021-01-21,2024-12-31,71500,48,7.62,1732.8,7450.3,0.1042,700,0.2748,1.0073,102521,Employed,6.2,MD,,Vehicle,Current,0,43,,No,20,10,70,5,0,19.5,B,Moderate-Low,0.015,0.55,61.46,0.0082
LN01608,Auto,New Vehicle,2020-02-13,2025-01-17,46500,60,8.91,963.23,3873.45,0.0833,583,0.3636,1.0634,44926,Employed,0.5,MI,,Vehicle,Current,0,55,,No,75,35,70,25,0,44.2,C,Moderate,0.04,0.55,85.22,0.022
LN01609,Auto,New Vehicle,2020-05-22,2024-05-01,11000,48,8.0,268.54,550.0,0.05,684,0.3011,1.0031,56515,Employed,3.5,IL,,Vehicle,Current,0,48,,No,35,20,70,15,0,27.5,B,Moderate-Low,0.015,0.55,4.54,0.0083
LN01610,Auto,New Vehicle,2020-07-24,2026-06-23,55000,72,6.9,935.06,16808.0,0.3056,793,0.226,0.9671,82951,Employed,5.8,IN,,Vehicle,Current,0,50,,No,0,10,50,5,0,10.5,A,Low Risk,0.005,0.55,46.22,0.0027
LN01611,Auto,New Vehicle,2022-02-25,2028-01-25,37000,72,7.99,648.55,21582.1,0.5833,694,0.2845,0.9535,100112,Employed,0.5,CA,,Vehicle,Current,0,30,,No,35,20,50,25,0,25.5,B,Moderate-Low,0.015,0.55,178.05,0.0082
LN01612,Auto,Refinance,2021-05-23,2025-05-02,63000,48,8.96,1566.56,11812.5,0.1875,625,0.3247,0.9276,76783,Employed,2.5,FL,,Vehicle,Current,0,39,,No,55,20,50,15,0,30.5,C,Moderate,0.04,0.55,259.88,0.022
LN01613,Auto,Used Vehicle,2024-06-09,2027-05-25,34500,36,8.51,1089.24,32581.8,0.9444,632,0.3615,1.047,29792,Employed,4.1,NY,,Vehicle,Current,0,2,,No,55,35,70,15,0,37.2,C,Moderate,0.04,0.55,716.8,0.022
LN01614,Auto,Used Vehicle,2020-10-12,2024-09-21,36500,48,7.39,880.66,1825.0,0.05,733,0.375,0.6975,75233,Self-Employed,0.7,TN,,Vehicle,Current,0,47,,No,20,35,5,50,0,20.5,B,Moderate-Low,0.015,0.55,15.06,0.0083
LN01615,Auto,New Vehicle,2021-11-10,2026-10-15,53000,60,7.05,1050.71,22964.9,0.4333,753,0.384,1.0445,106793,Employed,30.1,TN,,Vehicle,Current,0,34,,No,10,35,70,0,0,22.2,B,Moderate-Low,0.015,0.55,189.46,0.0082
LN01616,Auto,Used Vehicle,2020-02-13,2023-01-28,14000,36,7.18,433.43,700.0,0.05,729,0.2702,0.6068,25000,Employed,3.2,TX,,Vehicle,Current,0,36,,No,20,10,5,15,0,10.8,A,Low Risk,0.005,0.55,1.93,0.0028
LN01617,Auto,New Vehicle,2020-10-17,2026-09-16,74500,72,7.63,1292.81,25866.4,0.3472,678,0.2887,0.7095,51113,Retired,0.5,CA,,Vehicle,Current,0,47,,No,35,20,15,35,0,21.2,B,Moderate-Low,0.015,0.55,213.4,0.0083
LN01618,Auto,Used Vehicle,2022-02-28,2028-01-28,34500,72,9.23,625.83,20123.85,0.5833,632,0.3173,0.9743,156423,Employed,14.0,IL,,Vehicle,Current,0,30,,No,55,20,50,0,0,29.0,B,Moderate-Low,0.015,0.55,166.02,0.0082
LN01619,Auto,New Vehicle,2023-11-07,2029-10-06,76000,72,7.69,1321.05,66500.0,0.875,692,0.3363,1.0662,53044,Employed,6.0,NY,,Vehicle,Current,0,9,,No,35,20,70,5,0,26.5,B,Moderate-Low,0.015,0.55,548.62,0.0082
LN01620,Auto,Used Vehicle,2021-07-31,2024-07-15,46000,36,7.99,1441.26,2300.0,0.05,672,0.2479,1.0781,61635,Employed,3.4,VA,,Vehicle,Current,0,36,,No,35,10,70,15,0,25.0,B,Moderate-Low,0.015,0.55,18.98,0.0083
LN01621,Auto,New Vehicle,2020-06-22,2025-05-27,38500,60,8.15,783.41,5775.0,0.15,669,0.166,1.0132,87015,Employed,3.6,TX,,Vehicle,Current,0,51,,No,35,0,70,15,0,22.5,B,Moderate-Low,0.015,0.55,47.64,0.0082
LN01622,Auto,New Vehicle,2023-05-13,2028-04-16,67500,60,7.31,1346.48,50625.0,0.75,717,0.336,0.9058,73800,Self-Employed,1.6,PA,,Vehicle,Current,0,15,,No,20,20,50,50,0,23.5,B,Moderate-Low,0.015,0.55,417.66,0.0083
LN01623,Auto,Used Vehicle,2021-12-14,2026-11-18,22000,60,7.61,441.99,9900.0,0.45,660,0.4177,0.8083,110500,Employed,2.6,NY,,Vehicle,Current,0,33,,No,35,35,30,15,0,25.2,B,Moderate-Low,0.015,0.55,81.68,0.0083
LN01624,Auto,New Vehicle,2023-12-27,2028-11-30,31500,60,6.33,613.83,27301.05,0.8667,850,0.4834,0.9804,99186,Self-Employed,11.4,FL,,Vehicle,Current,0,8,,No,0,55,50,25,0,23.8,B,Moderate-Low,0.015,0.55,225.23,0.0082
LN01625,Auto,New Vehicle,2020-10-29,2025-10-03,58500,60,8.39,1197.12,15601.95,0.2667,646,0.6047,0.9607,34372,Self-Employed,0.5,TN,,Vehicle,Delinquent,2,44,,No,55,80,50,50,55,60.0,D,High,0.1,0.55,858.11,0.055
LN01626,Auto,New Vehicle,2020-10-23,2025-09-27,83500,60,6.7,1641.61,19480.55,0.2333,786,0.2406,0.9857,68715,Employed,3.2,FL,,Vehicle,Current,0,46,,No,0,10,50,15,0,11.5,A,Low Risk,0.005,0.55,53.57,0.0027
LN01627,Auto,Used Vehicle,2021-12-23,2027-11-22,83500,72,6.39,1399.26,46392.6,0.5556,777,0.2319,0.6703,77169,Employed,1.5,NJ,,Vehicle,Current,0,32,,No,10,10,5,25,0,8.8,A,Low Risk,0.005,0.55,127.58,0.0028
LN01628,Auto,Refinance,2020-10-10,2025-09-14,68000,60,8.02,1379.45,14735.6,0.2167,645,0.1511,1.0913,72280,Employed,1.2,GA,,Vehicle,Current,0,47,,No,55,0,70,25,0,29.5,B,Moderate-Low,0.015,0.55,121.57,0.0083
LN01629,Auto,Used Vehicle,2022-12-26,2028-11-24,45000,72,9.18,815.18,32499.0,0.7222,628,0.3608,1.068,80036,Self-Employed,27.2,MO,,Vehicle,Current,0,20,,No,55,35,70,25,0,38.2,C,Moderate,0.04,0.55,714.98,0.022
LN01630,Auto,Refinance,2022-12-15,2028-11-13,67000,72,8.18,1180.62,48387.4,0.7222,654,0.3219,0.9894,52474,Self-Employed,6.0,MD,,Vehicle,Current,0,20,,No,55,20,50,30,0,32.0,C,Moderate,0.04,0.55,1064.52,0.022
LN01631,Auto,New Vehicle,2021-04-26,2024-04-10,60000,36,6.11,1828.31,3000.0,0.05,829,0.4192,0.868,77833,Employed,13.0,VA,,Vehicle,Current,0,36,,No,0,35,30,0,0,13.2,A,Low Risk,0.005,0.55,8.25,0.0028
LN01632,Auto,Used Vehicle,2020-09-30,2026-08-30,76000,72,9.15,1375.61,26387.2,0.3472,639,0.3389,0.7847,36414,Employed,13.2,NY,,Vehicle,Current,0,47,,No,55,20,15,0,0,23.8,B,Moderate-Low,0.015,0.55,217.69,0.0082
LN01633,Auto,Refinance,2021-08-26,2025-08-05,58500,48,6.38,1384.09,14625.0,0.25,788,0.2357,1.0396,25000,Employed,9.1,MA,,Vehicle,Current,0,36,,No,0,10,70,5,0,13.5,A,Low Risk,0.005,0.55,40.22,0.0028
LN01634,Auto,New Vehicle,2021-03-07,2025-02-14,29000,48,7.55,701.87,3625.0,0.125,734,0.2392,0.9496,45476,Employed,6.1,GA,,Vehicle,Current,0,42,,No,20,10,50,5,0,16.5,B,Moderate-Low,0.015,0.55,29.91,0.0083
LN01635,Auto,Used Vehicle,2022-02-12,2026-01-22,68500,48,7.08,1642.86,24262.7,0.3542,806,0.3826,1.0406,80298,Self-Employed,5.7,CA,,Vehicle,Current,0,31,,No,0,35,70,30,0,22.2,B,Moderate-Low,0.015,0.55,200.17,0.0083
LN01636,Auto,New Vehicle,2023-12-07,2026-11-21,36500,36,7.17,1129.85,28389.7,0.7778,703,0.3563,0.8379,139822,Self-Employed,10.9,NY,,Vehicle,Current,0,8,,No,20,20,30,25,0,18.0,B,Moderate-Low,0.015,0.55,234.22,0.0083
LN01637,Auto,New Vehicle,2020-03-02,2024-02-10,33000,48,7.07,791.3,1650.0,0.05,778,0.3685,0.6686,128976,Employed,4.6,IL,,Vehicle,Current,0,48,,No,10,35,5,15,0,14.0,A,Low Risk,0.005,0.55,4.54,0.0028
LN01638,Auto,Used Vehicle,2020-01-26,2023-01-10,46000,36,8.42,1450.4,2300.0,0.05,702,0.2437,0.6543,41296,Self-Employed,9.4,MD,,Vehicle,Current,0,36,,No,20,10,5,30,0,12.2,A,Low Risk,0.005,0.55,6.33,0.0028
LN01639,Auto,Used Vehicle,2022-08-20,2026-07-30,48000,48,7.31,1156.34,27000.0,0.5625,732,0.4162,0.9584,52154,Self-Employed,0.7,IN,,Vehicle,Delinquent,3,21,,No,20,35,50,50,75,42.2,C,Moderate,0.04,0.55,594.0,0.022
LN01640,Auto,Refinance,2024-01-19,2029-12-18,81000,72,8.12,1424.94,73126.8,0.9028,649,0.4388,1.0147,92435,Employed,1.3,NJ,,Vehicle,Current,0,7,,No,55,55,70,25,0,43.2,C,Moderate,0.04,0.55,1608.79,0.022
LN01641,Auto,Refinance,2020-08-15,2025-07-20,18000,60,7.05,356.85,3299.4,0.1833,731,0.2883,0.7018,125697,Employed,6.2,IL,,Vehicle,Current,0,49,,No,20,20,15,5,0,13.8,A,Low Risk,0.005,0.55,9.07,0.0027
LN01642,Auto,Used Vehicle,2022-10-27,2026-10-06,49500,48,6.35,1170.47,26814.15,0.5417,850,0.331,0.7345,139799,Employed,0.5,PA,,Vehicle,Current,0,22,,No,0,20,15,25,0,9.8,A,Low Risk,0.005,0.55,73.74,0.0028
LN01643,Auto,New Vehicle,2023-03-17,2028-02-19,49000,60,8.65,1008.86,35118.3,0.7167,645,0.1932,1.0663,68854,Employed,13.5,IN,,Vehicle,Current,0,17,,No,55,0,70,0,0,27.0,B,Moderate-Low,0.015,0.55,289.73,0.0083
LN01644,Auto,New Vehicle,2021-07-10,2025-06-19,35000,48,8.5,862.69,7290.5,0.2083,649,0.2771,1.0578,42664,Employed,11.5,FL,,Vehicle,Current,0,38,,No,55,10,70,0,0,29.5,B,Moderate-Low,0.015,0.55,60.15,0.0083
LN01645,Auto,Refinance,2023-06-21,2029-05-20,49500,72,6.97,843.21,40560.3,0.8194,739,0.3745,0.631,268670,Employed,13.1,WA,,Vehicle,Late,1,13,,No,20,35,5,0,30,21.5,B,Moderate-Low,0.015,0.55,334.62,0.0082
LN01646,Auto,Used Vehicle,2022-09-04,2028-08-03,70000,72,8.61,1248.28,46669.0,0.6667,663,0.3581,0.6567,114866,Self-Employed,3.4,NJ,,Vehicle,Current,0,24,,No,35,20,5,40,0,20.2,B,Moderate-Low,0.015,0.55,385.02,0.0083
LN01647,Auto,New Vehicle,2020-04-21,2024-03-31,48500,48,5.75,1133.47,2425.0,0.05,850,0.2709,0.8199,29363,Employed,8.9,VA,,Vehicle,Current,0,48,,No,0,10,30,5,0,7.5,A,Low Risk,0.005,0.55,6.67,0.0028
LN01648,Auto,Used Vehicle,2020-08-01,2023-07-17,9000,36,6.07,274.08,450.0,0.05,850,0.4082,1.0631,87919,Employed,2.6,FL,,Vehicle,Current,0,36,,No,0,35,70,15,0,20.8,B,Moderate-Low,0.015,0.55,3.71,0.0082
LN01649,Auto,New Vehicle,2021-07-31,2025-07-10,72000,48,6.41,1704.49,16502.4,0.2292,717,0.4584,0.7326,71988,Employed,0.5,PA,,Vehicle,Current,0,37,,No,20,55,15,25,0,24.5,B,Moderate-Low,0.015,0.55,136.14,0.0082
LN01650,Auto,New Vehicle,2024-03-29,2027-03-14,42000,36,7.28,1302.22,36166.2,0.8611,776,0.3509,0.9699,70796,Employed,4.6,MI,,Vehicle,Current,0,5,,No,10,20,50,15,0,17.0,B,Moderate-Low,0.015,0.55,298.37,0.0082
LN01651,Auto,Refinance,2021-07-05,2025-06-14,24000,48,10.28,611.93,4999.2,0.2083,530,0.4656,0.745,51792,Contract,1.2,FL,,Vehicle,Current,0,38,,No,100,55,15,45,0,50.5,D,High,0.1,0.55,274.96,0.055
LN01652,Auto,Used Vehicle,2020-04-03,2026-03-03,30000,72,6.23,500.45,7917.0,0.2639,806,0.3406,0.936,53411,Employed,21.2,TX,,Vehicle,Current,0,53,,No,0,20,50,0,0,12.5,A,Low Risk,0.005,0.55,21.77,0.0027
LN01653,Auto,Refinance,2024-03-19,2029-02-21,53000,60,8.02,1075.16,48585.1,0.9167,682,0.2105,0.8234,31517,Contract,2.7,MI,,Vehicle,Current,0,5,,No,35,10,30,35,0,21.0,B,Moderate-Low,0.015,0.55,400.83,0.0083
LN01654,Auto,New Vehicle,2024-03-19,2029-02-21,38000,60,7.52,761.8,34834.6,0.9167,691,0.2508,0.8538,60927,Self-Employed,7.1,WA,,Vehicle,Current,0,5,,No,35,10,30,30,0,20.5,B,Moderate-Low,0.015,0.55,287.39,0.0083
LN01655,Auto,New Vehicle,2022-04-14,2027-03-19,70000,60,5.74,1344.85,36169.0,0.5167,778,0.4232,0.9508,94229,Employed,3.4,IN,,Vehicle,Current,0,29,,No,10,35,50,15,0,20.8,B,Moderate-Low,0.015,0.55,298.39,0.0082
LN01656,Auto,New Vehicle,2022-09-03,2028-08-02,25000,72,6.18,416.45,16667.5,0.6667,801,0.2925,0.7152,57839,Retired,5.2,MD,,Vehicle,Current,0,24,,No,0,20,15,15,0,8.8,A,Low Risk,0.005,0.55,45.84,0.0028
LN01657,Auto,Refinance,2020-11-06,2024-10-16,72000,48,8.0,1757.73,3600.0,0.05,735,0.2037,0.9746,100111,Employed,1.3,MA,,Vehicle,Current,0,46,,No,20,10,50,25,0,18.5,B,Moderate-Low,0.015,0.55,29.7,0.0082
LN01658,Auto,New Vehicle,2021-03-17,2025-02-24,53000,48,6.93,1267.43,6625.0,0.125,774,0.4945,0.7423,69612,Self-Employed,5.1,IL,,Vehicle,Current,0,42,,No,10,55,15,30,0,22.0,B,Moderate-Low,0.015,0.55,54.66,0.0083
LN01659,Auto,Used Vehicle,2024-05-27,2030-04-26,17500,72,8.29,309.32,16770.25,0.9583,717,0.2699,0.6971,50640,Employed,3.2,IL,,Vehicle,Current,0,3,,No,20,10,5,15,0,10.8,A,Low Risk,0.005,0.55,46.12,0.0028
LN01660,Auto,Refinance,2023-12-30,2026-12-14,9500,36,7.18,294.11,7389.1,0.7778,797,0.3754,0.9431,51645,Employed,0.5,WA,,Vehicle,Current,0,8,,No,0,35,50,25,0,18.8,B,Moderate-Low,0.015,0.55,60.96,0.0082
LN01661,Auto,New Vehicle,2023-03-07,2027-02-14,40000,48,9.35,1002.06,25000.0,0.625,652,0.2589,0.8187,95416,Employed,0.5,TN,,Vehicle,Current,0,18,,No,55,10,30,25,0,26.0,B,Moderate-Low,0.015,0.55,206.25,0.0082
LN01662,Auto,Used Vehicle,2023-01-25,2027-12-30,8500,60,8.29,173.53,5808.05,0.6833,664,0.2426,0.6686,194166,Employed,1.0,FL,,Vehicle,Current,0,19,,No,35,10,5,25,0,16.2,B,Moderate-Low,0.015,0.55,47.92,0.0083
LN01663,Auto,Refinance,2021-08-28,2025-08-07,10500,48,5.93,246.26,2625.0,0.25,755,0.3689,0.7288,99160,Employed,4.7,PA,,Vehicle,Current,0,36,,No,10,35,15,15,0,15.5,B,Moderate-Low,0.015,0.55,21.66,0.0083
LN01664,Auto,Used Vehicle,2020-07-01,2025-06-05,68000,60,7.24,1354.19,11335.6,0.1667,738,0.2623,0.968,152855,Employed,4.3,FL,,Vehicle,Current,0,50,,No,20,10,50,15,0,17.5,B,Moderate-Low,0.015,0.55,93.52,0.0083
LN01665,Auto,New Vehicle,2021-06-08,2027-05-08,47000,72,7.88,821.31,21540.1,0.4583,721,0.3428,1.0679,82555,Self-Employed,3.7,MA,,Vehicle,Current,0,39,,No,20,20,70,40,0,25.5,B,Moderate-Low,0.015,0.55,177.71,0.0083
LN01666,Auto,Used Vehicle,2020-03-22,2026-02-19,51000,72,7.67,886.0,12750.0,0.25,675,0.3406,0.6358,43505,Retired,17.2,VA,,Vehicle,Current,0,54,,No,35,20,5,10,0,17.2,B,Moderate-Low,0.015,0.55,105.19,0.0083
LN01667,Auto,Refinance,2022-06-21,2026-05-31,45000,48,7.14,1080.51,20623.5,0.4583,733,0.4409,0.6622,92368,Employed,2.5,VA,,Vehicle,Current,0,26,,No,20,55,5,15,0,22.0,B,Moderate-Low,0.015,0.55,170.14,0.0082
LN01668,Auto,Used Vehicle,2020-06-19,2025-05-24,51500,60,7.82,1039.8,7725.0,0.15,684,0.1926,0.992,53862,Employed,2.4,AZ,,Vehicle,Current,0,51,,No,35,0,50,15,0,19.5,B,Moderate-Low,0.015,0.55,63.73,0.0082
LN01669,Auto,Refinance,2024-02-26,2027-02-10,46500,36,7.08,1437.49,38748.45,0.8333,810,0.2082,1.0388,102712,Self-Employed,0.7,GA,,Vehicle,Current,0,6,,No,0,10,70,50,0,18.0,B,Moderate-Low,0.015,0.55,319.67,0.0082
LN01670,Auto,Refinance,2020-08-03,2024-07-13,39500,48,6.43,935.47,1975.0,0.05,789,0.1842,1.0999,55501,Employed,4.1,MI,,Vehicle,Current,0,48,,No,0,0,70,15,0,12.0,A,Low Risk,0.005,0.55,5.43,0.0027
LN01671,Auto,Refinance,2021-04-01,2024-03-16,49500,36,8.16,1554.81,2475.0,0.05,651,0.3472,0.9477,58585,Retired,8.1,WA,,Vehicle,Current,0,36,,No,55,20,50,15,0,30.5,C,Moderate,0.04,0.55,54.45,0.022
LN01672,Auto,Used Vehicle,2022-08-12,2027-07-17,69000,60,9.28,1441.72,40247.7,0.5833,629,0.3199,0.9339,39119,Employed,11.6,MA,,Vehicle,Current,0,25,,No,55,20,50,0,0,29.0,B,Moderate-Low,0.015,0.55,332.04,0.0082
LN01673,Auto,Used Vehicle,2021-01-04,2023-12-20,66000,36,7.25,2045.44,3300.0,0.05,699,0.2949,0.6889,101839,Retired,0.5,NY,,Vehicle,Current,0,36,,No,35,20,5,35,0,19.8,B,Moderate-Low,0.015,0.55,27.22,0.0082
LN01674,Auto,Refinance,2022-04-02,2026-03-12,51000,48,8.93,1267.44,22312.5,0.4375,606,0.4784,0.6928,110300,Employed,1.5,NJ,,Vehicle,Delinquent,2,27,,No,75,55,5,25,55,50.5,D,High,0.1,0.55,1227.19,0.055
LN01675,Auto,Used Vehicle,2023-12-09,2027-11-18,13000,48,7.54,314.57,10832.9,0.8333,722,0.2218,1.0922,32798,Employed,3.8,TN,,Vehicle,Current,0,8,,No,20,10,70,15,0,20.5,B,Moderate-Low,0.015,0.55,89.37,0.0082
LN01676,Auto,Used Vehicle,2022-08-20,2026-07-30,28500,48,5.85,667.37,14250.0,0.5,830,0.379,0.6419,77053,Employed,8.9,IL,,Vehicle,Current,0,24,,No,0,35,5,5,0,10.0,A,Low Risk,0.005,0.55,39.19,0.0028
LN01677,Auto,Used Vehicle,2020-05-07,2026-04-06,57500,72,6.91,977.83,15973.5,0.2778,767,0.1521,0.6206,37987,Self-Employed,15.1,VA,,Vehicle,Current,0,52,,No,10,0,5,25,0,6.2,A,Low Risk,0.005,0.55,43.93,0.0028
LN01678,Auto,Refinance,2021-03-09,2024-02-22,74500,36,5.89,2262.72,3725.0,0.05,782,0.2888,0.8673,91006,Contract,0.5,CA,,Vehicle,Current,0,36,,No,0,20,30,45,0,14.0,A,Low Risk,0.005,0.55,10.24,0.0027
LN01679,Auto,New Vehicle,2021-05-31,2026-05-05,19000,60,8.2,387.07,6650.0,0.35,721,0.3872,0.7775,44017,Employed,4.1,PA,,Vehicle,Current,0,39,,No,20,35,15,15,0,18.5,B,Moderate-Low,0.015,0.55,54.86,0.0082
LN01680,Auto,Used Vehicle,2020-06-16,2026-05-16,18500,72,7.54,320.23,5396.45,0.2917,715,0.4718,0.7182,91687,Retired,3.5,MI,,Vehicle,Current,0,51,,No,20,55,15,25,0,24.5,B,Moderate-Low,0.015,0.55,44.52,0.0082
LN01681,Auto,New Vehicle,2023-10-03,2027-09-12,10000,48,7.85,243.43,7708.0,0.7708,675,0.3639,0.6704,62777,Employed,17.4,NC,,Vehicle,Current,0,11,,No,35,35,5,0,0,20.0,B,Moderate-Low,0.015,0.55,63.59,0.0082
LN01682,Auto,Used Vehicle,2021-12-01,2027-10-31,11000,72,8.52,195.67,5958.7,0.5417,665,0.3438,0.6384,76128,Employed,3.0,MI,,Vehicle,Current,0,33,,No,35,20,5,15,0,17.8,B,Moderate-Low,0.015,0.55,49.16,0.0083
LN01683,Auto,New Vehicle,2022-08-31,2028-07-30,26500,72,8.13,466.31,17667.55,0.6667,663,0.2677,1.0037,201910,Self-Employed,0.9,MO,,Vehicle,Current,0,24,,No,35,10,70,50,0,28.5,B,Moderate-Low,0.015,0.55,145.76,0.0083
LN01684,Auto,New Vehicle,2023-11-20,2028-10-24,43000,60,8.97,891.98,36550.0,0.85,561,0.3971,0.8964,122833,Employed,4.1,MD,,Vehicle,Current,0,9,,No,100,35,30,15,0,44.8,C,Moderate,0.04,0.55,804.1,0.022
LN01685,Auto,Used Vehicle,2024-01-20,2027-01-04,22000,36,7.42,683.53,17723.2,0.8056,730,0.2817,1.0331,29620,Employed,12.9,MD,,Vehicle,Current,0,7,,No,20,20,70,0,0,21.5,B,Moderate-Low,0.015,0.55,146.22,0.0083
LN01686,Auto,Used Vehicle,2020-11-04,2023-10-20,66500,36,8.16,2088.78,3325.0,0.05,679,0.2515,1.0517,51081,Retired,0.5,MA,,Vehicle,Current,0,36,,No,35,10,70,35,0,27.0,B,Moderate-Low,0.015,0.55,27.43,0.0082
LN01687,Auto,Refinance,2024-06-10,2027-05-26,12000,36,7.53,373.44,11332.8,0.9444,733,0.3938,0.8845,57029,Employed,0.5,AZ,,Vehicle,Current,0,2,,No,20,35,30,25,0,21.8,B,Moderate-Low,0.015,0.55,93.5,0.0083
LN01688,Auto,Refinance,2020-09-14,2026-08-14,57000,72,5.67,935.8,18998.1,0.3333,850,0.2811,1.029,85018,Employed,2.5,MA,,Vehicle,Current,0,48,,No,0,20,70,15,0,17.0,B,Moderate-Low,0.015,0.55,156.73,0.0082
LN01689,Auto,Refinance,2021-03-23,2024-03-07,62500,36,8.04,1959.68,3125.0,0.05,661,0.4041,0.9558,83332,Employed,3.3,OH,,Vehicle,Current,0,36,,No,35,35,50,15,0,28.2,B,Moderate-Low,0.015,0.55,25.78,0.0082
LN01690,Auto,New Vehicle,2021-03-18,2027-02-15,81000,72,7.23,1389.93,33752.7,0.4167,763,0.398,0.852,108590,Employed,6.8,VA,,Vehicle,Current,0,42,,No,10,35,30,5,0,16.8,B,Moderate-Low,0.015,0.55,278.46,0.0083
LN01691,Auto,Used Vehicle,2022-01-15,2026-12-20,41500,60,6.92,820.18,19368.05,0.4667,733,0.2707,0.8247,35402,Employed,4.1,CA,,Vehicle,Current,0,32,,No,20,10,30,15,0,14.5,A,Low Risk,0.005,0.55,53.26,0.0027
LN01692,Auto,Used Vehicle,2023-08-21,2029-07-20,21000,72,8.83,376.77,17499.3,0.8333,627,0.4535,0.9746,57212,Employed,2.2,MA,,Vehicle,Current,0,12,,No,55,55,50,15,0,39.2,C,Moderate,0.04,0.55,384.98,0.022
LN01693,Auto,New Vehicle,2022-12-07,2028-11-05,48000,72,7.51,830.16,33998.4,0.7083,691,0.2429,0.6588,74517,Employed,1.2,NJ,,Vehicle,Current,0,21,,No,35,10,5,25,0,16.2,B,Moderate-Low,0.015,0.55,280.49,0.0083
LN01694,Auto,New Vehicle,2022-02-03,2028-01-03,24000,72,6.78,406.65,13665.6,0.5694,695,0.3697,1.0896,158268,Employed,0.5,PA,,Vehicle,Current,0,31,,No,35,35,70,25,0,32.2,C,Moderate,0.04,0.55,300.64,0.022
LN01695,Auto,Refinance,2021-08-06,2027-07-06,70500,72,8.25,1244.72,34270.05,0.4861,617,0.2902,0.7011,48723,Employed,4.7,AZ,,Vehicle,Current,0,37,,No,75,20,15,15,0,31.2,C,Moderate,0.04,0.55,753.94,0.022
LN01696,Auto,Refinance,2020-07-31,2023-07-16,45500,36,7.49,1415.12,2275.0,0.05,716,0.2313,0.9978,223794,Employed,8.7,FL,,Vehicle,Current,0,36,,No,20,10,50,5,0,16.5,B,Moderate-Low,0.015,0.55,18.77,0.0083
LN01697,Auto,New Vehicle,2022-10-13,2025-09-27,74000,36,8.54,2337.37,34942.8,0.4722,695,0.5425,0.7202,114077,Retired,3.1,WI,,Vehicle,Delinquent,3,19,,No,35,80,15,25,75,50.2,D,High,0.1,0.55,1921.85,0.055
LN01698,Auto,New Vehicle,2023-09-29,2026-09-13,78500,36,7.82,2453.39,54510.4,0.6944,659,0.377,0.6518,45547,Retired,3.7,MI,,Vehicle,Current,0,11,,No,55,35,5,25,0,28.5,B,Moderate-Low,0.015,0.55,449.71,0.0082
LN01699,Auto,Used Vehicle,2023-02-03,2029-01-02,84500,72,6.85,1434.56,62200.45,0.7361,778,0.3079,0.8368,28581,Employed,18.6,WA,,Vehicle,Current,0,19,,No,10,20,30,0,0,12.5,A,Low Risk,0.005,0.55,171.05,0.0027
LN01700,Auto,Refinance,2024-06-13,2029-05-18,69500,60,8.57,1428.24,67185.65,0.9667,662,0.2918,0.6166,59647,Employed,4.4,MA,,Vehicle,Current,0,2,,No,35,20,5,15,0,17.8,B,Moderate-Low,0.015,0.55,554.28,0.0082
LN01701,SMB,Expansion,2022-02-06,2023-02-01,396500,12,9.75,34812.56,19825.0,0.05,736,0.3876,,173429,Employed,9.7,GA,Manufacturing,Real Estate,Current,0,12,,No,20,35,15,5,0,17.5,B,Moderate-Low,0.015,0.6,178.42,0.009
LN01702,SMB,Inventory,2023-10-10,2028-09-13,327000,60,10.34,7002.62,272489.1,0.8333,762,0.2448,,360325,Employed,1.2,GA,Technology,Business Assets,Current,0,10,,No,10,10,15,25,0,10.2,A,Low Risk,0.005,0.6,817.47,0.003
LN01703,SMB,Real Estate,2020-11-10,2021-11-05,203000,12,10.05,17851.65,10150.0,0.05,680,0.4442,,255952,Self-Employed,3.1,VA,Real Estate,Real Estate,Current,0,12,,No,35,55,15,40,0,30.5,C,Moderate,0.04,0.6,243.6,0.024
LN01704,SMB,Inventory,2023-03-17,2025-03-06,279500,24,10.26,12931.07,81530.15,0.2917,714,0.3299,,252497,Employed,7.1,AZ,Transportation,Equipment,Current,0,17,,No,20,20,15,5,0,13.8,A,Low Risk,0.005,0.6,244.59,0.003
LN01705,SMB,Inventory,2020-04-15,2025-03-20,179500,60,9.75,3791.8,20947.65,0.1167,766,0.4208,,203261,Employed,13.8,MD,Education,Equipment,Current,0,53,,Yes,10,35,15,0,0,14.0,A,Low Risk,0.005,0.6,62.84,0.003
LN01706,SMB,Working Capital,2022-11-25,2025-11-09,133000,36,11.57,4390.24,55421.1,0.4167,587,0.344,,500000,Employed,6.4,PA,Hospitality,Equipment,Current,0,21,,Yes,75,20,15,5,0,30.2,C,Moderate,0.04,0.6,1330.11,0.024
LN01707,SMB,Expansion,2023-07-17,2024-07-11,35000,12,9.49,3068.76,1750.0,0.05,740,0.364,,295692,Self-Employed,8.5,MD,Real Estate,Equipment,Current,0,12,,No,10,35,15,30,0,17.0,B,Moderate-Low,0.015,0.6,15.75,0.009
LN01708,SMB,Working Capital,2020-07-09,2022-06-29,331000,24,8.99,15120.13,16550.0,0.05,742,0.3597,,436142,Employed,22.4,FL,Technology,Equipment,Current,0,24,,No,10,20,15,0,0,10.2,A,Low Risk,0.005,0.6,49.65,0.003
LN01709,SMB,Working Capital,2023-12-20,2030-11-13,40500,84,8.76,646.69,36644.4,0.9048,815,0.4327,,414828,Retired,3.8,MO,Technology,Unsecured,Current,0,8,,Yes,0,55,15,25,0,18.5,B,Moderate-Low,0.015,0.6,329.8,0.009
LN01710,SMB,Equipment,2022-07-18,2024-07-07,212500,24,11.16,9919.96,10625.0,0.05,629,0.4059,,500000,Employed,1.6,VA,Retail,Real Estate,Current,0,24,,No,55,35,15,25,0,30.0,C,Moderate,0.04,0.6,255.0,0.024
LN01711,SMB,Working Capital,2021-05-17,2028-04-10,206000,84,10.32,3454.0,107902.8,0.5238,689,0.3921,,222565,Self-Employed,5.5,WA,Healthcare,Real Estate,Current,0,40,,No,35,35,15,30,0,24.5,B,Moderate-Low,0.015,0.6,971.13,0.009
LN01712,SMB,Real Estate,2023-07-08,2025-06-27,26500,24,12.14,1249.18,11042.55,0.4167,567,0.3342,,154636,Employed,1.2,CA,Healthcare,Business Assets,Current,0,14,,No,100,20,15,25,0,39.8,C,Moderate,0.04,0.6,265.02,0.024
LN01713,SMB,Expansion,2023-05-05,2028-04-08,424500,60,10.22,9065.39,311285.85,0.7333,679,0.3487,,500000,Employed,10.6,NY,Finance,Real Estate,Current,0,16,,Yes,35,20,15,0,0,17.8,B,Moderate-Low,0.015,0.6,2801.57,0.009
LN01714,SMB,Equipment,2020-06-07,2021-06-02,134500,12,10.71,11869.15,6725.0,0.05,665,0.3541,,413162,Self-Employed,3.8,TN,Healthcare,Unsecured,Current,0,12,,No,35,20,15,40,0,21.8,B,Moderate-Low,0.015,0.6,60.52,0.009
LN01715,SMB,Inventory,2024-06-17,2029-05-22,462000,60,9.72,9752.61,446615.4,0.9667,711,0.4098,,223275,Employed,2.7,CA,Retail,Business Assets,Current,0,2,,No,20,35,15,15,0,18.5,B,Moderate-Low,0.015,0.6,4019.54,0.009
LN01716,SMB,Inventory,2022-02-07,2027-01-12,426000,60,8.62,8764.7,205885.8,0.4833,836,0.2474,,323820,Employed,16.2,NJ,Finance,Equipment,Current,0,31,,Yes,0,10,15,0,0,4.8,A,Low Risk,0.005,0.6,617.66,0.003
LN01717,SMB,Real Estate,2020-01-21,2023-01-05,380000,36,10.6,12368.85,19000.0,0.05,621,0.2506,,486035,Self-Employed,12.9,PA,Healthcare,Business Assets,Current,0,36,,Yes,55,10,15,25,0,23.8,B,Moderate-Low,0.015,0.6,171.0,0.009
LN01718,SMB,Real Estate,2021-12-11,2024-11-25,254000,36,8.82,8055.87,21158.2,0.0833,770,0.3097,,437490,Contract,2.3,TN,Finance,Business Assets,Current,0,33,,No,10,20,15,35,0,13.8,A,Low Risk,0.005,0.6,63.47,0.003
LN01719,SMB,Equipment,2024-02-27,2031-01-21,315000,84,9.88,5209.86,292509.0,0.9286,742,0.3447,,151737,Retired,12.0,NC,Hospitality,Business Assets,Current,0,6,,Yes,10,20,15,10,0,11.2,A,Low Risk,0.005,0.6,877.53,0.003
LN01720,SMB,Expansion,2022-11-26,2023-11-21,236500,12,10.28,20822.92,39424.55,0.1667,707,0.4628,,277591,Employed,9.6,IL,Retail,Business Assets,Delinquent,2,10,,Yes,20,55,15,5,55,33.5,C,Moderate,0.04,0.6,946.19,0.024
LN01721,SMB,Equipment,2021-11-01,2022-10-27,242000,12,10.44,21325.2,12100.0,0.05,684,0.5414,,281585,Employed,3.8,IL,Manufacturing,Real Estate,Current,0,12,,Yes,35,80,15,15,0,34.2,C,Moderate,0.04,0.6,290.4,0.024
LN01722,SMB,Real Estate,2021-02-12,2026-01-17,494500,60,12.17,11042.41,140091.85,0.2833,540,0.2261,,159061,Employed,1.3,FL,Construction,Real Estate,Current,0,43,,No,100,10,15,25,0,37.2,C,Moderate,0.04,0.6,3362.2,0.024
LN01723,SMB,Equipment,2022-06-12,2027-05-17,200000,60,9.59,4209.17,110000.0,0.55,728,0.3697,,500000,Retired,10.6,IN,Finance,Real Estate,Current,0,27,,No,20,35,15,10,0,18.0,B,Moderate-Low,0.015,0.6,990.0,0.009
LN01724,SMB,Working Capital,2023-11-08,2025-10-28,51000,24,10.19,2357.87,31875.0,0.625,709,0.3947,,433623,Contract,5.7,NC,Finance,Real Estate,Current,0,9,,Yes,20,35,15,25,0,19.5,B,Moderate-Low,0.015,0.6,286.88,0.009
LN01725,SMB,Inventory,2024-01-18,2026-01-07,477500,24,11.66,22401.84,338213.25,0.7083,626,0.3693,,271158,Employed,5.6,TN,Transportation,Unsecured,Current,0,7,,Yes,55,35,15,5,0,28.0,B,Moderate-Low,0.015,0.6,3043.92,0.009
LN01726,SMB,Inventory,2021-10-14,2024-09-28,430000,36,9.12,13697.91,21500.0,0.05,801,0.3994,,423076,Employed,2.5,WI,Retail,Unsecured,Current,0,35,,No,0,35,15,15,0,12.5,A,Low Risk,0.005,0.6,64.5,0.003
LN01727,SMB,Working Capital,2021-12-23,2028-11-16,210000,84,11.96,3702.58,129990.0,0.619,586,0.1722,,267319,Retired,3.1,VA,Finance,Unsecured,Current,0,32,,Yes,75,0,15,25,0,27.2,B,Moderate-Low,0.015,0.6,1169.91,0.009
LN01728,SMB,Expansion,2022-11-13,2023-11-08,339500,12,10.11,29864.82,16975.0,0.05,693,0.3836,,289614,Employed,8.7,NC,Education,Real Estate,Current,0,12,,Yes,35,35,15,5,0,22.0,B,Moderate-Low,0.015,0.6,152.77,0.009
LN01729,SMB,Inventory,2020-08-22,2021-08-17,449500,12,11.15,39759.01,22475.0,0.05,588,0.4223,,253901,Self-Employed,3.8,PA,Real Estate,Equipment,Current,0,12,,Yes,75,35,15,40,0,37.5,C,Moderate,0.04,0.6,539.4,0.024
LN01730,SMB,Expansion,2020-05-28,2022-05-18,28000,24,10.06,1292.83,1400.0,0.05,678,0.524,,192712,Self-Employed,2.7,OH,Real Estate,Equipment,Current,0,24,,No,35,80,15,40,0,36.8,C,Moderate,0.04,0.6,33.6,0.024
LN01731,SMB,Expansion,2020-01-20,2021-01-14,275500,12,11.57,24422.46,13775.0,0.05,608,0.3958,,285411,Self-Employed,0.5,NJ,Construction,Equipment,Current,0,12,,No,75,35,15,50,0,38.5,C,Moderate,0.04,0.6,330.6,0.024
LN01732,SMB,Real Estate,2024-06-16,2031-05-11,279000,84,9.31,4532.87,272359.8,0.9762,723,0.4113,,228724,Retired,3.2,NJ,Education,Business Assets,Current,0,2,,Yes,20,35,15,25,0,19.5,B,Moderate-Low,0.015,0.6,2451.24,0.009
LN01733,SMB,Working Capital,2023-05-17,2026-05-01,35500,36,9.77,1141.66,20707.15,0.5833,751,0.2339,,500000,Employed,4.1,OH,Transportation,Real Estate,Current,0,15,,Yes,10,10,15,15,0,9.2,A,Low Risk,0.005,0.6,62.12,0.003
LN01734,SMB,Inventory,2023-03-21,2024-03-15,404000,12,9.28,35382.88,20200.0,0.05,773,0.2138,,192738,Self-Employed,1.9,AZ,Real Estate,Real Estate,Current,0,12,,Yes,10,10,15,50,0,12.8,A,Low Risk,0.005,0.6,60.6,0.003
LN01735,SMB,Inventory,2021-02-07,2023-01-28,440000,24,11.57,20624.08,22000.0,0.05,538,0.335,,297142,Self-Employed,12.6,TX,Manufacturing,Business Assets,Current,0,24,,Yes,100,20,15,25,0,39.8,C,Moderate,0.04,0.6,528.0,0.024
LN01736,SMB,Real Estate,2020-09-01,2025-08-06,402000,60,9.79,8499.83,80400.0,0.2,710,0.5025,,130274,Employed,17.1,NY,Transportation,Real Estate,Current,0,48,,Yes,20,80,15,0,0,28.2,B,Moderate-Low,0.015,0.6,723.6,0.009
LN01737,SMB,Working Capital,2021-04-29,2026-04-03,123500,60,9.76,2609.45,41162.55,0.3333,708,0.3115,,114624,Employed,0.7,MD,Construction,Business Assets,Current,0,40,,Yes,20,20,15,25,0,15.8,B,Moderate-Low,0.015,0.6,370.46,0.009
LN01738,SMB,Real Estate,2020-09-25,2023-09-10,79000,36,9.72,2538.74,3950.0,0.05,774,0.4126,,500000,Employed,0.8,WA,Real Estate,Business Assets,Current,0,36,,No,10,35,15,25,0,16.5,B,Moderate-Low,0.015,0.6,35.55,0.009
LN01739,SMB,Inventory,2020-05-22,2021-05-17,307000,12,10.9,27118.85,15350.0,0.05,631,0.3607,,394920,Employed,1.8,TN,Manufacturing,Real Estate,Current,0,12,,Yes,55,35,15,25,0,30.0,C,Moderate,0.04,0.6,368.4,0.024
LN01740,SMB,Real Estate,2024-03-23,2027-03-08,292500,36,10.37,9489.04,251871.75,0.8611,741,0.3804,,500000,Employed,1.9,VA,Construction,Real Estate,Current,0,5,,Yes,10,35,15,25,0,16.5,B,Moderate-Low,0.015,0.6,2266.85,0.009
LN01741,SMB,Inventory,2020-04-06,2027-03-01,499500,84,10.75,8487.14,184315.5,0.369,660,0.487,,421648,Employed,3.4,WA,Healthcare,Unsecured,Current,0,53,,No,35,55,15,15,0,28.0,B,Moderate-Low,0.015,0.6,1658.84,0.009
LN01742,SMB,Working Capital,2023-06-19,2026-06-03,314000,36,9.5,10058.35,191885.4,0.6111,736,0.1781,,439773,Employed,12.9,NY,Finance,Business Assets,Current,0,14,,Yes,20,0,15,0,0,8.2,A,Low Risk,0.005,0.6,575.66,0.003
LN01743,SMB,Working Capital,2021-10-23,2022-10-18,293500,12,11.27,25977.0,14675.0,0.05,600,0.315,,62437,Employed,10.8,AZ,Real Estate,Equipment,Current,0,12,,No,75,20,15,0,0,29.8,B,Moderate-Low,0.015,0.6,132.07,0.009
LN01744,SMB,Working Capital,2020-01-11,2026-12-05,143000,84,12.57,2568.14,47661.9,0.3333,513,0.3249,,121957,Employed,9.9,TX,Technology,Business Assets,Current,0,56,,No,100,20,15,5,0,37.8,C,Moderate,0.04,0.6,1143.89,0.024
LN01745,SMB,Real Estate,2020-06-02,2023-05-18,371000,36,10.88,12124.99,18550.0,0.05,661,0.2825,,220448,Employed,3.0,NC,Manufacturing,Unsecured,Current,0,36,,No,35,20,15,15,0,19.2,B,Moderate-Low,0.015,0.6,166.95,0.009
LN01746,SMB,Equipment,2020-10-09,2022-09-29,257500,24,10.69,11964.49,12875.0,0.05,640,0.2902,,118975,Employed,7.1,MD,Finance,Real Estate,Current,0,24,,No,55,20,15,5,0,24.2,B,Moderate-Low,0.015,0.6,115.87,0.009
LN01747,SMB,Real Estate,2022-04-26,2029-03-20,317500,84,10.74,5393.07,211677.25,0.6667,652,0.2968,,276001,Self-Employed,1.3,MA,Transportation,Equipment,Current,0,28,,No,55,20,15,50,0,28.8,B,Moderate-Low,0.015,0.6,1905.1,0.009
LN01748,SMB,Inventory,2023-09-16,2028-08-20,414500,60,9.78,8762.1,352325.0,0.85,746,0.3158,,97525,Employed,0.5,NC,Healthcare,Equipment,Delinquent,2,9,,No,10,20,15,25,55,23.8,B,Moderate-Low,0.015,0.6,3170.92,0.009
LN01749,SMB,Expansion,2024-04-18,2027-04-03,109000,36,9.48,3490.57,96890.1,0.8889,745,0.3596,,401085,Self-Employed,4.5,MI,Retail,Equipment,Current,0,4,,Yes,10,20,15,40,0,14.2,A,Low Risk,0.005,0.6,290.67,0.003
LN01750,SMB,Working Capital,2020-06-02,2021-05-28,320000,12,10.39,28191.16,16000.0,0.05,702,0.3749,,89736,Employed,2.1,TN,Construction,Equipment,Current,0,12,,Yes,20,35,15,15,0,18.5,B,Moderate-Low,0.015,0.6,144.0,0.009
LN01751,SMB,Real Estate,2021-01-19,2025-12-24,223500,60,10.02,4750.91,67050.0,0.3,660,0.3146,,256347,Employed,5.3,NJ,Manufacturing,Real Estate,Delinquent,2,42,,No,35,20,15,5,55,29.2,B,Moderate-Low,0.015,0.6,603.45,0.009
LN01752,SMB,Working Capital,2023-09-04,2028-08-08,389500,60,8.96,8077.82,311600.0,0.8,790,0.2778,,168513,Self-Employed,15.3,IL,Retail,Equipment,Current,0,12,,Yes,0,10,15,25,0,7.2,A,Low Risk,0.005,0.6,934.8,0.003
LN01753,SMB,Real Estate,2022-02-28,2025-02-12,385500,36,8.42,12155.0,64262.85,0.1667,823,0.2253,,242982,Retired,15.4,MA,Education,Equipment,Current,0,30,,Yes,0,10,15,10,0,5.8,A,Low Risk,0.005,0.6,192.79,0.003
LN01754,SMB,Expansion,2020-05-20,2022-05-10,186000,24,11.94,8750.46,9300.0,0.05,519,0.4178,,285585,Employed,3.1,NC,Finance,Business Assets,Current,0,24,,No,100,35,15,15,0,42.5,C,Moderate,0.04,0.6,223.2,0.024
LN01755,SMB,Inventory,2020-08-07,2025-07-12,329000,60,9.94,6980.57,76755.7,0.2333,708,0.4591,,385520,Employed,0.6,GA,Manufacturing,Equipment,Delinquent,3,46,,Yes,20,55,15,25,75,39.5,C,Moderate,0.04,0.6,1842.14,0.024
LN01756,SMB,Expansion,2022-09-02,2023-08-28,457000,12,8.45,39848.86,22850.0,0.05,786,0.2573,,242291,Employed,6.6,IN,Hospitality,Business Assets,Current,0,12,,Yes,0,10,15,5,0,5.2,A,Low Risk,0.005,0.6,68.55,0.003
LN01757,SMB,Inventory,2021-12-26,2022-12-21,89500,12,10.55,7891.38,4475.0,0.05,665,0.2833,,186369,Employed,6.0,AZ,Hospitality,Unsecured,Current,0,12,,No,35,20,15,5,0,18.2,B,Moderate-Low,0.015,0.6,40.28,0.009
LN01758,SMB,Working Capital,2020-04-18,2023-04-03,132500,36,11.57,4373.73,6625.0,0.05,569,0.2839,,326620,Employed,23.4,MA,Education,Business Assets,Current,0,36,,No,100,20,15,0,0,37.2,C,Moderate,0.04,0.6,159.0,0.024
LN01759,SMB,Equipment,2021-02-01,2026-01-06,145000,60,9.76,3063.73,41078.5,0.2833,707,0.3617,,401829,Employed,6.2,MI,Hospitality,Real Estate,Current,0,43,,No,20,35,15,5,0,17.5,B,Moderate-Low,0.015,0.6,369.71,0.009
LN01760,SMB,Working Capital,2022-10-07,2029-08-31,404000,84,10.9,6896.24,293384.8,0.7262,630,0.3682,,131133,Employed,1.3,IN,Healthcare,Equipment,Current,0,23,,No,55,35,15,25,0,30.0,C,Moderate,0.04,0.6,7041.24,0.024
LN01761,SMB,Real Estate,2020-08-23,2022-08-13,87500,24,10.48,4057.09,4375.0,0.05,658,0.411,,198480,Retired,4.1,TX,Retail,Real Estate,Current,0,24,,Yes,55,35,15,25,0,30.0,C,Moderate,0.04,0.6,105.0,0.024
LN01762,SMB,Real Estate,2022-12-25,2023-12-20,91500,12,11.55,8110.41,4575.0,0.05,574,0.2685,,500000,Employed,13.0,NY,Education,Unsecured,Current,0,12,,Yes,100,10,15,0,0,34.8,C,Moderate,0.04,0.6,109.8,0.024
LN01763,SMB,Expansion,2020-07-26,2025-06-30,363500,60,8.43,7445.5,66629.55,0.1833,804,0.4509,,425281,Self-Employed,0.5,GA,Retail,Unsecured,Current,0,49,,Yes,0,55,15,50,0,21.0,B,Moderate-Low,0.015,0.6,599.67,0.009
LN01764,SMB,Expansion,2024-05-28,2026-05-18,166000,24,9.75,7640.92,145250.0,0.875,716,0.32,,500000,Employed,1.8,OH,Technology,Real Estate,Current,0,3,,Yes,20,20,15,25,0,15.8,B,Moderate-Low,0.015,0.6,1307.25,0.009
LN01765,SMB,Real Estate,2021-01-14,2022-01-09,406000,12,11.01,35884.85,20300.0,0.05,620,0.2582,,500000,Retired,13.9,IN,Manufacturing,Unsecured,Current,0,12,,No,55,10,15,10,0,22.2,B,Moderate-Low,0.015,0.6,182.7,0.009
LN01766,SMB,Equipment,2020-12-14,2022-12-04,46500,24,9.02,2124.77,2325.0,0.05,742,0.249,,288968,Self-Employed,7.7,NJ,Real Estate,Equipment,Current,0,24,,No,10,10,15,30,0,10.8,A,Low Risk,0.005,0.6,6.98,0.003
LN01767,SMB,Inventory,2020-10-17,2025-09-21,100000,60,9.98,2123.72,21670.0,0.2167,676,0.3808,,133970,Self-Employed,1.6,CA,Technology,Real Estate,Current,0,47,,Yes,35,35,15,50,0,26.5,B,Moderate-Low,0.015,0.6,195.03,0.009
LN01768,SMB,Working Capital,2021-06-24,2023-06-14,65000,24,10.17,3004.52,3250.0,0.05,679,0.3394,,500000,Employed,5.3,FL,Construction,Real Estate,Current,0,24,,Yes,35,20,15,5,0,18.2,B,Moderate-Low,0.015,0.6,29.25,0.009
LN01769,SMB,Working Capital,2020-01-03,2026-11-27,179500,84,11.26,3098.07,64099.45,0.3571,631,0.3142,,287940,Employed,6.3,GA,Transportation,Business Assets,Delinquent,2,54,,No,55,20,15,5,55,35.2,C,Moderate,0.04,0.6,1538.39,0.024
LN01770,SMB,Equipment,2021-04-12,2024-03-27,174000,36,9.22,5550.99,8700.0,0.05,756,0.3356,,254444,Employed,8.3,IN,Healthcare,Business Assets,Current,0,36,,Yes,10,20,15,5,0,10.8,A,Low Risk,0.005,0.6,26.1,0.003
LN01771,SMB,Expansion,2024-02-16,2027-01-31,42500,36,11.2,1395.42,35415.25,0.8333,609,0.4039,,500000,Employed,11.6,NJ,Construction,Real Estate,Current,0,6,,No,75,35,15,0,0,33.5,C,Moderate,0.04,0.6,849.97,0.024
LN01772,SMB,Expansion,2022-01-16,2024-12-31,44500,36,10.99,1456.66,8650.8,0.1944,637,0.3984,,106933,Employed,2.4,VA,Healthcare,Unsecured,Delinquent,2,29,,Yes,55,35,15,15,55,40.0,C,Moderate,0.04,0.6,207.62,0.024
LN01773,SMB,Working Capital,2023-11-05,2026-10-20,468500,36,10.89,15313.7,338350.7,0.7222,625,0.317,,173733,Self-Employed,1.4,IN,Education,Equipment,Current,0,10,,Yes,55,20,15,50,0,28.8,B,Moderate-Low,0.015,0.6,3045.16,0.009
LN01774,SMB,Working Capital,2023-09-12,2025-09-01,149500,24,10.9,6960.93,80984.15,0.5417,672,0.3149,,296740,Employed,10.4,IL,Transportation,Equipment,Current,0,11,,No,35,20,15,0,0,17.8,B,Moderate-Low,0.015,0.6,728.86,0.009
LN01775,SMB,Equipment,2022-01-06,2026-12-11,181000,60,10.61,3900.27,84472.7,0.4667,657,0.3417,,109412,Self-Employed,0.5,OH,Healthcare,Unsecured,Current,0,32,,Yes,55,20,15,50,0,28.8,B,Moderate-Low,0.015,0.6,760.25,0.009
LN01776,SMB,Inventory,2023-07-07,2026-06-21,144500,36,10.43,4691.83,88303.95,0.6111,658,0.2527,,255238,Retired,3.4,MO,Manufacturing,Equipment,Current,0,14,,Yes,55,10,15,25,0,23.8,B,Moderate-Low,0.015,0.6,794.74,0.009
LN01777,SMB,Expansion,2021-11-09,2024-10-24,137500,36,10.53,4471.03,7645.0,0.0556,609,0.3693,,314985,Employed,4.1,WA,Retail,Real Estate,Current,0,34,,No,75,35,15,15,0,35.0,C,Moderate,0.04,0.6,183.48,0.024
LN01778,SMB,Real Estate,2023-04-01,2024-03-26,385500,12,11.19,34105.3,19275.0,0.05,596,0.3724,,135240,Self-Employed,4.6,IN,Education,Business Assets,Current,0,12,,Yes,75,35,15,40,0,37.5,C,Moderate,0.04,0.6,462.6,0.024
LN01779,SMB,Working Capital,2023-03-06,2028-02-08,342000,60,9.15,7124.28,239400.0,0.7,796,0.2046,,315624,Employed,4.7,VA,Finance,Unsecured,Current,0,18,,No,0,10,15,15,0,6.2,A,Low Risk,0.005,0.6,718.2,0.003
LN01780,SMB,Expansion,2023-10-26,2028-09-29,357500,60,9.2,7455.86,297904.75,0.8333,800,0.3345,,166380,Employed,3.8,IL,Manufacturing,Equipment,Current,0,10,,No,0,20,15,15,0,8.8,A,Low Risk,0.005,0.6,893.71,0.003
LN01781,SMB,Working Capital,2021-08-13,2026-07-18,448500,60,10.7,9684.51,171910.05,0.3833,662,0.4094,,217919,Self-Employed,4.5,FL,Technology,Unsecured,Current,0,37,,Yes,35,35,15,40,0,25.5,B,Moderate-Low,0.015,0.6,1547.19,0.009
LN01782,SMB,Inventory,2021-08-02,2023-07-23,483000,24,10.65,22433.18,24150.0,0.05,706,0.2159,,500000,Employed,16.7,MD,Technology,Real Estate,Current,0,24,,Yes,20,10,15,0,0,10.8,A,Low Risk,0.005,0.6,72.45,0.003
LN01783,SMB,Equipment,2021-12-22,2026-11-26,27000,60,8.82,558.12,13950.9,0.5167,815,0.364,,375666,Employed,3.8,CA,Manufacturing,Real Estate,Delinquent,3,29,,Yes,0,35,15,15,75,27.5,B,Moderate-Low,0.015,0.6,125.56,0.009
LN01784,SMB,Working Capital,2023-09-24,2030-08-18,46000,84,11.04,788.6,39974.0,0.869,636,0.1554,,261256,Employed,3.0,MO,Finance,Real Estate,Current,0,11,,No,55,0,15,15,0,20.2,B,Moderate-Low,0.015,0.6,359.77,0.009
LN01785,SMB,Expansion,2022-06-03,2024-05-23,77000,24,9.99,3552.8,3850.0,0.05,706,0.4926,,113534,Retired,9.9,MD,Technology,Equipment,Current,0,24,,No,20,55,15,15,0,23.5,B,Moderate-Low,0.015,0.6,34.65,0.009
LN01786,SMB,Inventory,2021-12-27,2026-12-01,243000,60,9.15,5061.99,113408.1,0.4667,767,0.3785,,448051,Self-Employed,12.0,GA,Education,Unsecured,Current,0,32,,No,10,35,15,25,0,16.5,B,Moderate-Low,0.015,0.6,1020.67,0.009
LN01787,SMB,Equipment,2021-06-19,2022-06-14,302500,12,9.76,26560.8,15125.0,0.05,713,0.4336,,500000,Employed,0.7,MI,Real Estate,Unsecured,Current,0,12,,No,20,55,15,25,0,24.5,B,Moderate-Low,0.015,0.6,136.12,0.009
LN01788,SMB,Inventory,2020-10-12,2027-09-06,384500,84,9.16,6217.52,169372.25,0.4405,791,0.4541,,118216,Employed,5.9,OH,Manufacturing,Equipment,Current,0,47,,No,0,55,15,5,0,16.5,B,Moderate-Low,0.015,0.6,1524.35,0.009
LN01789,SMB,Inventory,2020-06-24,2023-06-09,197000,36,9.78,6336.31,9850.0,0.05,725,0.3051,,388417,Employed,0.8,MI,Education,Equipment,Current,0,36,,Yes,20,20,15,25,0,15.8,B,Moderate-Low,0.015,0.6,88.65,0.009
LN01790,SMB,Expansion,2020-07-15,2025-06-19,483000,60,9.45,10132.1,80516.1,0.1667,700,0.3788,,220932,Employed,12.5,IL,Construction,Real Estate,Current,0,50,,Yes,20,35,15,0,0,17.0,B,Moderate-Low,0.015,0.6,724.64,0.009
LN01791,SMB,Inventory,2022-05-25,2025-05-09,140500,36,10.65,4576.54,35125.0,0.25,666,0.2137,,241968,Employed,8.5,MA,Technology,Unsecured,Current,0,27,,No,35,10,15,5,0,15.8,B,Moderate-Low,0.015,0.6,316.12,0.009
LN01792,SMB,Equipment,2020-02-24,2027-01-18,158500,84,9.36,2579.17,54714.2,0.3452,767,0.373,,302827,Employed,7.0,AZ,Retail,Real Estate,Current,0,55,,Yes,10,35,15,5,0,14.5,A,Low Risk,0.005,0.6,164.14,0.003
LN01793,SMB,Real Estate,2022-11-14,2029-10-08,331500,84,12.4,5923.03,256514.7,0.7738,505,0.4435,,246691,Employed,4.7,WI,Technology,Real Estate,Delinquent,2,19,,Yes,100,55,15,15,55,58.5,D,High,0.1,0.6,15390.88,0.06
LN01794,SMB,Inventory,2020-09-14,2025-08-19,47000,60,10.79,1016.98,9400.0,0.2,638,0.456,,500000,Self-Employed,3.0,WA,Technology,Unsecured,Current,0,48,,Yes,55,55,15,40,0,36.5,C,Moderate,0.04,0.6,225.6,0.024
LN01795,SMB,Working Capital,2020-04-22,2021-04-17,419000,12,10.08,36852.35,20950.0,0.05,676,0.2593,,363423,Self-Employed,1.6,NC,Transportation,Real Estate,Current,0,12,,Yes,35,10,15,50,0,20.2,B,Moderate-Low,0.015,0.6,188.55,0.009
LN01796,SMB,Expansion,2021-08-18,2022-08-13,456500,12,8.65,39847.54,22825.0,0.05,850,0.3086,,429330,Employed,8.2,MD,Healthcare,Business Assets,Current,0,12,,No,0,20,15,5,0,7.8,A,Low Risk,0.005,0.6,68.48,0.003
LN01797,SMB,Working Capital,2023-10-13,2030-09-06,473500,84,9.95,7848.43,417153.5,0.881,681,0.4947,,112597,Self-Employed,3.6,IN,Hospitality,Equipment,Current,0,10,,Yes,35,55,15,40,0,30.5,C,Moderate,0.04,0.6,10011.68,0.024
LN01798,SMB,Equipment,2023-02-25,2025-02-14,193000,24,11.49,9039.28,48250.0,0.25,617,0.3983,,260139,Employed,22.3,TN,Manufacturing,Real Estate,Current,0,18,,No,75,35,15,0,0,33.5,C,Moderate,0.04,0.6,1158.0,0.024
LN01799,SMB,Working Capital,2022-09-20,2023-09-15,168500,12,12.62,15019.94,8425.0,0.05,558,0.2301,,377887,Self-Employed,1.7,WI,Technology,Business Assets,Current,0,12,,Yes,100,10,15,50,0,39.8,C,Moderate,0.04,0.6,202.2,0.024
LN01800,SMB,Equipment,2023-05-21,2025-05-10,225000,24,8.9,10268.75,84375.0,0.375,850,0.2061,,471758,Employed,3.9,NY,Healthcare,Equipment,Current,0,15,,No,0,10,15,15,0,6.2,A,Low Risk,0.005,0.6,253.12,0.003
LN01801,SMB,Working Capital,2020-02-20,2025-01-24,429000,60,8.28,8756.17,35735.7,0.0833,837,0.3424,,166412,Employed,35.0,IN,Manufacturing,Business Assets,Current,0,55,,Yes,0,20,15,0,0,7.2,A,Low Risk,0.005,0.6,107.21,0.003
LN01802,SMB,Real Estate,2022-09-17,2027-08-22,431500,60,11.6,9511.49,266106.05,0.6167,582,0.2508,,500000,Self-Employed,3.6,PA,Transportation,Real Estate,Current,0,23,,Yes,75,10,15,40,0,31.2,C,Moderate,0.04,0.6,6386.55,0.024
LN01803,SMB,Equipment,2023-09-09,2028-08-13,343500,60,9.74,7254.49,280536.45,0.8167,721,0.3843,,163596,Employed,4.9,WI,Finance,Business Assets,Current,0,11,,Yes,20,35,15,15,0,18.5,B,Moderate-Low,0.015,0.6,2524.83,0.009
LN01804,SMB,Real Estate,2024-03-04,2026-02-22,362000,24,10.14,16727.86,271500.0,0.75,703,0.3396,,389106,Employed,6.0,GA,Construction,Equipment,Current,0,6,,No,20,20,15,5,0,13.8,A,Low Risk,0.005,0.6,814.5,0.003
LN01805,SMB,Real Estate,2021-08-16,2026-07-21,352000,60,9.72,7430.56,134921.6,0.3833,742,0.3239,,414091,Self-Employed,20.6,MI,Real Estate,Unsecured,Current,0,37,,Yes,10,20,15,25,0,12.8,A,Low Risk,0.005,0.6,404.76,0.003
LN01806,SMB,Working Capital,2022-03-12,2025-02-24,87000,36,11.95,2887.57,14502.9,0.1667,500,0.4413,,254666,Self-Employed,23.7,WA,Education,Unsecured,Current,0,30,,No,100,55,15,25,0,48.5,C,Moderate,0.04,0.6,348.07,0.024
LN01807,SMB,Working Capital,2020-10-30,2025-10-04,46500,60,9.74,982.05,10848.45,0.2333,662,0.3566,,473337,Employed,0.9,CA,Technology,Unsecured,Current,0,46,,No,35,20,15,25,0,20.2,B,Moderate-Low,0.015,0.6,97.64,0.009
LN01808,SMB,Real Estate,2021-09-12,2028-08-06,76500,84,11.81,1342.67,43712.1,0.5714,616,0.3793,,481760,Employed,3.6,TX,Technology,Unsecured,Current,0,36,,No,75,35,15,15,0,35.0,C,Moderate,0.04,0.6,1049.09,0.024
LN01809,SMB,Inventory,2020-10-12,2023-09-27,282500,36,8.05,8859.04,14125.0,0.05,850,0.253,,272307,Retired,3.0,MA,Technology,Real Estate,Current,0,36,,No,0,10,15,25,0,7.2,A,Low Risk,0.005,0.6,42.38,0.003
LN01810,SMB,Real Estate,2022-01-02,2023-12-23,71000,24,9.73,3267.45,3550.0,0.05,672,0.2633,,284180,Retired,0.5,IN,Real Estate,Equipment,Current,0,24,,No,35,10,15,35,0,18.8,B,Moderate-Low,0.015,0.6,31.95,0.009
LN01811,SMB,Equipment,2022-03-10,2029-02-01,463500,84,10.46,7805.26,297984.15,0.6429,660,0.4552,,306701,Employed,1.2,IN,Transportation,Real Estate,Current,0,30,,No,35,55,15,25,0,29.0,B,Moderate-Low,0.015,0.6,2681.86,0.009
LN01812,SMB,Expansion,2022-07-30,2025-07-14,206000,36,10.64,6709.11,62953.6,0.3056,697,0.2485,,372698,Employed,15.8,IL,Healthcare,Unsecured,Current,0,25,,No,35,10,15,0,0,15.2,B,Moderate-Low,0.015,0.6,566.58,0.009
LN01813,SMB,Equipment,2022-02-10,2027-01-15,108500,60,10.12,2311.72,52438.05,0.4833,649,0.3545,,358243,Employed,2.1,TN,Finance,Real Estate,Current,0,31,,No,55,20,15,15,0,25.2,B,Moderate-Low,0.015,0.6,471.94,0.009
LN01814,SMB,Real Estate,2023-04-20,2026-04-04,496500,36,9.94,16006.68,275855.4,0.5556,677,0.3796,,500000,Employed,0.5,MD,Healthcare,Unsecured,Current,0,16,,Yes,35,35,15,25,0,24.0,B,Moderate-Low,0.015,0.6,2482.7,0.009
LN01815,SMB,Working Capital,2020-03-01,2021-02-24,147500,12,11.29,13056.26,7375.0,0.05,613,0.3751,,187290,Employed,1.6,PA,Construction,Unsecured,Current,0,12,,No,75,35,15,25,0,36.0,C,Moderate,0.04,0.6,177.0,0.024
LN01816,SMB,Equipment,2024-04-05,2027-03-21,208000,36,7.83,6501.66,184891.2,0.8889,850,0.4751,,274295,Contract,6.0,GA,Finance,Business Assets,Current,0,4,,No,0,55,15,25,0,18.5,B,Moderate-Low,0.015,0.6,1664.02,0.009
LN01817,SMB,Working Capital,2024-03-27,2029-03-01,323500,60,10.2,6905.3,296552.45,0.9167,631,0.249,,203548,Retired,0.5,AZ,Healthcare,Real Estate,Current,0,5,,Yes,55,10,15,35,0,24.8,B,Moderate-Low,0.015,0.6,2668.97,0.009
LN01818,SMB,Expansion,2024-03-15,2025-03-10,140000,12,10.02,12309.53,81662.0,0.5833,690,0.4703,,115840,Employed,12.9,FL,Finance,Business Assets,Current,0,5,,No,35,55,15,0,0,26.5,B,Moderate-Low,0.015,0.6,734.96,0.009
LN01819,SMB,Real Estate,2020-08-08,2023-07-24,113500,36,10.46,3686.89,5675.0,0.05,675,0.3662,,319599,Employed,8.2,MA,Retail,Equipment,Current,0,36,,No,35,35,15,5,0,22.0,B,Moderate-Low,0.015,0.6,51.08,0.009
LN01820,SMB,Equipment,2022-10-02,2025-09-16,282500,36,9.49,9047.99,102010.75,0.3611,707,0.2363,,280241,Self-Employed,0.5,MA,Finance,Equipment,Current,0,23,,No,20,10,15,50,0,15.8,B,Moderate-Low,0.015,0.6,918.1,0.009
LN01821,SMB,Working Capital,2022-12-18,2027-11-22,195500,60,8.62,4022.3,143360.15,0.7333,752,0.3601,,445133,Employed,5.0,OH,Retail,Business Assets,Severely Delinquent,4,16,,Yes,10,35,15,5,100,34.5,C,Moderate,0.04,0.6,3440.64,0.024
LN01822,SMB,Inventory,2020-10-14,2021-10-09,52500,12,10.1,4618.03,2625.0,0.05,700,0.3681,,234767,Employed,2.6,CA,Real Estate,Business Assets,Current,0,12,,No,20,35,15,15,0,18.5,B,Moderate-Low,0.015,0.6,23.62,0.009
LN01823,SMB,Equipment,2023-10-29,2025-10-18,32500,24,11.82,1527.16,18957.25,0.5833,590,0.317,,168957,Employed,6.4,IN,Hospitality,Unsecured,Current,0,10,,Yes,75,20,15,5,0,30.2,C,Moderate,0.04,0.6,454.97,0.024
LN01824,SMB,Equipment,2021-12-31,2024-12-15,221000,36,11.01,7236.3,24553.1,0.1111,641,0.4604,,252706,Retired,0.6,WI,Construction,Business Assets,Current,0,32,,Yes,55,55,15,35,0,36.0,C,Moderate,0.04,0.6,589.27,0.024
LN01825,SMB,Real Estate,2023-07-04,2028-06-07,59500,60,10.3,1273.0,45618.65,0.7667,685,0.3913,,129619,Retired,4.5,WA,Finance,Business Assets,Current,0,14,,No,35,35,15,25,0,24.0,B,Moderate-Low,0.015,0.6,410.57,0.009
LN01826,SMB,Real Estate,2021-09-02,2028-07-27,188500,84,10.37,3165.48,109952.05,0.5833,669,0.3481,,331646,Employed,1.7,TN,Technology,Real Estate,Late,1,35,,Yes,35,20,15,25,30,26.2,B,Moderate-Low,0.015,0.6,989.57,0.009
LN01827,SMB,Expansion,2021-08-16,2023-08-06,243000,24,10.22,11237.91,12150.0,0.05,604,0.3025,,342197,Employed,0.5,NC,Finance,Business Assets,Current,0,24,,No,75,20,15,25,0,32.2,C,Moderate,0.04,0.6,291.6,0.024
LN01828,SMB,Real Estate,2020-06-02,2023-05-18,442500,36,8.12,13890.85,22125.0,0.05,791,0.2151,,335666,Employed,1.6,MO,Education,Real Estate,Current,0,36,,Yes,0,10,15,25,0,7.2,A,Low Risk,0.005,0.6,66.38,0.003
LN01829,SMB,Working Capital,2020-04-26,2027-03-21,361000,84,8.85,5780.71,137541.0,0.381,760,0.4258,,266912,Self-Employed,5.0,MO,Manufacturing,Unsecured,Current,0,52,,No,10,35,15,30,0,17.0,B,Moderate-Low,0.015,0.6,1237.87,0.009
LN01830,SMB,Equipment,2020-03-07,2021-03-02,343000,12,10.65,30258.94,17150.0,0.05,697,0.2696,,339499,Employed,1.7,NJ,Technology,Real Estate,Current,0,12,,No,35,10,15,25,0,17.8,B,Moderate-Low,0.015,0.6,154.35,0.009
LN01831,SMB,Expansion,2021-02-22,2023-02-12,235500,24,7.83,10632.78,11775.0,0.05,838,0.383,,308327,Self-Employed,2.1,MO,Retail,Business Assets,Current,0,24,,No,0,35,15,40,0,15.0,B,Moderate-Low,0.015,0.6,105.98,0.009
LN01832,SMB,Working Capital,2020-05-29,2025-05-03,355000,60,10.28,7591.7,53250.0,0.15,643,0.424,,430736,Retired,6.9,MD,Healthcare,Real Estate,Current,0,51,,Yes,55,35,15,15,0,29.0,B,Moderate-Low,0.015,0.6,479.25,0.009
LN01833,SMB,Real Estate,2023-05-10,2028-04-13,69000,60,11.2,1507.12,50597.7,0.7333,580,0.3837,,184450,Retired,10.5,WI,Finance,Unsecured,Current,0,16,,No,75,35,15,10,0,34.5,C,Moderate,0.04,0.6,1214.34,0.024
LN01834,SMB,Inventory,2024-01-21,2027-01-05,35000,36,10.49,1137.42,28196.0,0.8056,675,0.3217,,442165,Employed,0.5,TX,Real Estate,Equipment,Current,0,7,,No,35,20,15,25,0,20.2,B,Moderate-Low,0.015,0.6,253.76,0.009
LN01835,SMB,Equipment,2022-09-05,2027-08-10,45500,60,8.74,938.77,27300.0,0.6,775,0.3972,,431236,Self-Employed,1.1,MI,Technology,Business Assets,Current,0,24,,No,10,35,15,50,0,19.0,B,Moderate-Low,0.015,0.6,245.7,0.009
LN01836,SMB,Inventory,2024-05-03,2025-04-28,187500,12,11.7,16632.85,125006.25,0.6667,593,0.2723,,257037,Employed,2.0,OH,Hospitality,Business Assets,Current,0,4,,Yes,75,10,15,15,0,28.8,B,Moderate-Low,0.015,0.6,1125.06,0.009
LN01837,SMB,Equipment,2020-04-16,2025-03-21,226500,60,10.4,4857.16,26432.55,0.1167,655,0.3218,,352605,Self-Employed,2.8,WA,Education,Unsecured,Current,0,53,,No,55,20,15,40,0,27.8,B,Moderate-Low,0.015,0.6,237.89,0.009
LN01838,SMB,Real Estate,2020-10-09,2027-09-03,483500,84,9.8,7976.8,212981.75,0.4405,684,0.4629,,195552,Employed,26.0,NY,Real Estate,Real Estate,Current,0,47,,Yes,35,55,15,0,0,26.5,B,Moderate-Low,0.015,0.6,1916.84,0.009
LN01839,SMB,Equipment,2021-12-03,2023-11-23,185500,24,11.32,8673.34,9275.0,0.05,569,0.3342,,154517,Retired,2.1,AZ,Healthcare,Equipment,Current,0,24,,No,100,20,15,25,0,39.8,C,Moderate,0.04,0.6,222.6,0.024
LN01840,SMB,Real Estate,2020-01-21,2026-12-15,138500,84,10.03,2301.41,46162.05,0.3333,770,0.2344,,147464,Employed,5.4,GA,Technology,Business Assets,Current,0,56,,Yes,10,10,15,5,0,8.2,A,Low Risk,0.005,0.6,138.49,0.003
LN01841,SMB,Inventory,2020-04-26,2022-04-16,321500,24,10.94,14975.47,16075.0,0.05,664,0.3279,,230446,Employed,12.4,FL,Manufacturing,Equipment,Current,0,24,,No,35,20,15,0,0,17.8,B,Moderate-Low,0.015,0.6,144.67,0.009
LN01842,SMB,Equipment,2021-10-05,2022-09-30,109000,12,9.63,9564.08,5450.0,0.05,750,0.2888,,262532,Employed,10.8,VA,Finance,Real Estate,Current,0,12,,No,10,20,15,0,0,10.2,A,Low Risk,0.005,0.6,16.35,0.003
LN01843,SMB,Working Capital,2022-03-25,2029-02-16,76500,84,8.11,1196.54,50092.2,0.6548,845,0.4793,,448032,Self-Employed,8.3,TN,Manufacturing,Business Assets,Current,0,29,,No,0,55,15,30,0,19.0,B,Moderate-Low,0.015,0.6,450.83,0.009
LN01844,SMB,Expansion,2021-02-25,2028-01-20,326000,84,10.65,5522.1,163000.0,0.5,622,0.4821,,200515,Self-Employed,5.7,TN,Construction,Equipment,Current,0,42,,No,55,55,15,30,0,35.5,C,Moderate,0.04,0.6,3912.0,0.024
LN01845,SMB,Equipment,2022-01-21,2025-01-05,334000,36,10.9,10918.92,46392.6,0.1389,686,0.3619,,206258,Employed,28.9,MO,Real Estate,Real Estate,Current,0,31,,Yes,35,35,15,0,0,21.5,B,Moderate-Low,0.015,0.6,417.53,0.009
LN01846,SMB,Inventory,2022-10-28,2029-09-21,98500,84,10.6,1665.92,72702.85,0.7381,622,0.3132,,265187,Employed,17.6,NY,Manufacturing,Unsecured,Current,0,22,,Yes,55,20,15,0,0,23.8,B,Moderate-Low,0.015,0.6,654.33,0.009
LN01847,SMB,Real Estate,2021-02-20,2022-02-15,25000,12,10.21,2200.34,1250.0,0.05,729,0.3741,,500000,Self-Employed,8.2,IL,Manufacturing,Equipment,Current,0,12,,No,20,35,15,30,0,20.0,B,Moderate-Low,0.015,0.6,11.25,0.009
LN01848,SMB,Equipment,2021-03-07,2028-01-30,450500,84,8.08,7039.56,225250.0,0.5,850,0.2506,,369036,Employed,0.7,NY,Retail,Business Assets,Current,0,42,,No,0,10,15,25,0,7.2,A,Low Risk,0.005,0.6,675.75,0.003
LN01849,SMB,Working Capital,2023-08-24,2028-07-28,356500,60,9.34,7459.32,285200.0,0.8,742,0.3367,,353669,Contract,6.6,MA,Technology,Unsecured,Current,0,12,,No,10,20,15,25,0,12.8,A,Low Risk,0.005,0.6,855.6,0.003
LN01850,SMB,Working Capital,2021-07-23,2024-07-07,45500,36,9.0,1446.89,2275.0,0.05,767,0.2941,,214778,Employed,2.9,MD,Manufacturing,Business Assets,Current,0,36,,No,10,20,15,15,0,11.8,A,Low Risk,0.005,0.6,6.82,0.003
LN01851,SMB,Inventory,2022-02-25,2029-01-19,110500,84,11.01,1892.61,71040.45,0.6429,629,0.3065,,500000,Employed,6.2,TN,Construction,Unsecured,Current,0,30,,No,55,20,15,5,0,24.2,B,Moderate-Low,0.015,0.6,639.36,0.009
LN01852,SMB,Inventory,2021-04-04,2022-03-30,127000,12,8.84,11096.92,6350.0,0.05,806,0.3404,,178521,Employed,5.5,OH,Manufacturing,Business Assets,Current,0,12,,No,0,20,15,5,0,7.8,A,Low Risk,0.005,0.6,19.05,0.003
LN01853,SMB,Expansion,2023-01-14,2024-01-09,135000,12,9.27,11822.86,44995.5,0.3333,698,0.3674,,114019,Retired,5.1,CA,Transportation,Real Estate,Severely Delinquent,4,8,,Yes,35,35,15,15,100,43.0,C,Moderate,0.04,0.6,1079.89,0.024
LN01854,SMB,Real Estate,2024-03-30,2026-03-20,225500,24,10.86,10495.42,178528.35,0.7917,648,0.4432,,148343,Employed,4.0,CA,Education,Unsecured,Current,0,5,,No,55,55,15,15,0,34.0,C,Moderate,0.04,0.6,4284.68,0.024
LN01855,SMB,Expansion,2020-08-11,2021-08-06,94000,12,8.85,8213.9,4700.0,0.05,820,0.1994,,258636,Employed,4.0,MO,Education,Unsecured,Current,0,12,,Yes,0,0,15,15,0,3.8,A,Low Risk,0.005,0.6,14.1,0.003
LN01856,SMB,Expansion,2024-01-12,2030-12-06,333000,84,9.71,5478.43,305261.1,0.9167,716,0.4219,,60937,Self-Employed,11.2,MD,Education,Equipment,Current,0,7,,No,20,35,15,25,0,19.5,B,Moderate-Low,0.015,0.6,2747.35,0.009
LN01857,SMB,Working Capital,2024-03-07,2029-02-09,91500,60,10.03,1945.46,83878.05,0.9167,722,0.3251,,268093,Employed,0.5,GA,Manufacturing,Real Estate,Current,0,5,,Yes,20,20,15,25,0,15.8,B,Moderate-Low,0.015,0.6,754.9,0.009
LN01858,SMB,Inventory,2021-05-26,2022-05-21,293000,12,10.12,25775.71,97656.9,0.3333,735,0.3393,,246054,Employed,1.5,MI,Transportation,Business Assets,Severely Delinquent,4,8,,Yes,20,20,15,25,100,35.8,C,Moderate,0.04,0.6,2343.77,0.024
LN01859,SMB,Real Estate,2022-01-10,2024-12-25,133500,36,11.12,4378.21,14831.85,0.1111,645,0.3697,,347473,Self-Employed,5.9,NC,Healthcare,Business Assets,Current,0,32,,No,55,35,15,30,0,30.5,C,Moderate,0.04,0.6,355.96,0.024
LN01860,SMB,Equipment,2023-03-10,2026-02-22,499500,36,11.35,16435.9,249750.0,0.5,622,0.2072,,500000,Self-Employed,5.7,NJ,Construction,Unsecured,Current,0,18,,No,55,10,15,30,0,24.2,B,Moderate-Low,0.015,0.6,2247.75,0.009
LN01861,SMB,Expansion,2022-06-19,2023-06-14,466500,12,11.47,41332.39,23325.0,0.05,574,0.3392,,500000,Employed,0.5,CA,Hospitality,Unsecured,Current,0,12,,No,100,20,15,25,0,39.8,C,Moderate,0.04,0.6,559.8,0.024
LN01862,SMB,Working Capital,2022-04-16,2024-04-05,283500,24,10.35,13127.93,14175.0,0.05,622,0.395,,164477,Employed,7.6,TX,Transportation,Real Estate,Current,0,24,,Yes,55,35,15,5,0,28.0,B,Moderate-Low,0.015,0.6,127.57,0.009
LN01863,SMB,Expansion,2021-10-05,2028-08-29,349500,84,11.2,6021.11,203863.35,0.5833,646,0.394,,364188,Employed,6.6,FL,Manufacturing,Real Estate,Current,0,35,,Yes,55,35,15,5,0,28.0,B,Moderate-Low,0.015,0.6,1834.77,0.009
LN01864,SMB,Equipment,2020-09-17,2025-08-22,462000,60,10.07,9832.05,92400.0,0.2,708,0.3152,,136874,Employed,5.6,GA,Retail,Business Assets,Current,0,48,,No,20,20,15,5,0,13.8,A,Low Risk,0.005,0.6,277.2,0.003
LN01865,SMB,Real Estate,2023-09-02,2024-08-27,478500,12,10.97,42283.93,23925.0,0.05,627,0.4113,,500000,Employed,1.8,TX,Transportation,Unsecured,Current,0,12,,Yes,55,35,15,25,0,30.0,C,Moderate,0.04,0.6,574.2,0.024
LN01866,SMB,Working Capital,2020-03-26,2023-03-11,319500,36,10.1,10324.37,15975.0,0.05,651,0.2611,,91909,Self-Employed,8.0,MO,Manufacturing,Real Estate,Current,0,36,,No,55,10,15,30,0,24.2,B,Moderate-Low,0.015,0.6,143.77,0.009
LN01867,SMB,Working Capital,2023-10-21,2024-10-15,146000,12,10.12,12843.87,24338.2,0.1667,702,0.2896,,500000,Employed,11.8,VA,Real Estate,Equipment,Current,0,10,,No,20,20,15,0,0,13.2,A,Low Risk,0.005,0.6,73.01,0.003
LN01868,SMB,Real Estate,2020-06-07,2021-06-02,270500,12,8.8,23630.54,13525.0,0.05,850,0.3414,,272976,Employed,9.4,IN,Retail,Business Assets,Current,0,12,,No,0,20,15,5,0,7.8,A,Low Risk,0.005,0.6,40.58,0.003
LN01869,SMB,Inventory,2021-10-29,2023-10-19,408500,24,10.32,18910.59,20425.0,0.05,699,0.2941,,108826,Employed,1.3,MD,Education,Business Assets,Current,0,24,,No,35,20,15,25,0,20.2,B,Moderate-Low,0.015,0.6,183.82,0.009
LN01870,SMB,Expansion,2020-10-20,2023-10-05,271500,36,9.21,8660.19,13575.0,0.05,769,0.4065,,500000,Employed,0.5,CA,Education,Real Estate,Current,0,36,,No,10,35,15,25,0,16.5,B,Moderate-Low,0.015,0.6,122.18,0.009
LN01871,SMB,Equipment,2022-08-21,2025-08-05,275500,36,10.37,8937.54,91824.15,0.3333,698,0.2918,,122144,Employed,8.6,MI,Technology,Real Estate,Current,0,24,,No,35,20,15,5,0,18.2,B,Moderate-Low,0.015,0.6,826.42,0.009
LN01872,SMB,Real Estate,2020-11-03,2023-10-19,332500,36,9.41,10636.97,16625.0,0.05,788,0.1605,,450787,Employed,3.2,MD,Real Estate,Equipment,Current,0,36,,Yes,0,0,15,15,0,3.8,A,Low Risk,0.005,0.6,49.88,0.003
LN01873,SMB,Expansion,2024-01-05,2030-11-29,259500,84,10.96,4437.82,234795.6,0.9048,602,0.3439,,80097,Self-Employed,2.7,IN,Education,Equipment,Current,0,8,,No,75,20,15,40,0,33.8,C,Moderate,0.04,0.6,5635.09,0.024
LN01874,SMB,Working Capital,2020-03-07,2027-01-30,93000,84,10.53,1569.5,33210.3,0.3571,650,0.2688,,284400,Employed,0.5,IL,Retail,Business Assets,Current,0,54,,No,55,10,15,25,0,23.8,B,Moderate-Low,0.015,0.6,298.89,0.009
LN01875,SMB,Inventory,2022-10-28,2029-09-21,444000,84,8.77,7091.83,327716.4,0.7381,829,0.3696,,336696,Employed,3.5,MD,Hospitality,Business Assets,Current,0,22,,No,0,35,15,15,0,12.5,A,Low Risk,0.005,0.6,983.15,0.003
LN01876,SMB,Real Estate,2023-05-28,2024-05-22,455000,12,10.97,40207.29,22750.0,0.05,665,0.4331,,296585,Self-Employed,5.3,TN,Real Estate,Unsecured,Current,0,12,,Yes,35,55,15,30,0,29.5,B,Moderate-Low,0.015,0.6,204.75,0.009
LN01877,SMB,Equipment,2021-02-03,2024-01-19,123000,36,10.69,4008.83,6150.0,0.05,654,0.4485,,240629,Employed,1.4,MD,Retail,Real Estate,Current,0,36,,Yes,55,55,15,25,0,35.0,C,Moderate,0.04,0.6,147.6,0.024
LN01878,SMB,Working Capital,2021-04-17,2024-04-01,75500,36,11.01,2472.13,3775.0,0.05,627,0.3084,,271848,Employed,5.4,MA,Construction,Equipment,Current,0,36,,Yes,55,20,15,5,0,24.2,B,Moderate-Low,0.015,0.6,33.97,0.009
LN01879,SMB,Real Estate,2022-01-11,2026-12-16,306000,60,9.32,6399.69,142810.2,0.4667,778,0.2812,,313022,Employed,0.5,FL,Real Estate,Business Assets,Current,0,32,,No,10,20,15,25,0,12.8,A,Low Risk,0.005,0.6,428.43,0.003
LN01880,SMB,Inventory,2023-05-24,2028-04-27,408000,60,10.16,8700.95,306000.0,0.75,731,0.452,,414718,Employed,2.4,GA,Transportation,Equipment,Current,0,15,,Yes,20,55,15,15,0,23.5,B,Moderate-Low,0.015,0.6,2754.0,0.009
LN01881,SMB,Inventory,2023-01-06,2024-12-26,236500,24,10.42,10959.18,39424.55,0.1667,701,0.295,,279626,Self-Employed,1.9,GA,Transportation,Equipment,Current,0,20,,No,20,20,15,50,0,18.2,B,Moderate-Low,0.015,0.6,354.82,0.009
LN01882,SMB,Working Capital,2024-06-17,2027-06-02,126500,36,9.24,4036.81,119466.6,0.9444,802,0.2857,,118714,Employed,6.7,MI,Education,Business Assets,Current,0,2,,No,0,20,15,5,0,7.8,A,Low Risk,0.005,0.6,358.4,0.003
LN01883,SMB,Equipment,2022-10-31,2027-10-05,132500,60,7.96,2684.09,83912.25,0.6333,850,0.3187,,341931,Employed,4.2,IL,Construction,Equipment,Current,0,22,,No,0,20,15,15,0,8.8,A,Low Risk,0.005,0.6,251.74,0.003
LN01884,SMB,Real Estate,2020-12-07,2021-12-02,487000,12,10.23,42867.15,24350.0,0.05,732,0.1481,,500000,Employed,1.8,NY,Healthcare,Unsecured,Current,0,12,,Yes,20,0,15,25,0,10.8,A,Low Risk,0.005,0.6,73.05,0.003
LN01885,SMB,Equipment,2020-03-10,2022-02-28,57500,24,10.29,2661.04,2875.0,0.05,726,0.4174,,500000,Employed,16.4,AZ,Finance,Business Assets,Current,0,24,,No,20,35,15,0,0,17.0,B,Moderate-Low,0.015,0.6,25.87,0.009
LN01886,SMB,Expansion,2022-12-20,2029-11-13,349000,84,10.64,5909.87,265903.1,0.7619,631,0.1783,,200192,Retired,2.7,WA,Education,Equipment,Current,0,20,,Yes,55,0,15,25,0,21.2,B,Moderate-Low,0.015,0.6,2393.13,0.009
LN01887,SMB,Expansion,2021-05-09,2028-04-02,239000,84,9.88,3952.88,125188.2,0.5238,699,0.3374,,333524,Employed,19.0,MI,Technology,Business Assets,Current,0,40,,No,35,20,15,0,0,17.8,B,Moderate-Low,0.015,0.6,1126.69,0.009
LN01888,SMB,Inventory,2024-02-21,2025-02-15,226500,12,11.47,20068.14,113250.0,0.5,617,0.4161,,354917,Retired,1.1,VA,Education,Unsecured,Current,0,6,,Yes,75,35,15,35,0,37.0,C,Moderate,0.04,0.6,2718.0,0.024
LN01889,SMB,Equipment,2024-03-31,2027-03-16,142000,36,11.09,4654.95,122276.2,0.8611,576,0.3317,,486558,Self-Employed,12.5,TN,Finance,Business Assets,Current,0,5,,No,100,20,15,25,0,39.8,C,Moderate,0.04,0.6,2934.63,0.024
LN01890,SMB,Inventory,2023-04-30,2024-04-24,438000,12,10.48,38605.01,21900.0,0.05,663,0.3256,,69458,Employed,0.5,MD,Real Estate,Unsecured,Current,0,12,,Yes,35,20,15,25,0,20.2,B,Moderate-Low,0.015,0.6,197.1,0.009
LN01891,SMB,Expansion,2020-12-27,2025-12-01,102000,60,10.19,2176.75,27203.4,0.2667,706,0.3362,,279200,Self-Employed,13.2,IN,Retail,Business Assets,Current,0,44,,No,20,20,15,25,0,15.8,B,Moderate-Low,0.015,0.6,244.83,0.009
LN01892,SMB,Real Estate,2022-10-07,2025-09-21,417500,36,9.47,13367.9,150759.25,0.3611,793,0.3994,,375349,Employed,4.6,NJ,Manufacturing,Unsecured,Current,0,23,,Yes,0,35,15,15,0,12.5,A,Low Risk,0.005,0.6,452.28,0.003
LN01893,SMB,Equipment,2022-02-25,2025-02-09,355500,36,10.14,11494.37,59261.85,0.1667,676,0.4142,,500000,Self-Employed,1.1,NJ,Retail,Business Assets,Current,0,30,,No,35,35,15,50,0,26.5,B,Moderate-Low,0.015,0.6,533.36,0.009
LN01894,SMB,Real Estate,2022-11-29,2027-11-03,400500,60,9.61,8432.79,260325.0,0.65,717,0.3602,,234007,Employed,18.5,NC,Healthcare,Real Estate,Current,0,21,,No,20,35,15,0,0,17.0,B,Moderate-Low,0.015,0.6,2342.92,0.009
LN01895,SMB,Expansion,2021-08-06,2024-07-21,285000,36,10.86,9311.65,14250.0,0.05,611,0.3395,,149245,Employed,2.8,PA,Construction,Unsecured,Current,0,36,,Yes,75,20,15,15,0,31.2,C,Moderate,0.04,0.6,342.0,0.024
LN01896,SMB,Expansion,2020-12-12,2022-12-02,411000,24,8.54,18689.8,20550.0,0.05,844,0.2706,,353516,Retired,13.2,MI,Retail,Business Assets,Current,0,24,,No,0,10,15,10,0,5.8,A,Low Risk,0.005,0.6,61.65,0.003
LN01897,SMB,Real Estate,2020-10-15,2023-09-30,465500,36,12.19,15503.54,23275.0,0.05,537,0.361,,142374,Employed,5.6,NY,Technology,Equipment,Current,0,36,,Yes,100,35,15,5,0,41.5,C,Moderate,0.04,0.6,558.6,0.024
LN01898,SMB,Equipment,2020-03-22,2027-02-14,160500,84,11.15,2760.83,57314.55,0.3571,643,0.4238,,227254,Employed,3.8,MO,Construction,Business Assets,Current,0,54,,Yes,55,35,15,15,0,29.0,B,Moderate-Low,0.015,0.6,515.83,0.009
LN01899,SMB,Real Estate,2022-01-26,2023-01-21,339000,12,10.98,29958.22,16950.0,0.05,640,0.3698,,500000,Employed,4.4,OH,Construction,Unsecured,Current,0,12,,No,55,35,15,15,0,29.0,B,Moderate-Low,0.015,0.6,152.55,0.009
LN01900,SMB,Working Capital,2020-09-15,2027-08-10,74500,84,9.35,1211.91,31930.7,0.4286,760,0.437,,207017,Employed,22.7,MA,Construction,Business Assets,Current,0,48,,No,10,55,15,0,0,19.0,B,Moderate-Low,0.015,0.6,287.38,0.009
LN01901,SMB,Equipment,2022-10-07,2027-09-11,65000,60,7.93,1315.79,40085.5,0.6167,850,0.3861,,500000,Employed,5.1,NC,Healthcare,Real Estate,Current,0,23,,No,0,35,15,5,0,11.5,A,Low Risk,0.005,0.6,120.26,0.003
LN01902,SMB,Expansion,2020-06-10,2023-05-26,121500,36,11.3,3995.04,10120.95,0.0833,605,0.276,,281721,Self-Employed,4.3,GA,Hospitality,Equipment,Delinquent,3,33,,Yes,75,10,15,40,75,46.2,C,Moderate,0.04,0.6,242.9,0.024
LN01903,SMB,Real Estate,2021-07-19,2024-07-03,131000,36,9.63,4204.28,6550.0,0.05,746,0.3047,,259930,Employed,13.5,MA,Real Estate,Business Assets,Current,0,36,,Yes,10,20,15,0,0,10.2,A,Low Risk,0.005,0.6,19.65,0.003
LN01904,SMB,Real Estate,2022-06-06,2023-06-01,380000,12,10.02,33411.57,19000.0,0.05,709,0.3839,,500000,Retired,2.6,NY,Retail,Real Estate,Current,0,12,,No,20,35,15,25,0,19.5,B,Moderate-Low,0.015,0.6,171.0,0.009
LN01905,SMB,Working Capital,2023-09-15,2030-08-09,93000,84,11.78,1630.78,80817.0,0.869,573,0.2254,,490361,Retired,8.1,TX,Finance,Equipment,Current,0,11,,No,100,10,15,15,0,36.2,C,Moderate,0.04,0.6,1939.61,0.024
LN01906,SMB,Expansion,2022-02-09,2029-01-03,402000,84,8.46,6358.18,253662.0,0.631,848,0.4453,,184446,Self-Employed,4.5,GA,Finance,Unsecured,Current,0,31,,No,0,55,15,40,0,20.0,B,Moderate-Low,0.015,0.6,2282.96,0.009
LN01907,SMB,Equipment,2021-01-18,2025-12-23,183500,60,10.3,3925.97,48939.45,0.2667,709,0.272,,187551,Employed,10.7,TN,Hospitality,Business Assets,Current,0,44,,No,20,10,15,0,0,10.8,A,Low Risk,0.005,0.6,146.82,0.003
LN01908,SMB,Real Estate,2020-01-07,2021-12-27,370000,24,11.43,17318.86,18500.0,0.05,582,0.355,,500000,Employed,7.9,AZ,Finance,Equipment,Current,0,24,,No,75,20,15,5,0,30.2,C,Moderate,0.04,0.6,444.0,0.024
LN01909,SMB,Real Estate,2022-05-06,2023-05-01,334000,12,9.52,29289.4,16700.0,0.05,743,0.4068,,500000,Employed,0.5,NC,Real Estate,Equipment,Current,0,12,,Yes,10,35,15,25,0,16.5,B,Moderate-Low,0.015,0.6,150.3,0.009
LN01910,SMB,Equipment,2022-12-22,2027-11-26,105500,60,11.19,2303.83,70336.85,0.6667,559,0.3585,,328760,Retired,4.0,PA,Construction,Real Estate,Current,0,20,,No,100,20,15,25,0,39.8,C,Moderate,0.04,0.6,1688.08,0.024
LN01911,SMB,Real Estate,2024-06-19,2029-05-24,390500,60,10.47,8387.57,377496.35,0.9667,657,0.4433,,158757,Employed,5.7,WA,Manufacturing,Unsecured,Current,0,2,,Yes,55,55,15,5,0,33.0,C,Moderate,0.04,0.6,9059.91,0.024
LN01912,SMB,Expansion,2021-03-24,2022-03-19,357000,12,8.97,31215.21,17850.0,0.05,823,0.3826,,376986,Contract,5.4,NY,Construction,Unsecured,Current,0,12,,No,0,35,15,25,0,13.5,A,Low Risk,0.005,0.6,53.55,0.003
LN01913,SMB,Inventory,2021-05-21,2024-05-05,201000,36,10.15,6499.87,10050.0,0.05,722,0.2664,,461545,Employed,4.2,AZ,Healthcare,Real Estate,Current,0,36,,No,20,10,15,15,0,12.2,A,Low Risk,0.005,0.6,30.15,0.003
LN01914,SMB,Inventory,2023-11-28,2026-11-12,356000,36,11.26,11698.87,267000.0,0.75,641,0.3732,,500000,Self-Employed,4.8,WA,Transportation,Unsecured,Current,0,9,,No,55,35,15,40,0,31.5,C,Moderate,0.04,0.6,6408.0,0.024
LN01915,SMB,Expansion,2023-11-08,2028-10-12,228000,60,9.82,4824.16,193800.0,0.85,749,0.2938,,297080,Employed,0.5,GA,Education,Equipment,Current,0,9,,Yes,10,20,15,25,0,12.8,A,Low Risk,0.005,0.6,581.4,0.003
LN01916,SMB,Expansion,2023-02-25,2024-02-20,488000,12,12.02,43362.77,24400.0,0.05,557,0.3981,,175923,Employed,3.7,NJ,Education,Unsecured,Current,0,12,,Yes,100,35,15,15,0,42.5,C,Moderate,0.04,0.6,585.6,0.024
LN01917,SMB,Working Capital,2022-05-20,2027-04-24,192000,60,10.5,4126.83,105600.0,0.55,638,0.3901,,180694,Employed,1.0,WA,Construction,Real Estate,Current,0,27,,No,55,35,15,25,0,30.0,C,Moderate,0.04,0.6,2534.4,0.024
LN01918,SMB,Inventory,2021-11-26,2023-11-16,294000,24,10.1,13580.18,14700.0,0.05,695,0.3472,,151650,Employed,3.3,TX,Transportation,Equipment,Current,0,24,,Yes,35,20,15,15,0,19.2,B,Moderate-Low,0.015,0.6,132.3,0.009
LN01919,SMB,Working Capital,2023-01-02,2024-12-22,376500,24,10.71,17497.2,62762.55,0.1667,694,0.1014,,153597,Self-Employed,8.3,OH,Finance,Real Estate,Current,0,20,,Yes,35,0,15,30,0,15.8,B,Moderate-Low,0.015,0.6,564.86,0.009
LN01920,SMB,Working Capital,2023-01-10,2029-12-04,87500,84,11.46,1519.46,66666.25,0.7619,637,0.2685,,303432,Contract,5.7,CA,Healthcare,Unsecured,Current,0,20,,Yes,55,10,15,25,0,23.8,B,Moderate-Low,0.015,0.6,600.0,0.009
LN01921,SMB,Working Capital,2021-12-23,2024-12-07,486500,36,10.49,15810.14,54050.15,0.1111,692,0.3524,,200049,Employed,5.0,MO,Real Estate,Equipment,Current,0,32,,No,35,20,15,5,0,18.2,B,Moderate-Low,0.015,0.6,486.45,0.009
LN01922,SMB,Inventory,2021-02-10,2028-01-05,371000,84,11.56,6462.19,181085.1,0.4881,623,0.4883,,277445,Self-Employed,8.8,PA,Manufacturing,Equipment,Current,0,43,,No,55,55,15,30,0,35.5,C,Moderate,0.04,0.6,4346.04,0.024
LN01923,SMB,Real Estate,2022-02-04,2024-01-25,173000,24,10.31,8007.85,8650.0,0.05,655,0.3467,,119008,Employed,4.2,NJ,Technology,Equipment,Current,0,24,,No,55,20,15,15,0,25.2,B,Moderate-Low,0.015,0.6,77.85,0.009
LN01924,SMB,Inventory,2020-02-11,2021-02-05,293500,12,9.57,25744.65,14675.0,0.05,717,0.1901,,128872,Employed,0.5,IN,Technology,Unsecured,Current,0,12,,No,20,0,15,25,0,10.8,A,Low Risk,0.005,0.6,44.02,0.003
LN01925,SMB,Equipment,2021-08-02,2023-07-23,382000,24,10.25,17671.47,19100.0,0.05,734,0.2893,,417959,Employed,13.7,MI,Manufacturing,Business Assets,Current,0,24,,Yes,20,20,15,0,0,13.2,A,Low Risk,0.005,0.6,57.3,0.003
LN01926,SMB,Equipment,2024-05-24,2025-05-19,258500,12,9.11,22619.4,193875.0,0.75,723,0.2774,,91727,Self-Employed,4.4,WA,Healthcare,Real Estate,Current,0,3,,Yes,20,10,15,40,0,14.8,A,Low Risk,0.005,0.6,581.62,0.003
LN01927,SMB,Inventory,2020-05-31,2021-05-26,82000,12,10.75,7237.74,4100.0,0.05,649,0.4757,,110163,Self-Employed,2.9,IN,Technology,Business Assets,Current,0,12,,Yes,55,55,15,40,0,36.5,C,Moderate,0.04,0.6,98.4,0.024
LN01928,SMB,Real Estate,2023-05-23,2030-04-16,321000,84,8.25,5043.25,263669.4,0.8214,786,0.3354,,201928,Employed,7.6,IL,Retail,Unsecured,Current,0,15,,No,0,20,15,5,0,7.8,A,Low Risk,0.005,0.6,791.01,0.003
LN01929,SMB,Working Capital,2021-10-01,2028-08-25,291000,84,8.89,4665.69,169740.3,0.5833,790,0.3713,,233648,Employed,12.5,NJ,Manufacturing,Real Estate,Current,0,35,,No,0,35,15,0,0,11.0,A,Low Risk,0.005,0.6,509.22,0.003
LN01930,SMB,Real Estate,2021-02-19,2026-01-24,54000,60,8.05,1096.22,15298.2,0.2833,798,0.4577,,379931,Employed,10.6,NY,Education,Unsecured,Current,0,43,,Yes,0,55,15,0,0,16.0,B,Moderate-Low,0.015,0.6,137.68,0.009
LN01931,SMB,Inventory,2022-05-29,2025-05-13,394000,36,10.43,12792.96,98500.0,0.25,724,0.4777,,196956,Employed,4.3,FL,Construction,Real Estate,Current,0,27,,No,20,55,15,15,0,23.5,B,Moderate-Low,0.015,0.6,886.5,0.009
LN01932,SMB,Inventory,2023-12-10,2026-11-24,207500,36,8.65,6564.7,172909.75,0.8333,850,0.3128,,263338,Employed,5.7,GA,Real Estate,Unsecured,Delinquent,2,6,,Yes,0,20,15,5,55,18.8,B,Moderate-Low,0.015,0.6,1556.19,0.009
LN01933,SMB,Real Estate,2024-01-03,2030-11-27,398000,84,9.11,6425.69,360110.4,0.9048,795,0.1975,,271449,Employed,7.9,NY,Education,Business Assets,Current,0,8,,No,0,0,15,5,0,2.8,A,Low Risk,0.005,0.6,1080.33,0.003
LN01934,SMB,Working Capital,2022-07-04,2024-06-23,236000,24,9.73,10860.82,11800.0,0.05,758,0.2817,,500000,Employed,3.5,VA,Real Estate,Real Estate,Current,0,24,,No,10,20,15,15,0,11.8,A,Low Risk,0.005,0.6,35.4,0.003
LN01935,SMB,Equipment,2023-07-14,2025-07-03,336500,24,11.35,15738.27,154217.95,0.4583,626,0.4001,,320526,Employed,1.9,FL,Construction,Equipment,Current,0,13,,Yes,55,35,15,25,0,30.0,C,Moderate,0.04,0.6,3701.23,0.024
LN01936,SMB,Real Estate,2021-05-26,2028-04-19,293500,84,11.52,5106.04,157227.95,0.5357,620,0.3849,,171007,Employed,15.0,FL,Hospitality,Unsecured,Current,0,39,,Yes,55,35,15,0,0,27.5,B,Moderate-Low,0.015,0.6,1415.05,0.009
LN01937,SMB,Inventory,2024-04-06,2031-03-01,28000,84,10.87,477.52,26667.2,0.9524,601,0.2944,,391386,Employed,1.9,GA,Education,Real Estate,Current,0,4,,No,75,20,15,25,0,32.2,C,Moderate,0.04,0.6,640.01,0.024
LN01938,SMB,Working Capital,2024-02-25,2027-02-09,129500,36,10.84,4229.86,107912.35,0.8333,666,0.4162,,70827,Self-Employed,2.6,NJ,Transportation,Real Estate,Current,0,6,,No,35,35,15,40,0,25.5,B,Moderate-Low,0.015,0.6,971.21,0.009
LN01939,SMB,Equipment,2022-04-12,2029-03-06,382500,84,10.94,6537.27,250461.0,0.6548,655,0.2849,,500000,Employed,12.7,CA,Hospitality,Unsecured,Current,0,29,,No,55,20,15,0,0,23.8,B,Moderate-Low,0.015,0.6,2254.15,0.009
LN01940,SMB,Inventory,2021-10-03,2026-09-07,101500,60,9.45,2129.21,42295.05,0.4167,710,0.4589,,260107,Employed,7.3,GA,Healthcare,Business Assets,Current,0,35,,No,20,55,15,5,0,22.5,B,Moderate-Low,0.015,0.6,380.66,0.009
LN01941,SMB,Working Capital,2023-12-03,2028-11-06,77000,60,8.85,1592.79,65450.0,0.85,742,0.3288,,500000,Employed,1.7,FL,Hospitality,Equipment,Current,0,9,,Yes,10,20,15,25,0,12.8,A,Low Risk,0.005,0.6,196.35,0.003
LN01942,SMB,Working Capital,2020-12-06,2021-12-01,279000,12,10.93,24649.37,13950.0,0.05,654,0.151,,187592,Employed,15.3,OH,Education,Business Assets,Current,0,12,,Yes,55,0,15,0,0,18.8,B,Moderate-Low,0.015,0.6,125.55,0.009
LN01943,SMB,Real Estate,2020-12-15,2025-11-19,63500,60,10.45,1363.29,15875.0,0.25,674,0.3064,,259666,Employed,3.1,IN,Education,Unsecured,Current,0,45,,No,35,20,15,15,0,19.2,B,Moderate-Low,0.015,0.6,142.88,0.009
LN01944,SMB,Expansion,2021-08-30,2022-08-25,450500,12,9.72,39547.46,22525.0,0.05,743,0.4882,,252529,Employed,1.6,NY,Hospitality,Real Estate,Current,0,12,,Yes,10,55,15,25,0,21.5,B,Moderate-Low,0.015,0.6,202.72,0.009
LN01945,SMB,Equipment,2023-06-13,2026-05-28,491500,36,9.48,15739.6,300355.65,0.6111,692,0.2777,,135175,Employed,4.7,VA,Manufacturing,Equipment,Current,0,14,,Yes,35,10,15,15,0,16.8,B,Moderate-Low,0.015,0.6,2703.2,0.009
LN01946,SMB,Expansion,2023-11-03,2030-09-27,55500,84,10.18,926.54,48895.5,0.881,712,0.3269,,81830,Self-Employed,0.9,OH,Construction,Real Estate,Current,0,10,,Yes,20,20,15,50,0,18.2,B,Moderate-Low,0.015,0.6,440.06,0.009
LN01947,SMB,Inventory,2021-03-07,2026-02-09,225000,60,10.5,4836.13,86242.5,0.3833,642,0.5265,,297834,Employed,25.4,IL,Real Estate,Business Assets,Severely Delinquent,5,37,,Yes,55,80,15,0,100,58.8,D,High,0.1,0.6,5174.55,0.06
LN01948,SMB,Working Capital,2021-01-02,2025-12-07,187500,60,10.63,4042.19,50006.25,0.2667,638,0.1524,,500000,Employed,2.7,IL,Retail,Real Estate,Current,0,44,,No,55,0,15,15,0,20.2,B,Moderate-Low,0.015,0.6,450.06,0.009
LN01949,SMB,Expansion,2023-11-22,2025-11-11,357500,24,11.05,16670.6,223437.5,0.625,628,0.4152,,349568,Employed,12.1,NY,Technology,Business Assets,Current,0,9,,Yes,55,35,15,0,0,27.5,B,Moderate-Low,0.015,0.6,2010.94,0.009
LN01950,SMB,Expansion,2022-08-17,2029-07-11,252500,84,8.19,3959.46,180360.75,0.7143,801,0.3417,,56198,Employed,3.9,WI,Real Estate,Equipment,Current,0,24,,No,0,20,15,15,0,8.8,A,Low Risk,0.005,0.6,541.08,0.003
LN01951,SMB,Inventory,2021-01-29,2022-01-24,265000,12,11.33,23461.95,13250.0,0.05,629,0.4695,,154317,Employed,1.1,NC,Real Estate,Real Estate,Current,0,12,,No,55,55,15,25,0,35.0,C,Moderate,0.04,0.6,318.0,0.024
LN01952,SMB,Real Estate,2024-04-19,2031-03-14,343000,84,10.17,5724.38,326673.2,0.9524,668,0.3471,,143611,Retired,8.1,WA,Healthcare,Equipment,Current,0,4,,No,35,20,15,15,0,19.2,B,Moderate-Low,0.015,0.6,2940.06,0.009
LN01953,SMB,Expansion,2020-11-08,2027-10-03,219500,84,10.78,3733.03,99301.8,0.4524,687,0.5034,,422538,Self-Employed,1.2,NY,Manufacturing,Equipment,Current,0,46,,No,35,80,15,50,0,37.8,C,Moderate,0.04,0.6,2383.24,0.024
LN01954,SMB,Real Estate,2020-07-28,2027-06-22,330500,84,10.19,5519.19,137719.35,0.4167,727,0.3389,,316372,Self-Employed,3.8,IL,Real Estate,Unsecured,Current,0,49,,No,20,20,15,40,0,17.2,B,Moderate-Low,0.015,0.6,1239.47,0.009
LN01955,SMB,Real Estate,2024-04-30,2031-03-25,291500,84,10.4,4899.7,277624.6,0.9524,678,0.4615,,358028,Employed,3.6,MD,Retail,Unsecured,Current,0,4,,No,35,55,15,15,0,28.0,B,Moderate-Low,0.015,0.6,2498.62,0.009
LN01956,SMB,Working Capital,2020-01-06,2021-12-26,220500,24,10.71,10247.37,11025.0,0.05,687,0.3511,,500000,Contract,3.0,GA,Finance,Equipment,Current,0,24,,No,35,20,15,35,0,21.2,B,Moderate-Low,0.015,0.6,99.22,0.009
LN01957,SMB,Working Capital,2022-08-31,2024-08-20,353000,24,10.2,16321.76,17650.0,0.05,678,0.2607,,313016,Employed,6.1,CA,Hospitality,Equipment,Current,0,24,,No,35,10,15,5,0,15.8,B,Moderate-Low,0.015,0.6,158.85,0.009
LN01958,SMB,Real Estate,2022-05-21,2027-04-25,339000,60,11.61,7474.23,186450.0,0.55,625,0.3968,,286863,Employed,9.2,TN,Retail,Business Assets,Current,0,27,,No,55,35,15,5,0,28.0,B,Moderate-Low,0.015,0.6,1678.05,0.009
LN01959,SMB,Expansion,2022-03-16,2029-02-07,38000,84,10.98,650.25,25334.6,0.6667,620,0.4599,,301245,Self-Employed,0.5,WA,Hospitality,Real Estate,Delinquent,2,28,,No,55,55,15,50,55,48.5,C,Moderate,0.04,0.6,608.03,0.024
LN01960,SMB,Equipment,2022-12-22,2025-12-06,177000,36,12.1,5887.39,78658.8,0.4444,516,0.3732,,271672,Retired,6.3,FL,Manufacturing,Equipment,Current,0,20,,No,100,35,15,15,0,42.5,C,Moderate,0.04,0.6,1887.81,0.024
LN01961,SMB,Expansion,2022-06-14,2024-06-03,133500,24,8.72,6081.78,6675.0,0.05,793,0.4016,,119777,Employed,9.2,MO,Hospitality,Business Assets,Current,0,24,,No,0,35,15,5,0,11.5,A,Low Risk,0.005,0.6,20.03,0.003
LN01962,SMB,Expansion,2023-08-28,2028-08-01,180000,60,10.54,3872.47,144000.0,0.8,682,0.3767,,255597,Employed,0.8,VA,Real Estate,Unsecured,Current,0,12,,No,35,35,15,25,0,24.0,B,Moderate-Low,0.015,0.6,1296.0,0.009
LN01963,SMB,Equipment,2021-03-13,2026-02-15,225000,60,9.95,4775.05,67500.0,0.3,686,0.3356,,234285,Employed,0.5,WI,Real Estate,Unsecured,Current,0,42,,Yes,35,20,15,25,0,20.2,B,Moderate-Low,0.015,0.6,607.5,0.009
LN01964,SMB,Expansion,2024-03-11,2026-03-01,226000,24,11.4,10575.39,178924.2,0.7917,639,0.2733,,500000,Employed,18.1,CA,Technology,Equipment,Current,0,5,,Yes,55,10,15,0,0,21.2,B,Moderate-Low,0.015,0.6,1610.32,0.009
LN01965,SMB,Expansion,2021-09-27,2028-08-21,331000,84,9.57,5421.73,193072.3,0.5833,696,0.1059,,211120,Employed,6.0,NJ,Hospitality,Real Estate,Current,0,35,,No,35,0,15,5,0,13.2,A,Low Risk,0.005,0.6,579.22,0.003
LN01966,SMB,Expansion,2023-05-27,2024-05-21,241000,12,10.01,21188.85,12050.0,0.05,688,0.5111,,500000,Employed,0.5,NC,Education,Unsecured,Current,0,12,,Yes,35,80,15,25,0,35.2,C,Moderate,0.04,0.6,289.2,0.024
LN01967,SMB,Working Capital,2023-11-25,2024-11-19,188500,12,8.32,16425.22,47125.0,0.25,789,0.3481,,260866,Employed,19.1,NC,Construction,Business Assets,Current,0,9,,No,0,20,15,0,0,7.2,A,Low Risk,0.005,0.6,141.38,0.003
LN01968,SMB,Inventory,2023-07-18,2030-06-11,294500,84,9.73,4848.06,248911.4,0.8452,705,0.2553,,211259,Employed,1.3,MA,Technology,Business Assets,Current,0,13,,No,20,10,15,25,0,13.2,A,Low Risk,0.005,0.6,746.73,0.003
LN01969,SMB,Equipment,2020-02-29,2023-02-13,265000,36,12.64,8883.02,13250.0,0.05,500,0.2807,,196052,Retired,4.3,WI,Finance,Equipment,Current,0,36,,No,100,20,15,25,0,39.8,C,Moderate,0.04,0.6,318.0,0.024
LN01970,SMB,Working Capital,2022-05-09,2023-05-04,349000,12,11.53,30931.54,116321.7,0.3333,642,0.4843,,330628,Employed,5.9,NY,Healthcare,Real Estate,Severely Delinquent,4,8,,Yes,55,55,15,5,100,53.0,D,High,0.1,0.6,6979.3,0.06
LN01971,SMB,Working Capital,2021-07-22,2028-06-15,305500,84,8.97,4910.56,170927.25,0.5595,806,0.2791,,274822,Self-Employed,1.0,OH,Real Estate,Real Estate,Current,0,37,,No,0,10,15,50,0,9.8,A,Low Risk,0.005,0.6,512.78,0.003
LN01972,SMB,Inventory,2023-04-16,2025-04-05,455000,24,8.93,20771.95,151651.5,0.3333,764,0.2563,,417373,Employed,0.5,VA,Technology,Unsecured,Current,0,16,,No,10,10,15,25,0,10.2,A,Low Risk,0.005,0.6,454.95,0.003
LN01973,SMB,Expansion,2021-01-30,2022-01-25,397500,12,10.13,34970.6,19875.0,0.05,709,0.4085,,220028,Employed,2.9,IN,Finance,Business Assets,Current,0,12,,No,20,35,15,15,0,18.5,B,Moderate-Low,0.015,0.6,178.88,0.009
LN01974,SMB,Real Estate,2020-04-01,2025-03-06,435500,60,9.6,9167.61,50822.85,0.1167,720,0.3716,,257229,Employed,2.0,NC,Finance,Unsecured,Current,0,53,,Yes,20,35,15,15,0,18.5,B,Moderate-Low,0.015,0.6,457.41,0.009
LN01975,SMB,Working Capital,2021-09-29,2022-09-24,452500,12,10.82,39954.72,22625.0,0.05,593,0.3923,,132933,Employed,1.2,NC,Construction,Real Estate,Current,0,12,,No,75,35,15,25,0,36.0,C,Moderate,0.04,0.6,543.0,0.024
LN01976,SMB,Inventory,2023-11-27,2030-10-21,282000,84,9.97,4677.16,251797.8,0.8929,704,0.3204,,286154,Employed,3.9,FL,Healthcare,Business Assets,Current,0,9,,No,20,20,15,15,0,14.8,A,Low Risk,0.005,0.6,755.39,0.003
LN01977,SMB,Real Estate,2021-01-08,2022-01-03,347500,12,11.06,30722.35,17375.0,0.05,683,0.2748,,120659,Employed,2.4,FL,Finance,Business Assets,Current,0,12,,Yes,35,10,15,15,0,16.8,B,Moderate-Low,0.015,0.6,156.38,0.009
LN01978,SMB,Equipment,2021-03-21,2022-03-16,193000,12,10.71,17031.56,48250.0,0.25,664,0.4145,,258267,Employed,26.0,MA,Retail,Real Estate,Delinquent,3,9,,Yes,35,35,15,0,75,36.5,C,Moderate,0.04,0.6,1158.0,0.024
LN01979,SMB,Expansion,2021-09-27,2023-09-17,297500,24,10.92,13854.78,14875.0,0.05,666,0.2695,,155004,Employed,0.8,TX,Manufacturing,Equipment,Current,0,24,,Yes,35,10,15,25,0,17.8,B,Moderate-Low,0.015,0.6,133.88,0.009
LN01980,SMB,Equipment,2023-03-03,2025-02-20,191000,24,9.76,8792.54,47750.0,0.25,745,0.4254,,500000,Employed,1.1,NJ,Retail,Real Estate,Current,0,18,,Yes,10,35,15,25,0,16.5,B,Moderate-Low,0.015,0.6,429.75,0.009
LN01981,SMB,Expansion,2021-08-27,2023-08-17,160500,24,9.34,7357.46,8025.0,0.05,781,0.4016,,213184,Self-Employed,21.4,NC,Construction,Business Assets,Current,0,24,,No,0,35,15,25,0,13.5,A,Low Risk,0.005,0.6,24.08,0.003
LN01982,SMB,Real Estate,2023-03-31,2026-03-15,228500,36,8.74,7238.62,120602.3,0.5278,787,0.3436,,168503,Employed,1.6,VA,Finance,Unsecured,Current,0,17,,Yes,0,20,15,25,0,9.8,A,Low Risk,0.005,0.6,361.81,0.003
LN01983,SMB,Real Estate,2023-04-13,2024-04-07,451500,12,9.59,39607.98,22575.0,0.05,711,0.2731,,161644,Employed,3.0,WA,Education,Equipment,Current,0,12,,No,20,10,15,15,0,12.2,A,Low Risk,0.005,0.6,67.72,0.003
LN01984,SMB,Real Estate,2023-08-16,2026-07-31,486000,36,8.01,15231.72,324016.2,0.6667,850,0.4167,,146851,Employed,1.9,MI,Healthcare,Real Estate,Current,0,12,,Yes,0,35,15,25,0,13.5,A,Low Risk,0.005,0.6,972.05,0.003
LN01985,SMB,Inventory,2024-05-02,2031-03-27,160000,84,9.89,2647.1,152384.0,0.9524,686,0.393,,380021,Employed,12.7,OH,Technology,Real Estate,Current,0,4,,Yes,35,35,15,0,0,21.5,B,Moderate-Low,0.015,0.6,1371.46,0.009
LN01986,SMB,Inventory,2022-11-24,2023-11-19,249000,12,10.44,21942.04,12450.0,0.05,681,0.2636,,236548,Employed,11.3,PA,Real Estate,Real Estate,Current,0,12,,Yes,35,10,15,0,0,15.2,B,Moderate-Low,0.015,0.6,112.05,0.009
LN01987,SMB,Expansion,2022-02-12,2029-01-06,79000,84,11.46,1371.86,49849.0,0.631,648,0.2841,,400864,Retired,1.5,MD,Real Estate,Business Assets,Current,0,31,,Yes,55,20,15,35,0,27.2,B,Moderate-Low,0.015,0.6,448.64,0.009
LN01988,SMB,Expansion,2020-11-21,2021-11-16,29500,12,8.77,2576.67,1475.0,0.05,792,0.2799,,125335,Employed,3.4,AZ,Finance,Business Assets,Current,0,12,,Yes,0,10,15,15,0,6.2,A,Low Risk,0.005,0.6,4.42,0.003
LN01989,SMB,Working Capital,2021-09-19,2024-09-03,433500,36,10.68,14126.63,24102.6,0.0556,682,0.3945,,184082,Employed,20.4,MO,Transportation,Unsecured,Late,1,34,,Yes,35,35,15,0,30,27.5,B,Moderate-Low,0.015,0.6,216.92,0.009
LN01990,SMB,Inventory,2023-04-30,2028-04-03,379500,60,12.01,8443.69,278287.35,0.7333,527,0.4288,,208425,Self-Employed,5.7,MD,Retail,Unsecured,Current,0,16,,No,100,35,15,30,0,44.0,C,Moderate,0.04,0.6,6678.9,0.024
LN01991,SMB,Inventory,2024-01-21,2027-01-05,472500,36,7.7,14741.13,380646.0,0.8056,826,0.4225,,355238,Employed,2.1,VA,Manufacturing,Unsecured,Current,0,7,,Yes,0,35,15,15,0,12.5,A,Low Risk,0.005,0.6,1141.94,0.003
LN01992,SMB,Inventory,2021-04-24,2022-04-19,46000,12,10.59,4056.76,2300.0,0.05,672,0.1362,,199992,Employed,18.3,IN,Transportation,Real Estate,Current,0,12,,Yes,35,0,15,0,0,12.8,A,Low Risk,0.005,0.6,6.9,0.003
LN01993,SMB,Equipment,2023-04-29,2028-04-02,258000,60,9.39,5404.62,189191.4,0.7333,730,0.2738,,500000,Employed,2.1,CA,Transportation,Real Estate,Current,0,16,,No,20,10,15,15,0,12.2,A,Low Risk,0.005,0.6,567.57,0.003
LN01994,SMB,Equipment,2021-02-10,2028-01-05,176000,84,7.75,2721.3,85905.6,0.4881,850,0.3418,,230047,Self-Employed,9.1,MD,Technology,Real Estate,Current,0,43,,No,0,20,15,30,0,10.2,A,Low Risk,0.005,0.6,257.72,0.003
LN01995,SMB,Inventory,2021-09-25,2022-09-20,95000,12,9.23,8318.03,4750.0,0.05,791,0.3462,,145512,Self-Employed,0.7,IL,Finance,Unsecured,Current,0,12,,No,0,20,15,50,0,12.2,A,Low Risk,0.005,0.6,14.25,0.003
LN01996,SMB,Expansion,2020-01-02,2024-12-06,454000,60,12.15,10133.43,52981.8,0.1167,510,0.3372,,330438,Retired,3.9,OH,Healthcare,Real Estate,Delinquent,3,53,,No,100,20,15,25,75,54.8,D,High,0.1,0.6,3178.91,0.06
LN01997,SMB,Equipment,2021-04-28,2023-04-18,105000,24,12.37,4960.88,17503.5,0.1667,591,0.2545,,84215,Employed,5.6,AZ,Hospitality,Equipment,Severely Delinquent,4,20,,No,75,10,15,5,100,47.8,C,Moderate,0.04,0.6,420.08,0.024
LN01998,SMB,Working Capital,2020-01-11,2022-12-26,152500,36,10.19,4934.36,7625.0,0.05,676,0.4333,,231321,Employed,0.5,TN,Hospitality,Unsecured,Current,0,36,,No,35,55,15,25,0,29.0,B,Moderate-Low,0.015,0.6,68.62,0.009
LN01999,SMB,Inventory,2023-12-02,2028-11-05,104000,60,8.25,2121.21,88400.0,0.85,835,0.4305,,418893,Retired,3.0,OH,Retail,Unsecured,Current,0,9,,No,0,55,15,25,0,18.5,B,Moderate-Low,0.015,0.6,795.6,0.009
LN02000,SMB,Equipment,2022-03-04,2023-02-27,424000,12,10.21,37317.76,21200.0,0.05,698,0.2553,,500000,Employed,6.4,IL,Real Estate,Unsecured,Current,0,12,,No,35,10,15,5,0,15.8,B,Moderate-Low,0.015,0.6,190.8,0.009
LN02001,SMB,Real Estate,2023-10-13,2026-09-27,212000,36,12.16,7057.65,153106.4,0.7222,592,0.4419,,500000,Employed,3.1,AZ,Real Estate,Business Assets,Current,0,10,,No,75,55,15,15,0,40.0,C,Moderate,0.04,0.6,3674.55,0.024
LN02002,SMB,Real Estate,2023-10-03,2028-09-06,57000,60,12.31,1276.88,46551.9,0.8167,569,0.3614,,200188,Employed,13.0,MD,Retail,Equipment,Current,0,11,,No,100,35,15,0,0,41.0,C,Moderate,0.04,0.6,1117.25,0.024
LN02003,SMB,Working Capital,2022-01-11,2024-12-26,281000,36,9.46,8996.01,31219.1,0.1111,723,0.1809,,241158,Employed,11.1,NJ,Healthcare,Unsecured,Current,0,32,,No,20,0,15,0,0,8.2,A,Low Risk,0.005,0.6,93.66,0.003
LN02004,SMB,Equipment,2020-10-09,2022-09-29,55500,24,11.06,2588.28,2775.0,0.05,605,0.355,,234401,Employed,4.6,TN,Education,Real Estate,Current,0,24,,Yes,75,20,15,15,0,31.2,C,Moderate,0.04,0.6,66.6,0.024
LN02005,SMB,Inventory,2021-11-26,2022-11-21,244000,12,11.31,21600.42,12200.0,0.05,590,0.4548,,296371,Self-Employed,7.7,WA,Manufacturing,Equipment,Current,0,12,,Yes,75,55,15,30,0,41.5,C,Moderate,0.04,0.6,292.8,0.024
LN02006,SMB,Inventory,2022-03-03,2025-02-15,361500,36,10.3,11715.57,90375.0,0.25,678,0.4329,,500000,Employed,2.1,TN,Finance,Equipment,Delinquent,3,27,,No,35,55,15,15,75,43.0,C,Moderate,0.04,0.6,2169.0,0.024
LN02007,SMB,Inventory,2023-10-29,2028-10-02,386000,60,10.77,8348.37,321653.8,0.8333,692,0.4003,,216022,Self-Employed,7.1,IN,Real Estate,Business Assets,Current,0,10,,No,35,35,15,30,0,24.5,B,Moderate-Low,0.015,0.6,2894.88,0.009
LN02008,SMB,Working Capital,2023-09-05,2024-08-30,441000,12,11.16,39009.23,22050.0,0.05,604,0.4884,,500000,Self-Employed,2.5,WA,Real Estate,Equipment,Current,0,12,,No,75,55,15,40,0,42.5,C,Moderate,0.04,0.6,529.2,0.024
LN02009,SMB,Inventory,2023-03-22,2025-03-11,123500,24,11.64,5792.83,36024.95,0.2917,596,0.3886,,322358,Employed,4.5,IN,Construction,Business Assets,Current,0,17,,No,75,35,15,15,0,35.0,C,Moderate,0.04,0.6,864.6,0.024
LN02010,SMB,Expansion,2022-05-15,2027-04-19,364500,60,10.57,7847.17,194387.85,0.5333,655,0.2015,,240772,Employed,7.0,TX,Transportation,Business Assets,Current,0,28,,No,55,10,15,5,0,21.8,B,Moderate-Low,0.015,0.6,1749.49,0.009
LN02011,SMB,Expansion,2022-10-25,2027-09-29,266000,60,9.17,5543.7,168457.8,0.6333,804,0.3716,,229169,Self-Employed,7.2,VA,Healthcare,Real Estate,Current,0,22,,Yes,0,35,15,30,0,14.0,A,Low Risk,0.005,0.6,505.37,0.003
LN02012,SMB,Working Capital,2022-05-18,2024-05-07,284500,24,9.04,13002.53,14225.0,0.05,829,0.3985,,221122,Self-Employed,3.6,MO,Technology,Equipment,Current,0,24,,Yes,0,35,15,40,0,15.0,B,Moderate-Low,0.015,0.6,128.02,0.009
LN02013,SMB,Real Estate,2023-12-20,2026-12-04,416000,36,9.66,13356.84,323564.8,0.7778,724,0.3639,,462745,Employed,0.8,MD,Education,Unsecured,Current,0,8,,No,20,35,15,25,0,19.5,B,Moderate-Low,0.015,0.6,2912.08,0.009
LN02014,SMB,Inventory,2022-08-09,2023-08-04,64000,12,9.55,5613.23,3200.0,0.05,676,0.2293,,473871,Employed,12.2,MI,Real Estate,Unsecured,Current,0,12,,No,35,10,15,0,0,15.2,B,Moderate-Low,0.015,0.6,28.8,0.009
LN02015,SMB,Expansion,2023-05-12,2024-05-06,333500,12,8.43,29076.99,16675.0,0.05,803,0.3812,,364706,Employed,10.7,VA,Technology,Real Estate,Current,0,12,,No,0,35,15,0,0,11.0,A,Low Risk,0.005,0.6,50.02,0.003
LN02016,SMB,Inventory,2021-07-01,2028-05-25,180500,84,11.49,3137.3,98841.8,0.5476,571,0.3586,,500000,Employed,6.9,PA,Construction,Business Assets,Current,0,38,,No,100,20,15,5,0,37.8,C,Moderate,0.04,0.6,2372.2,0.024
LN02017,SMB,Expansion,2021-09-01,2024-08-16,201500,36,10.16,6516.99,10075.0,0.05,675,0.2293,,500000,Employed,21.3,TX,Hospitality,Business Assets,Current,0,36,,No,35,10,15,0,0,15.2,B,Moderate-Low,0.015,0.6,90.68,0.009
LN02018,SMB,Working Capital,2021-05-24,2026-04-28,41500,60,11.51,912.9,14525.0,0.35,663,0.4756,,158512,Employed,1.9,PA,Finance,Equipment,Current,0,39,,Yes,35,55,15,25,0,29.0,B,Moderate-Low,0.015,0.6,130.72,0.009
LN02019,SMB,Inventory,2022-06-01,2027-05-06,78000,60,9.52,1638.91,42900.0,0.55,700,0.4566,,170404,Employed,3.2,NC,Hospitality,Equipment,Current,0,27,,Yes,20,55,15,15,0,23.5,B,Moderate-Low,0.015,0.6,386.1,0.009
LN02020,SMB,Expansion,2022-07-27,2029-06-20,142500,84,10.75,2421.26,100092.0,0.7024,625,0.345,,270382,Employed,3.3,TX,Finance,Business Assets,Current,0,25,,No,55,20,15,15,0,25.2,B,Moderate-Low,0.015,0.6,900.83,0.009
LN02021,SMB,Working Capital,2024-01-22,2030-12-16,198500,84,10.04,3299.44,181964.95,0.9167,751,0.3814,,381355,Employed,7.0,NY,Manufacturing,Real Estate,Current,0,7,,No,10,35,15,5,0,14.5,A,Low Risk,0.005,0.6,545.89,0.003
LN02022,SMB,Expansion,2022-03-31,2027-03-05,219500,60,8.55,4508.67,113415.65,0.5167,822,0.1064,,229948,Employed,2.7,CA,Education,Business Assets,Current,0,29,,No,0,0,15,15,0,3.8,A,Low Risk,0.005,0.6,340.25,0.003
LN02023,SMB,Expansion,2024-06-13,2025-06-08,370000,12,9.5,32442.9,308321.0,0.8333,714,0.2347,,234312,Employed,0.5,OH,Technology,Equipment,Current,0,2,,Yes,20,10,15,25,0,13.2,A,Low Risk,0.005,0.6,924.96,0.003
LN02024,SMB,Inventory,2023-03-20,2026-03-04,373500,36,11.55,12325.42,197133.3,0.5278,619,0.4603,,500000,Employed,3.4,TN,Finance,Real Estate,Current,0,17,,Yes,75,55,15,15,0,40.0,C,Moderate,0.04,0.6,4731.2,0.024
LN02025,SMB,Equipment,2022-10-24,2025-10-08,343500,36,10.57,11175.93,133587.15,0.3889,638,0.4267,,89741,Employed,10.0,TX,Manufacturing,Real Estate,Current,0,22,,No,55,35,15,0,0,27.5,B,Moderate-Low,0.015,0.6,1202.28,0.009
LN02026,SMB,Inventory,2022-04-13,2023-04-08,121000,12,10.9,10688.54,6050.0,0.05,643,0.3453,,500000,Employed,7.1,OH,Manufacturing,Equipment,Current,0,12,,No,55,20,15,5,0,24.2,B,Moderate-Low,0.015,0.6,54.45,0.009
LN02027,SMB,Expansion,2022-08-05,2025-07-20,441500,36,11.42,14542.11,134922.4,0.3056,630,0.241,,113203,Self-Employed,0.5,WI,Retail,Business Assets,Current,0,25,,Yes,55,10,15,50,0,26.2,B,Moderate-Low,0.015,0.6,1214.3,0.009
LN02028,SMB,Real Estate,2020-02-07,2022-01-27,132000,24,10.32,6110.64,6600.0,0.05,644,0.4578,,218962,Employed,5.1,NJ,Transportation,Real Estate,Current,0,24,,No,55,55,15,5,0,33.0,C,Moderate,0.04,0.6,158.4,0.024
LN02029,SMB,Expansion,2023-04-19,2028-03-23,448000,60,10.33,9591.58,328518.4,0.7333,746,0.2895,,429351,Employed,27.8,AZ,Construction,Unsecured,Current,0,16,,No,10,20,15,0,0,10.2,A,Low Risk,0.005,0.6,985.56,0.003
LN02030,SMB,Expansion,2020-01-26,2026-12-20,286000,84,10.53,4826.63,95323.8,0.3333,682,0.4726,,228474,Employed,2.0,NJ,Finance,Unsecured,Current,0,56,,Yes,35,55,15,15,0,28.0,B,Moderate-Low,0.015,0.6,857.91,0.009
LN02031,SMB,Equipment,2024-02-29,2029-02-02,316000,60,10.62,6810.87,284400.0,0.9,697,0.2501,,184259,Employed,0.6,TN,Manufacturing,Unsecured,Current,0,6,,No,35,10,15,25,0,17.8,B,Moderate-Low,0.015,0.6,2559.6,0.009
LN02032,SMB,Inventory,2020-03-07,2025-02-09,106500,60,9.02,2211.8,10650.0,0.1,798,0.3539,,137271,Contract,7.9,MD,Healthcare,Real Estate,Current,0,54,,No,0,20,15,25,0,9.8,A,Low Risk,0.005,0.6,31.95,0.003
LN02033,SMB,Expansion,2024-03-11,2026-03-01,377000,24,10.32,17452.37,298470.9,0.7917,639,0.372,,410237,Employed,0.7,IN,Construction,Real Estate,Current,0,5,,No,55,35,15,25,0,30.0,C,Moderate,0.04,0.6,7163.3,0.024
LN02034,SMB,Equipment,2020-03-01,2025-02-03,306500,60,10.66,6612.2,30650.0,0.1,625,0.3073,,196961,Employed,0.5,IL,Transportation,Real Estate,Current,0,54,,Yes,55,20,15,25,0,26.2,B,Moderate-Low,0.015,0.6,275.85,0.009
LN02035,SMB,Expansion,2022-04-30,2027-04-04,81500,60,9.0,1691.81,43463.95,0.5333,762,0.3459,,124997,Self-Employed,1.1,CA,Retail,Unsecured,Current,0,28,,Yes,10,20,15,50,0,15.2,B,Moderate-Low,0.015,0.6,391.18,0.009
LN02036,SMB,Working Capital,2023-01-05,2027-12-10,388500,60,10.29,8310.02,259012.95,0.6667,657,0.3058,,500000,Employed,3.1,IL,Education,Business Assets,Current,0,20,,Yes,55,20,15,15,0,25.2,B,Moderate-Low,0.015,0.6,2331.12,0.009
LN02037,SMB,Equipment,2021-03-08,2023-02-26,67500,24,9.78,3107.93,3375.0,0.05,798,0.3483,,310640,Employed,1.0,NY,Education,Equipment,Current,0,24,,No,0,20,15,25,0,9.8,A,Low Risk,0.005,0.6,10.12,0.003
LN02038,SMB,Inventory,2022-04-16,2029-03-10,95500,84,9.58,1564.77,63669.85,0.6667,784,0.4237,,378789,Self-Employed,0.5,VA,Real Estate,Real Estate,Current,0,28,,No,0,35,15,50,0,16.0,B,Moderate-Low,0.015,0.6,573.03,0.009
LN02039,SMB,Expansion,2023-07-14,2026-06-28,47000,36,10.72,1532.5,30028.3,0.6389,686,0.3526,,158949,Self-Employed,10.6,NY,Retail,Unsecured,Current,0,13,,Yes,35,20,15,25,0,20.2,B,Moderate-Low,0.015,0.6,270.25,0.009
LN02040,SMB,Inventory,2022-10-10,2027-09-14,421000,60,9.44,8829.44,259630.7,0.6167,682,0.2862,,434363,Employed,0.5,MA,Finance,Equipment,Current,0,23,,No,35,20,15,25,0,20.2,B,Moderate-Low,0.015,0.6,2336.68,0.009
LN02041,SMB,Expansion,2021-08-13,2026-07-18,106000,60,10.02,2253.23,40629.8,0.3833,723,0.2465,,182747,Employed,3.3,CA,Finance,Unsecured,Current,0,37,,No,20,10,15,15,0,12.2,A,Low Risk,0.005,0.6,121.89,0.003
LN02042,SMB,Inventory,2022-02-24,2023-02-19,197500,12,8.55,17230.48,9875.0,0.05,823,0.1847,,273503,Self-Employed,3.8,MD,Retail,Unsecured,Current,0,12,,Yes,0,0,15,40,0,6.2,A,Low Risk,0.005,0.6,29.62,0.003
LN02043,SMB,Real Estate,2023-06-21,2024-06-15,395000,12,10.58,34833.42,19750.0,0.05,625,0.4047,,360442,Employed,1.8,GA,Transportation,Business Assets,Current,0,12,,Yes,55,35,15,25,0,30.0,C,Moderate,0.04,0.6,474.0,0.024
LN02044,SMB,Expansion,2024-02-08,2031-01-02,395000,84,11.01,6765.44,366797.0,0.9286,601,0.369,,331446,Retired,2.7,AZ,Finance,Equipment,Current,0,6,,No,75,35,15,25,0,36.0,C,Moderate,0.04,0.6,8803.13,0.024
LN02045,SMB,Expansion,2023-07-05,2030-05-29,207000,84,10.07,3443.94,172493.1,0.8333,724,0.2804,,251138,Self-Employed,5.7,TN,Transportation,Business Assets,Current,0,14,,No,20,20,15,30,0,16.2,B,Moderate-Low,0.015,0.6,1552.44,0.009
LN02046,SMB,Equipment,2023-02-04,2028-01-09,381500,60,9.71,8051.42,260678.95,0.6833,733,0.4305,,402585,Retired,18.8,IN,Real Estate,Unsecured,Current,0,19,,Yes,20,55,15,10,0,23.0,B,Moderate-Low,0.015,0.6,2346.11,0.009
LN02047,SMB,Equipment,2020-12-24,2022-12-14,93500,24,9.5,4293.01,4675.0,0.05,730,0.3506,,221193,Retired,1.0,TN,Finance,Real Estate,Current,0,24,,Yes,20,20,15,35,0,16.8,B,Moderate-Low,0.015,0.6,42.08,0.009
LN02048,SMB,Inventory,2020-05-12,2023-04-27,472000,36,10.74,15394.62,23600.0,0.05,630,0.2671,,226525,Employed,2.4,CA,Retail,Unsecured,Current,0,36,,No,55,10,15,15,0,22.8,B,Moderate-Low,0.015,0.6,212.4,0.009
LN02049,SMB,Inventory,2022-06-27,2029-05-21,123000,84,9.08,1983.95,84931.5,0.6905,790,0.3738,,471260,Self-Employed,10.7,GA,Transportation,Business Assets,Current,0,26,,No,0,35,15,25,0,13.5,A,Low Risk,0.005,0.6,254.79,0.003
LN02050,SMB,Working Capital,2020-11-22,2023-11-07,204500,36,9.35,6536.41,10225.0,0.05,781,0.3372,,500000,Employed,4.5,GA,Technology,Business Assets,Current,0,36,,Yes,0,20,15,15,0,8.8,A,Low Risk,0.005,0.6,30.68,0.003
LN02051,SMB,Working Capital,2022-11-30,2027-11-04,79000,60,8.81,1632.63,51350.0,0.65,757,0.3168,,464679,Retired,2.8,TN,Manufacturing,Unsecured,Current,0,21,,Yes,10,20,15,25,0,12.8,A,Low Risk,0.005,0.6,154.05,0.003
LN02052,SMB,Real Estate,2020-09-04,2027-07-30,51000,84,10.02,847.19,21858.6,0.4286,714,0.3409,,500000,Employed,12.9,WI,Construction,Business Assets,Current,0,48,,No,20,20,15,0,0,13.2,A,Low Risk,0.005,0.6,65.58,0.003
LN02053,SMB,Inventory,2024-01-26,2028-12-30,476000,60,9.16,9917.98,420450.8,0.8833,778,0.3757,,106226,Employed,12.1,TX,Real Estate,Business Assets,Current,0,7,,No,10,35,15,0,0,14.0,A,Low Risk,0.005,0.6,1261.35,0.003
LN02054,SMB,Inventory,2024-01-07,2028-12-11,308500,60,9.77,6519.86,272498.05,0.8833,732,0.2713,,200768,Employed,1.5,IN,Healthcare,Unsecured,Current,0,7,,Yes,20,10,15,25,0,13.2,A,Low Risk,0.005,0.6,817.49,0.003
LN02055,SMB,Real Estate,2020-10-25,2021-10-20,471500,12,11.61,41806.23,23575.0,0.05,563,0.27,,500000,Self-Employed,0.5,NC,Finance,Business Assets,Current,0,12,,No,100,10,15,50,0,39.8,C,Moderate,0.04,0.6,565.8,0.024
LN02056,SMB,Equipment,2022-04-25,2025-04-09,227000,36,8.93,7211.15,50439.4,0.2222,789,0.4529,,101891,Employed,22.5,NJ,Retail,Unsecured,Current,0,28,,Yes,0,55,15,0,0,16.0,B,Moderate-Low,0.015,0.6,453.95,0.009
LN02057,SMB,Working Capital,2020-07-17,2023-07-02,116000,36,10.12,3749.53,5800.0,0.05,635,0.2904,,349581,Employed,1.0,NJ,Construction,Unsecured,Current,0,36,,No,55,20,15,25,0,26.2,B,Moderate-Low,0.015,0.6,52.2,0.009
LN02058,SMB,Inventory,2024-03-30,2026-03-20,132000,24,10.76,6137.54,104504.4,0.7917,653,0.3243,,299405,Employed,3.8,NC,Construction,Real Estate,Current,0,5,,No,55,20,15,15,0,25.2,B,Moderate-Low,0.015,0.6,940.54,0.009
LN02059,SMB,Equipment,2023-03-09,2026-02-21,202500,36,10.13,6546.47,101250.0,0.5,708,0.2594,,224024,Employed,5.0,NC,Hospitality,Equipment,Current,0,18,,Yes,20,10,15,5,0,11.2,A,Low Risk,0.005,0.6,303.75,0.003
LN02060,SMB,Real Estate,2020-02-23,2023-02-07,232000,36,11.46,7646.02,11600.0,0.05,589,0.4427,,180551,Retired,14.1,GA,Manufacturing,Real Estate,Current,0,36,,No,75,55,15,10,0,39.5,C,Moderate,0.04,0.6,278.4,0.024
LN02061,SMB,Expansion,2024-01-06,2026-12-21,213500,36,12.44,7136.21,171995.6,0.8056,568,0.4525,,351451,Employed,12.8,PA,Construction,Unsecured,Current,0,7,,No,100,55,15,0,0,46.0,C,Moderate,0.04,0.6,4127.89,0.024
LN02062,SMB,Expansion,2020-11-12,2023-10-28,392500,36,11.77,12993.54,19625.0,0.05,530,0.3022,,500000,Employed,12.8,IL,Manufacturing,Unsecured,Current,0,36,,Yes,100,20,15,0,0,37.2,C,Moderate,0.04,0.6,471.0,0.024
LN02063,SMB,Equipment,2020-02-27,2022-02-16,495000,24,8.32,22459.82,24750.0,0.05,850,0.4098,,289307,Employed,0.8,OH,Manufacturing,Business Assets,Current,0,24,,Yes,0,35,15,25,0,13.5,A,Low Risk,0.005,0.6,74.25,0.003
LN02064,SMB,Real Estate,2024-01-16,2026-12-31,323000,36,11.77,10692.77,260208.8,0.8056,612,0.2938,,500000,Self-Employed,4.8,IN,Construction,Unsecured,Current,0,7,,No,75,20,15,40,0,33.8,C,Moderate,0.04,0.6,6245.01,0.024
LN02065,SMB,Real Estate,2020-12-14,2027-11-08,452500,84,11.29,7817.07,210095.75,0.4643,676,0.1908,,165168,Employed,10.4,VA,Hospitality,Real Estate,Current,0,45,,Yes,35,0,15,0,0,12.8,A,Low Risk,0.005,0.6,630.29,0.003
LN02066,SMB,Real Estate,2022-02-13,2025-01-28,58500,36,10.42,1899.19,8125.65,0.1389,634,0.2863,,500000,Employed,3.7,TN,Finance,Unsecured,Current,0,31,,No,55,20,15,15,0,25.2,B,Moderate-Low,0.015,0.6,73.13,0.009
LN02067,SMB,Working Capital,2022-02-16,2027-01-21,271500,60,9.42,5691.4,135750.0,0.5,737,0.2832,,225344,Self-Employed,0.5,CA,Retail,Real Estate,Current,0,30,,Yes,20,20,15,50,0,18.2,B,Moderate-Low,0.015,0.6,1221.75,0.009
LN02068,SMB,Real Estate,2021-02-26,2024-02-11,101000,36,12.75,3390.94,5050.0,0.05,541,0.3554,,196393,Employed,2.1,GA,Retail,Business Assets,Current,0,36,,No,100,20,15,15,0,38.8,C,Moderate,0.04,0.6,121.2,0.024
LN02069,SMB,Working Capital,2022-10-18,2025-10-02,245000,36,7.84,7659.34,95280.5,0.3889,850,0.4297,,263367,Employed,11.6,MA,Retail,Equipment,Current,0,22,,Yes,0,35,15,0,0,11.0,A,Low Risk,0.005,0.6,285.84,0.003
LN02070,SMB,Working Capital,2023-09-22,2026-09-06,348500,36,12.13,11596.84,241998.4,0.6944,500,0.3672,,500000,Employed,9.1,TX,Hospitality,Real Estate,Current,0,11,,No,100,35,15,5,0,41.5,C,Moderate,0.04,0.6,5807.96,0.024
LN02071,SMB,Real Estate,2021-07-09,2022-07-04,334500,12,10.8,29532.47,16725.0,0.05,668,0.4066,,158276,Contract,1.0,MO,Technology,Business Assets,Current,0,12,,Yes,35,35,15,45,0,26.0,B,Moderate-Low,0.015,0.6,150.52,0.009
LN02072,SMB,Expansion,2023-03-06,2028-02-08,353500,60,9.51,7425.89,247450.0,0.7,721,0.377,,178981,Employed,0.9,IN,Retail,Equipment,Current,0,18,,Yes,20,35,15,25,0,19.5,B,Moderate-Low,0.015,0.6,2227.05,0.009
LN02073,SMB,Real Estate,2023-11-13,2025-11-02,366500,24,9.41,16812.49,229062.5,0.625,777,0.2787,,142824,Employed,8.3,MA,Hospitality,Real Estate,Current,0,9,,Yes,10,10,15,5,0,8.2,A,Low Risk,0.005,0.6,687.19,0.003
LN02074,SMB,Working Capital,2020-07-06,2023-06-21,375500,36,10.42,12190.51,18775.0,0.05,655,0.4374,,186578,Self-Employed,0.5,OH,Hospitality,Equipment,Current,0,36,,Yes,55,55,15,50,0,37.5,C,Moderate,0.04,0.6,450.6,0.024
LN02075,SMB,Real Estate,2020-05-04,2023-04-19,73500,36,10.4,2385.47,3675.0,0.05,609,0.3886,,479095,Employed,2.4,OH,Construction,Unsecured,Current,0,36,,No,75,35,15,15,0,35.0,C,Moderate,0.04,0.6,88.2,0.024
LN02076,SMB,Working Capital,2023-01-04,2023-12-30,463000,12,10.85,40888.32,23150.0,0.05,663,0.345,,333438,Employed,5.6,TX,Construction,Equipment,Current,0,12,,No,35,20,15,5,0,18.2,B,Moderate-Low,0.015,0.6,208.35,0.009
LN02077,SMB,Working Capital,2022-06-24,2023-06-19,204000,12,9.75,17911.13,10200.0,0.05,729,0.4069,,500000,Employed,5.6,FL,Transportation,Equipment,Current,0,12,,No,20,35,15,5,0,17.5,B,Moderate-Low,0.015,0.6,91.8,0.009
LN02078,SMB,Inventory,2021-09-06,2026-08-11,488000,60,10.67,10530.17,195200.0,0.4,643,0.3248,,49464,Employed,14.8,MD,Construction,Business Assets,Current,0,36,,Yes,55,20,15,0,0,23.8,B,Moderate-Low,0.015,0.6,1756.8,0.009
LN02079,SMB,Working Capital,2023-04-21,2025-04-10,323000,24,8.72,14714.71,107655.9,0.3333,755,0.3711,,486104,Self-Employed,10.5,WI,Education,Real Estate,Current,0,16,,No,10,35,15,25,0,16.5,B,Moderate-Low,0.015,0.6,968.9,0.009
LN02080,SMB,Expansion,2021-07-08,2028-06-01,419500,84,9.81,6923.08,229718.2,0.5476,716,0.147,,344285,Employed,1.7,TN,Hospitality,Unsecured,Current,0,38,,No,20,0,15,25,0,10.8,A,Low Risk,0.005,0.6,689.15,0.003
LN02081,SMB,Real Estate,2023-08-14,2026-07-29,479000,36,9.5,15343.78,319349.3,0.6667,722,0.24,,165662,Employed,9.3,MI,Real Estate,Equipment,Current,0,12,,No,20,10,15,5,0,11.2,A,Low Risk,0.005,0.6,958.05,0.003
LN02082,SMB,Inventory,2023-10-20,2026-10-04,116000,36,9.83,3733.74,83775.2,0.7222,726,0.3749,,392077,Employed,3.1,MO,Finance,Business Assets,Current,0,10,,No,20,35,15,15,0,18.5,B,Moderate-Low,0.015,0.6,753.98,0.009
LN02083,SMB,Real Estate,2020-01-14,2024-12-18,127500,60,10.07,2713.39,8504.25,0.0667,698,0.4317,,143350,Retired,20.3,NJ,Construction,Unsecured,Current,0,56,,No,35,55,15,10,0,27.5,B,Moderate-Low,0.015,0.6,76.54,0.009
LN02084,SMB,Expansion,2021-01-01,2022-12-22,318500,24,8.98,14547.67,15925.0,0.05,766,0.3794,,390974,Self-Employed,0.7,FL,Construction,Business Assets,Current,0,24,,Yes,10,35,15,50,0,19.0,B,Moderate-Low,0.015,0.6,143.32,0.009
LN02085,SMB,Equipment,2023-07-30,2026-07-14,286000,36,10.66,9317.29,182725.4,0.6389,637,0.1693,,348340,Self-Employed,6.9,MO,Retail,Business Assets,Current,0,13,,No,55,0,15,30,0,21.8,B,Moderate-Low,0.015,0.6,1644.53,0.009
LN02086,SMB,Real Estate,2021-09-21,2023-09-11,148000,24,12.68,7013.96,7400.0,0.05,514,0.3171,,164524,Employed,2.7,IN,Healthcare,Unsecured,Current,0,24,,No,100,20,15,15,0,38.8,C,Moderate,0.04,0.6,177.6,0.024
LN02087,SMB,Equipment,2023-06-02,2026-05-17,188000,36,8.94,5973.1,109660.4,0.5833,780,0.3241,,144410,Employed,20.5,OH,Finance,Real Estate,Current,0,15,,No,0,20,15,0,0,7.2,A,Low Risk,0.005,0.6,328.98,0.003
LN02088,SMB,Real Estate,2024-04-18,2026-04-08,279000,24,9.57,12819.13,255759.3,0.9167,730,0.3537,,456877,Retired,1.7,PA,Real Estate,Equipment,Delinquent,2,2,,No,20,20,15,35,55,27.8,B,Moderate-Low,0.015,0.6,2301.83,0.009
LN02089,SMB,Expansion,2022-08-28,2029-07-22,262500,84,10.28,4395.88,187503.75,0.7143,691,0.3925,,107974,Self-Employed,3.6,WI,Manufacturing,Equipment,Current,0,24,,Yes,35,35,15,40,0,25.5,B,Moderate-Low,0.015,0.6,1687.53,0.009
LN02090,SMB,Expansion,2021-09-13,2026-08-18,339500,60,10.42,7283.73,135800.0,0.4,675,0.1744,,419048,Employed,0.5,VA,Real Estate,Real Estate,Current,0,36,,No,35,0,15,25,0,15.2,B,Moderate-Low,0.015,0.6,1222.2,0.009
LN02091,SMB,Inventory,2021-09-22,2026-08-27,165000,60,9.51,3466.11,68755.5,0.4167,728,0.3429,,180431,Employed,8.9,AZ,Education,Business Assets,Current,0,35,,Yes,20,20,15,5,0,13.8,A,Low Risk,0.005,0.6,206.27,0.003
LN02092,SMB,Equipment,2022-04-17,2023-04-12,33000,12,11.28,2920.91,1650.0,0.05,634,0.4838,,156100,Employed,3.4,VA,Manufacturing,Unsecured,Current,0,12,,Yes,55,55,15,15,0,34.0,C,Moderate,0.04,0.6,39.6,0.024
LN02093,SMB,Expansion,2023-12-13,2024-12-07,357500,12,10.47,31508.13,119154.75,0.3333,708,0.2189,,325869,Employed,5.4,OH,Real Estate,Real Estate,Current,0,8,,No,20,10,15,5,0,11.2,A,Low Risk,0.005,0.6,357.46,0.003
LN02094,SMB,Expansion,2021-10-21,2022-10-16,123000,12,9.49,10784.5,6150.0,0.05,723,0.4254,,500000,Self-Employed,9.8,AZ,Retail,Equipment,Current,0,12,,No,20,35,15,30,0,20.0,B,Moderate-Low,0.015,0.6,55.35,0.009
LN02095,SMB,Working Capital,2022-10-27,2029-09-20,445500,84,11.29,7696.14,328823.55,0.7381,586,0.3663,,249419,Retired,0.9,MA,Retail,Business Assets,Current,0,22,,No,75,35,15,35,0,37.0,C,Moderate,0.04,0.6,7891.77,0.024
LN02096,SMB,Real Estate,2021-10-28,2023-10-18,374500,24,10.45,17359.16,18725.0,0.05,687,0.45,,307048,Retired,0.7,TN,Technology,Unsecured,Current,0,24,,No,35,55,15,35,0,30.0,C,Moderate,0.04,0.6,449.4,0.024
LN02097,SMB,Real Estate,2023-11-09,2028-10-13,227500,60,9.64,4793.5,193375.0,0.85,740,0.439,,327122,Employed,1.8,TN,Technology,Unsecured,Current,0,9,,No,10,55,15,25,0,21.5,B,Moderate-Low,0.015,0.6,1740.37,0.009
LN02098,SMB,Expansion,2020-04-24,2021-04-19,258500,12,9.8,22702.22,12925.0,0.05,722,0.324,,287373,Employed,1.8,NJ,Manufacturing,Unsecured,Current,0,12,,Yes,20,20,15,25,0,15.8,B,Moderate-Low,0.015,0.6,116.32,0.009
LN02099,SMB,Working Capital,2022-08-24,2023-08-19,346500,12,10.47,30538.65,17325.0,0.05,665,0.4143,,234212,Retired,7.3,IL,Education,Real Estate,Current,0,12,,No,35,35,15,15,0,23.0,B,Moderate-Low,0.015,0.6,155.92,0.009
LN02100,SMB,Equipment,2020-11-04,2022-10-25,156500,24,10.33,7245.54,7825.0,0.05,714,0.3449,,450996,Employed,4.7,MD,Construction,Business Assets,Current,0,24,,No,20,20,15,15,0,14.8,A,Low Risk,0.005,0.6,23.48,0.003
LN02101,SMB,Expansion,2021-11-02,2023-10-23,332000,24,10.71,15429.14,16600.0,0.05,682,0.3529,,201648,Employed,9.0,MD,Technology,Real Estate,Current,0,24,,No,35,20,15,5,0,18.2,B,Moderate-Low,0.015,0.6,149.4,0.009
LN02102,SMB,Expansion,2024-04-30,2026-04-20,101000,24,10.15,4667.63,84163.3,0.8333,678,0.4439,,137413,Retired,2.3,FL,Construction,Real Estate,Current,0,4,,No,35,55,15,25,0,29.0,B,Moderate-Low,0.015,0.6,757.47,0.009
LN02103,SMB,Inventory,2021-01-12,2023-01-02,136500,24,9.95,6295.63,6825.0,0.05,732,0.2767,,101430,Employed,0.6,NJ,Real Estate,Real Estate,Current,0,24,,No,20,10,15,25,0,13.2,A,Low Risk,0.005,0.6,20.48,0.003
LN02104,SMB,Working Capital,2023-10-19,2025-10-08,27000,24,10.63,1253.78,15749.1,0.5833,648,0.3014,,314811,Employed,6.0,NC,Healthcare,Equipment,Current,0,10,,Yes,55,20,15,5,0,24.2,B,Moderate-Low,0.015,0.6,141.74,0.009
LN02105,SMB,Working Capital,2022-05-25,2027-04-29,471500,60,9.43,9886.26,259325.0,0.55,728,0.4402,,431810,Self-Employed,2.2,WA,Hospitality,Business Assets,Current,0,27,,No,20,55,15,40,0,26.0,B,Moderate-Low,0.015,0.6,2333.92,0.009
LN02106,SMB,Working Capital,2020-02-03,2023-01-18,331000,36,7.8,10341.82,16550.0,0.05,850,0.4131,,245302,Employed,0.7,MD,Hospitality,Real Estate,Current,0,36,,No,0,35,15,25,0,13.5,A,Low Risk,0.005,0.6,49.65,0.003
LN02107,SMB,Working Capital,2021-08-01,2026-07-06,31500,60,10.68,679.87,12073.95,0.3833,679,0.3367,,70540,Employed,10.3,MD,Transportation,Business Assets,Current,0,37,,No,35,20,15,0,0,17.8,B,Moderate-Low,0.015,0.6,108.67,0.009
LN02108,SMB,Real Estate,2023-02-17,2024-02-12,499500,12,11.19,44190.92,24975.0,0.05,565,0.5412,,283025,Employed,7.1,NY,Transportation,Business Assets,Current,0,12,,No,100,80,15,5,0,52.8,D,High,0.1,0.6,1498.5,0.06
LN02109,SMB,Inventory,2023-06-03,2028-05-07,242000,60,9.24,5051.76,181500.0,0.75,772,0.3509,,197197,Self-Employed,6.9,OH,Construction,Real Estate,Current,0,15,,Yes,10,20,15,30,0,13.2,A,Low Risk,0.005,0.6,544.5,0.003
LN02110,SMB,Working Capital,2024-02-22,2029-01-26,38500,60,11.59,848.46,34650.0,0.9,633,0.3391,,124745,Self-Employed,3.2,IL,Transportation,Equipment,Current,0,6,,No,55,20,15,40,0,27.8,B,Moderate-Low,0.015,0.6,311.85,0.009
LN02111,SMB,Inventory,2022-07-18,2025-07-02,367000,36,8.24,11541.12,112155.2,0.3056,830,0.3872,,267708,Self-Employed,0.5,IN,Education,Business Assets,Current,0,25,,No,0,35,15,50,0,16.0,B,Moderate-Low,0.015,0.6,1009.4,0.009
LN02112,SMB,Inventory,2021-08-24,2028-07-18,232000,84,10.75,3941.97,132564.8,0.5714,642,0.3922,,317874,Employed,0.5,CA,Technology,Business Assets,Current,0,36,,No,55,35,15,25,0,30.0,C,Moderate,0.04,0.6,3181.56,0.024
LN02113,SMB,Equipment,2021-10-22,2023-10-12,148000,24,10.47,6861.6,7400.0,0.05,691,0.364,,500000,Employed,3.4,AZ,Hospitality,Real Estate,Current,0,24,,No,35,35,15,15,0,23.0,B,Moderate-Low,0.015,0.6,66.6,0.009
LN02114,SMB,Real Estate,2023-08-31,2028-08-04,333500,60,9.42,6991.09,266800.0,0.8,769,0.2578,,219580,Self-Employed,3.2,OH,Transportation,Real Estate,Current,0,12,,Yes,10,10,15,40,0,11.8,A,Low Risk,0.005,0.6,800.4,0.003
LN02115,SMB,Equipment,2021-01-21,2023-01-11,350000,24,11.52,16397.37,17500.0,0.05,582,0.213,,500000,Employed,2.7,IL,Technology,Business Assets,Current,0,24,,No,75,10,15,15,0,28.8,B,Moderate-Low,0.015,0.6,157.5,0.009
LN02116,SMB,Real Estate,2023-05-17,2030-04-10,83500,84,9.1,1347.68,68586.9,0.8214,791,0.3504,,464183,Self-Employed,6.5,TX,Healthcare,Real Estate,Current,0,15,,No,0,20,15,30,0,10.2,A,Low Risk,0.005,0.6,205.76,0.003
LN02117,SMB,Equipment,2021-10-07,2024-09-21,451500,36,11.01,14783.67,22575.0,0.05,623,0.3315,,244685,Self-Employed,11.4,GA,Finance,Real Estate,Current,0,35,,Yes,55,20,15,25,0,26.2,B,Moderate-Low,0.015,0.6,203.18,0.009
LN02118,SMB,Equipment,2021-07-09,2026-06-13,208500,60,10.72,4504.23,76456.95,0.3667,633,0.4413,,161488,Retired,0.5,GA,Technology,Real Estate,Current,0,38,,Yes,55,55,15,35,0,36.0,C,Moderate,0.04,0.6,1834.97,0.024
LN02119,SMB,Inventory,2022-06-19,2024-06-08,89000,24,10.98,4147.27,4450.0,0.05,665,0.4146,,500000,Self-Employed,8.4,NY,Construction,Business Assets,Current,0,24,,No,35,35,15,30,0,24.5,B,Moderate-Low,0.015,0.6,40.05,0.009
LN02120,SMB,Inventory,2022-02-18,2024-02-08,74500,24,10.76,3463.99,3725.0,0.05,638,0.2629,,238193,Employed,5.3,TX,Retail,Equipment,Current,0,24,,No,55,10,15,5,0,21.8,B,Moderate-Low,0.015,0.6,33.52,0.009
LN02121,SMB,Real Estate,2023-04-23,2028-03-27,86500,60,8.54,1776.35,69200.0,0.8,788,0.3736,,135286,Contract,16.1,FL,Finance,Business Assets,Severely Delinquent,4,12,,No,0,35,15,20,100,33.0,C,Moderate,0.04,0.6,1660.8,0.024
LN02122,SMB,Expansion,2020-09-03,2022-08-24,360000,24,9.76,16572.32,18000.0,0.05,673,0.2633,,373501,Self-Employed,15.6,TN,Education,Real Estate,Current,0,24,,Yes,35,10,15,25,0,17.8,B,Moderate-Low,0.015,0.6,162.0,0.009
LN02123,SMB,Expansion,2021-03-06,2023-02-24,264500,24,10.59,12277.49,13225.0,0.05,615,0.3469,,500000,Self-Employed,1.4,FL,Manufacturing,Unsecured,Current,0,24,,No,75,20,15,50,0,34.8,C,Moderate,0.04,0.6,317.4,0.024
LN02124,SMB,Inventory,2020-08-17,2027-07-12,344500,84,11.75,6035.4,164050.9,0.4762,562,0.362,,161452,Employed,0.8,CA,Healthcare,Unsecured,Severely Delinquent,5,44,,No,100,35,15,25,100,63.5,D,High,0.1,0.6,9843.05,0.06
LN02125,SMB,Inventory,2022-01-08,2024-12-23,48000,36,9.66,1541.17,5332.8,0.1111,768,0.325,,339923,Self-Employed,0.5,MI,Retail,Real Estate,Current,0,32,,Yes,10,20,15,50,0,15.2,B,Moderate-Low,0.015,0.6,48.0,0.009
LN02126,SMB,Working Capital,2023-08-25,2024-08-19,186500,12,10.59,16447.53,9325.0,0.05,618,0.3272,,234461,Retired,3.4,WA,Real Estate,Real Estate,Current,0,12,,No,75,20,15,25,0,32.2,C,Moderate,0.04,0.6,223.8,0.024
LN02127,SMB,Working Capital,2020-10-15,2021-10-10,463500,12,8.61,40449.98,23175.0,0.05,808,0.3776,,274539,Employed,0.7,GA,Hospitality,Equipment,Current,0,12,,No,0,35,15,25,0,13.5,A,Low Risk,0.005,0.6,69.53,0.003
LN02128,SMB,Working Capital,2020-10-14,2022-10-04,299000,24,9.44,13720.18,14950.0,0.05,739,0.3069,,427138,Self-Employed,6.5,TN,Manufacturing,Equipment,Current,0,24,,No,20,20,15,30,0,16.2,B,Moderate-Low,0.015,0.6,134.55,0.009
LN02129,SMB,Inventory,2023-06-18,2026-06-02,243000,36,10.37,7883.21,148497.3,0.6111,712,0.2021,,169415,Self-Employed,2.6,AZ,Finance,Equipment,Current,0,14,,Yes,20,10,15,40,0,14.8,A,Low Risk,0.005,0.6,445.49,0.003
LN02130,SMB,Working Capital,2020-11-06,2027-10-01,281000,84,10.2,4694.02,127124.4,0.4524,692,0.1458,,291527,Employed,2.7,PA,Technology,Equipment,Current,0,46,,No,35,0,15,15,0,14.2,A,Low Risk,0.005,0.6,381.37,0.003
LN02131,SMB,Expansion,2021-02-21,2026-01-26,97500,60,11.04,2121.83,32496.75,0.3333,628,0.4379,,190604,Retired,1.7,VA,Technology,Real Estate,Delinquent,2,40,,No,55,55,15,35,55,47.0,C,Moderate,0.04,0.6,779.92,0.024
LN02132,SMB,Working Capital,2021-11-10,2022-11-05,492000,12,10.22,43304.97,24600.0,0.05,715,0.33,,500000,Retired,1.6,CA,Education,Equipment,Current,0,12,,No,20,20,15,35,0,16.8,B,Moderate-Low,0.015,0.6,221.4,0.009
LN02133,SMB,Real Estate,2023-01-09,2024-01-04,155500,12,8.29,13547.56,7775.0,0.05,800,0.4062,,114441,Self-Employed,14.6,WA,Finance,Equipment,Current,0,12,,No,0,35,15,25,0,13.5,A,Low Risk,0.005,0.6,23.32,0.003
LN02134,SMB,Working Capital,2020-01-31,2021-01-25,162000,12,9.58,14210.75,8100.0,0.05,735,0.3195,,500000,Retired,1.1,VA,Healthcare,Unsecured,Current,0,12,,No,20,20,15,35,0,16.8,B,Moderate-Low,0.015,0.6,72.9,0.009
LN02135,SMB,Real Estate,2022-09-01,2023-08-27,480000,12,8.37,41836.61,24000.0,0.05,826,0.3058,,301135,Contract,2.1,MA,Finance,Unsecured,Current,0,12,,Yes,0,20,15,35,0,10.8,A,Low Risk,0.005,0.6,72.0,0.003
LN02136,SMB,Inventory,2023-07-28,2030-06-21,288000,84,11.38,4988.99,243417.6,0.8452,663,0.288,,200268,Employed,9.7,CA,Finance,Real Estate,Current,0,13,,No,35,20,15,5,0,18.2,B,Moderate-Low,0.015,0.6,2190.76,0.009
LN02137,SMB,Real Estate,2023-09-06,2026-08-21,137000,36,10.39,4445.73,91337.9,0.6667,685,0.3756,,232252,Employed,1.2,MO,Construction,Business Assets,Current,0,12,,Yes,35,35,15,25,0,24.0,B,Moderate-Low,0.015,0.6,822.04,0.009
LN02138,SMB,Equipment,2024-03-13,2029-02-15,418500,60,11.54,9212.31,383638.95,0.9167,639,0.3708,,273739,Employed,14.0,MD,Finance,Equipment,Current,0,5,,No,55,35,15,0,0,27.5,B,Moderate-Low,0.015,0.6,3452.75,0.009
LN02139,SMB,Inventory,2023-09-12,2025-09-01,363500,24,9.55,16698.28,196907.95,0.5417,712,0.384,,500000,Self-Employed,4.7,FL,Transportation,Real Estate,Current,0,11,,Yes,20,35,15,40,0,21.0,B,Moderate-Low,0.015,0.6,1772.17,0.009
LN02140,SMB,Expansion,2021-05-26,2022-05-21,35500,12,10.76,3133.58,1775.0,0.05,650,0.24,,149016,Employed,12.0,GA,Construction,Real Estate,Current,0,12,,Yes,55,10,15,0,0,21.2,B,Moderate-Low,0.015,0.6,15.98,0.009
LN02141,SMB,Expansion,2022-11-30,2029-10-24,41500,84,8.82,663.91,31125.0,0.75,803,0.3799,,209986,Employed,6.2,IN,Real Estate,Equipment,Current,0,21,,Yes,0,35,15,5,0,11.5,A,Low Risk,0.005,0.6,93.38,0.003
LN02142,SMB,Working Capital,2022-02-06,2027-01-11,322000,60,11.57,7092.94,155622.6,0.4833,607,0.3166,,271841,Employed,1.4,IL,Technology,Unsecured,Current,0,31,,No,75,20,15,25,0,32.2,C,Moderate,0.04,0.6,3734.94,0.024
LN02143,SMB,Working Capital,2021-01-08,2022-12-29,108000,24,11.81,5074.36,5400.0,0.05,627,0.08,,197468,Employed,2.7,CA,Finance,Equipment,Current,0,24,,Yes,55,0,15,15,0,20.2,B,Moderate-Low,0.015,0.6,48.6,0.009
LN02144,SMB,Inventory,2021-10-22,2026-09-26,274500,60,10.29,5871.56,118940.85,0.4333,743,0.3248,,86227,Employed,14.8,CA,Retail,Real Estate,Current,0,34,,No,10,20,15,0,0,10.2,A,Low Risk,0.005,0.6,356.82,0.003
LN02145,SMB,Inventory,2022-04-10,2029-03-04,405000,84,8.5,6413.78,265194.0,0.6548,850,0.3401,,392107,Contract,2.3,MA,Hospitality,Real Estate,Current,0,29,,No,0,20,15,35,0,10.8,A,Low Risk,0.005,0.6,795.58,0.003
LN02146,SMB,Real Estate,2020-08-29,2025-08-03,459500,60,10.48,9871.9,91900.0,0.2,660,0.3184,,150235,Self-Employed,0.5,NC,Real Estate,Real Estate,Current,0,48,,No,35,20,15,50,0,22.8,B,Moderate-Low,0.015,0.6,827.1,0.009
LN02147,SMB,Inventory,2021-06-06,2023-05-27,45500,24,9.15,2081.79,2275.0,0.05,779,0.3551,,407247,Self-Employed,3.0,NJ,Healthcare,Unsecured,Current,0,24,,No,10,20,15,40,0,14.2,A,Low Risk,0.005,0.6,6.82,0.003
LN02148,SMB,Expansion,2024-04-12,2027-03-28,222500,36,9.91,7170.05,197780.25,0.8889,698,0.33,,432260,Employed,5.5,IN,Technology,Unsecured,Current,0,4,,No,35,20,15,5,0,18.2,B,Moderate-Low,0.015,0.6,1780.02,0.009
LN02149,SMB,Inventory,2020-09-15,2027-08-10,440000,84,9.63,7220.68,188584.0,0.4286,761,0.2319,,422794,Employed,8.1,NY,Healthcare,Business Assets,Current,0,48,,No,10,10,15,5,0,8.2,A,Low Risk,0.005,0.6,565.75,0.003
LN02150,SMB,Expansion,2023-12-30,2030-11-23,181000,84,9.76,2982.42,163768.8,0.9048,726,0.5532,,352095,Employed,8.6,MI,Construction,Real Estate,Current,0,8,,No,20,80,15,5,0,28.8,B,Moderate-Low,0.015,0.6,1473.92,0.009
LN02151,SMB,Real Estate,2023-02-07,2028-01-12,450500,60,9.7,9505.43,307826.65,0.6833,717,0.2669,,500000,Contract,10.5,FL,Education,Equipment,Current,0,19,,No,20,10,15,20,0,12.8,A,Low Risk,0.005,0.6,923.48,0.003
LN02152,SMB,Equipment,2021-02-03,2027-12-29,27500,84,10.79,467.84,13422.75,0.4881,640,0.3667,,135354,Self-Employed,23.6,IL,Retail,Business Assets,Current,0,43,,No,55,35,15,25,0,30.0,C,Moderate,0.04,0.6,322.15,0.024
LN02153,SMB,Real Estate,2022-12-12,2025-11-26,131500,36,9.71,4225.25,58438.6,0.4444,730,0.3097,,263961,Self-Employed,0.5,WI,Hospitality,Business Assets,Current,0,20,,No,20,20,15,50,0,18.2,B,Moderate-Low,0.015,0.6,525.95,0.009
LN02154,SMB,Real Estate,2023-01-09,2025-12-24,351500,36,10.49,11422.95,156206.6,0.4444,674,0.4086,,210626,Self-Employed,4.3,GA,Real Estate,Equipment,Current,0,20,,No,35,35,15,40,0,25.5,B,Moderate-Low,0.015,0.6,1405.86,0.009
LN02155,SMB,Real Estate,2020-07-24,2022-07-14,405500,24,11.12,18922.08,20275.0,0.05,648,0.3746,,500000,Employed,1.3,PA,Finance,Equipment,Current,0,24,,No,55,35,15,25,0,30.0,C,Moderate,0.04,0.6,486.6,0.024
LN02156,SMB,Expansion,2023-06-02,2030-04-26,415000,84,9.61,6806.15,340881.0,0.8214,717,0.3237,,121186,Retired,8.0,AZ,Education,Business Assets,Current,0,15,,No,20,20,15,15,0,14.8,A,Low Risk,0.005,0.6,1022.64,0.003
LN02157,SMB,Inventory,2022-03-09,2025-02-21,186000,36,11.2,6107.03,31006.2,0.1667,644,0.4154,,229440,Contract,19.0,IN,Real Estate,Unsecured,Current,0,30,,Yes,55,35,15,20,0,29.5,B,Moderate-Low,0.015,0.6,279.06,0.009
LN02158,SMB,Expansion,2024-01-17,2026-01-06,361000,24,10.51,16743.42,255696.3,0.7083,635,0.4395,,500000,Employed,9.0,MI,Retail,Real Estate,Current,0,7,,No,55,55,15,5,0,33.0,C,Moderate,0.04,0.6,6136.71,0.024
LN02159,SMB,Inventory,2023-05-01,2030-03-25,453000,84,9.35,7369.07,366703.5,0.8095,764,0.3197,,155419,Employed,12.2,FL,Finance,Equipment,Current,0,16,,No,10,20,15,0,0,10.2,A,Low Risk,0.005,0.6,1100.11,0.003
LN02160,SMB,Equipment,2020-11-24,2025-10-29,450000,60,8.99,9339.08,112500.0,0.25,720,0.2324,,46086,Employed,0.8,GA,Education,Unsecured,Current,0,45,,No,20,10,15,25,0,13.2,A,Low Risk,0.005,0.6,337.5,0.003
LN02161,SMB,Working Capital,2021-01-31,2027-12-26,368500,84,9.03,5934.44,179864.85,0.4881,740,0.2359,,412403,Self-Employed,5.1,GA,Manufacturing,Equipment,Current,0,43,,No,10,10,15,30,0,10.8,A,Low Risk,0.005,0.6,539.59,0.003
LN02162,SMB,Real Estate,2022-04-02,2024-03-22,266000,24,10.57,12344.65,13300.0,0.05,635,0.3061,,456847,Self-Employed,5.0,NY,Retail,Equipment,Current,0,24,,Yes,55,20,15,30,0,26.8,B,Moderate-Low,0.015,0.6,119.7,0.009
LN02163,SMB,Working Capital,2020-10-18,2025-09-22,160000,60,12.73,3618.42,34672.0,0.2167,517,0.1545,,297121,Self-Employed,1.2,NC,Hospitality,Business Assets,Current,0,47,,No,100,0,15,50,0,37.2,C,Moderate,0.04,0.6,832.13,0.024
LN02164,SMB,Real Estate,2022-12-09,2025-11-23,28500,36,9.98,919.35,11875.95,0.4167,695,0.0913,,432295,Self-Employed,2.8,NY,Retail,Unsecured,Current,0,21,,No,35,0,15,40,0,16.8,B,Moderate-Low,0.015,0.6,106.88,0.009
LN02165,SMB,Inventory,2021-09-03,2026-08-08,235500,60,10.69,5084.01,109907.85,0.4667,643,0.4627,,85006,Self-Employed,7.4,MO,Healthcare,Equipment,Severely Delinquent,4,32,,No,55,55,15,30,100,55.5,D,High,0.1,0.6,6594.47,0.06
LN02166,SMB,Expansion,2021-07-11,2024-06-25,136500,36,8.08,4282.45,6825.0,0.05,850,0.2928,,352343,Employed,15.8,TX,Construction,Business Assets,Current,0,36,,No,0,20,15,0,0,7.2,A,Low Risk,0.005,0.6,20.48,0.003
LN02167,SMB,Inventory,2023-04-13,2028-03-17,234000,60,10.21,4996.02,171592.2,0.7333,643,0.4631,,165309,Retired,5.0,PA,Retail,Real Estate,Current,0,16,,Yes,55,55,15,15,0,34.0,C,Moderate,0.04,0.6,4118.21,0.024
LN02168,SMB,Real Estate,2020-07-30,2027-06-24,365000,84,10.28,6112.37,152095.5,0.4167,662,0.433,,235199,Contract,11.5,FL,Retail,Real Estate,Current,0,49,,Yes,35,55,15,20,0,28.5,B,Moderate-Low,0.015,0.6,1368.86,0.009
LN02169,SMB,Working Capital,2023-12-07,2028-11-10,71500,60,9.79,1511.79,61969.05,0.8667,671,0.2145,,467174,Employed,0.9,AZ,Manufacturing,Real Estate,Current,0,8,,Yes,35,10,15,25,0,17.8,B,Moderate-Low,0.015,0.6,557.72,0.009
LN02170,SMB,Expansion,2023-08-04,2026-07-19,186000,36,10.52,6047.21,118835.4,0.6389,651,0.399,,235221,Employed,6.2,IN,Healthcare,Real Estate,Current,0,13,,No,55,35,15,5,0,28.0,B,Moderate-Low,0.015,0.6,1069.52,0.009
LN02171,SMB,Inventory,2020-07-26,2021-07-21,467500,12,10.94,41305.34,23375.0,0.05,632,0.2134,,153214,Employed,10.1,TN,Transportation,Equipment,Current,0,12,,Yes,55,10,15,0,0,21.2,B,Moderate-Low,0.015,0.6,210.37,0.009
LN02172,SMB,Inventory,2023-09-25,2028-08-29,103500,60,11.15,2258.09,84528.45,0.8167,581,0.4904,,193832,Employed,6.0,NC,Transportation,Unsecured,Current,0,11,,Yes,75,55,15,5,0,39.0,C,Moderate,0.04,0.6,2028.68,0.024
LN02173,SMB,Working Capital,2023-09-29,2030-08-23,499500,84,10.22,8349.18,434065.5,0.869,702,0.2028,,290746,Employed,6.9,WA,Transportation,Business Assets,Current,0,11,,No,20,10,15,5,0,11.2,A,Low Risk,0.005,0.6,1302.2,0.003
LN02174,SMB,Real Estate,2020-08-28,2021-08-23,221000,12,9.89,19418.11,11050.0,0.05,740,0.3613,,136258,Employed,8.0,GA,Education,Unsecured,Current,0,12,,No,10,35,15,5,0,14.5,A,Low Risk,0.005,0.6,33.15,0.003
LN02175,SMB,Real Estate,2021-12-12,2022-12-07,400000,12,11.94,35528.29,20000.0,0.05,573,0.3535,,432359,Retired,2.5,MA,Education,Business Assets,Current,0,12,,No,100,20,15,25,0,39.8,C,Moderate,0.04,0.6,480.0,0.024
LN02176,SMB,Equipment,2023-10-02,2028-09-05,158500,60,10.16,3380.15,129446.95,0.8167,691,0.4712,,181840,Employed,15.6,CA,Real Estate,Business Assets,Current,0,11,,No,35,55,15,0,0,26.5,B,Moderate-Low,0.015,0.6,1165.02,0.009
LN02177,SMB,Expansion,2021-08-21,2022-08-16,308500,12,11.62,27355.04,128551.95,0.4167,589,0.3696,,500000,Self-Employed,12.7,CA,Real Estate,Real Estate,Severely Delinquent,5,7,,No,75,35,15,25,100,56.0,D,High,0.1,0.6,7713.12,0.06
LN02178,SMB,Working Capital,2021-05-24,2024-05-08,378500,36,10.31,12268.29,18925.0,0.05,689,0.3045,,425163,Employed,2.6,NC,Construction,Real Estate,Current,0,36,,Yes,35,20,15,15,0,19.2,B,Moderate-Low,0.015,0.6,170.32,0.009
LN02179,SMB,Real Estate,2024-04-23,2027-04-08,199500,36,10.38,6472.95,177335.55,0.8889,666,0.3983,,216994,Employed,0.5,PA,Education,Real Estate,Current,0,4,,No,35,35,15,25,0,24.0,B,Moderate-Low,0.015,0.6,1596.02,0.009
LN02180,SMB,Working Capital,2024-05-18,2027-05-03,393000,36,10.32,12740.13,360263.1,0.9167,721,0.325,,265781,Self-Employed,5.0,PA,Real Estate,Real Estate,Current,0,3,,Yes,20,20,15,30,0,16.2,B,Moderate-Low,0.015,0.6,3242.37,0.009
LN02181,SMB,Expansion,2023-01-07,2029-12-01,381500,84,12.03,6740.64,290664.85,0.7619,600,0.3377,,180320,Employed,0.5,GA,Healthcare,Business Assets,Current,0,20,,No,75,20,15,25,0,32.2,C,Moderate,0.04,0.6,6975.96,0.024
LN02182,SMB,Equipment,2021-10-02,2026-09-06,103000,60,9.03,2139.61,42920.1,0.4167,805,0.2812,,348784,Employed,2.3,WI,Retail,Unsecured,Current,0,35,,No,0,20,15,15,0,8.8,A,Low Risk,0.005,0.6,128.76,0.003
LN02183,SMB,Inventory,2023-12-19,2026-12-03,499000,36,9.55,15996.11,388122.2,0.7778,760,0.4822,,500000,Employed,13.6,TN,Finance,Real Estate,Current,0,8,,Yes,10,55,15,0,0,19.0,B,Moderate-Low,0.015,0.6,3493.1,0.009
LN02184,SMB,Real Estate,2021-10-23,2023-10-13,379000,24,9.4,17384.16,18950.0,0.05,753,0.332,,500000,Employed,5.6,CA,Hospitality,Real Estate,Current,0,24,,Yes,10,20,15,5,0,10.8,A,Low Risk,0.005,0.6,56.85,0.003
LN02185,SMB,Inventory,2021-08-29,2028-07-23,160000,84,10.31,2681.89,91424.0,0.5714,734,0.3477,,381185,Employed,1.2,MO,Retail,Business Assets,Current,0,36,,Yes,20,20,15,25,0,15.8,B,Moderate-Low,0.015,0.6,822.82,0.009
LN02186,SMB,Inventory,2020-07-04,2021-06-29,222000,12,10.26,19544.18,11100.0,0.05,731,0.4235,,147254,Retired,14.5,WI,Finance,Real Estate,Current,0,12,,No,20,35,15,10,0,18.0,B,Moderate-Low,0.015,0.6,99.9,0.009
LN02187,SMB,Inventory,2022-12-27,2025-12-11,217500,36,8.67,6883.09,96657.0,0.4444,810,0.3068,,97607,Employed,1.7,VA,Manufacturing,Business Assets,Current,0,20,,No,0,20,15,25,0,9.8,A,Low Risk,0.005,0.6,289.97,0.003
LN02188,SMB,Equipment,2023-03-13,2030-02-04,78000,84,11.66,1362.77,62212.8,0.7976,574,0.3671,,500000,Employed,5.3,FL,Technology,Unsecured,Current,0,17,,Yes,100,35,15,5,0,41.5,C,Moderate,0.04,0.6,1493.11,0.024
LN02189,SMB,Expansion,2023-01-27,2025-01-16,279000,24,10.69,12963.47,58115.7,0.2083,677,0.2543,,86412,Self-Employed,3.6,IL,Construction,Business Assets,Current,0,19,,No,35,10,15,40,0,19.2,B,Moderate-Low,0.015,0.6,523.04,0.009
LN02190,SMB,Equipment,2023-11-24,2025-11-13,251000,24,10.82,11677.6,156875.0,0.625,683,0.4726,,500000,Employed,1.1,GA,Retail,Unsecured,Current,0,9,,No,35,55,15,25,0,29.0,B,Moderate-Low,0.015,0.6,1411.88,0.009
LN02191,SMB,Working Capital,2020-01-26,2022-01-15,121000,24,10.55,5614.3,6050.0,0.05,719,0.4177,,439040,Employed,7.1,MI,Construction,Unsecured,Current,0,24,,No,20,35,15,5,0,17.5,B,Moderate-Low,0.015,0.6,54.45,0.009
LN02192,SMB,Equipment,2023-02-13,2028-01-18,70500,60,10.73,1523.36,49350.0,0.7,654,0.3969,,405188,Contract,3.7,MO,Finance,Unsecured,Current,0,18,,No,55,35,15,35,0,31.0,C,Moderate,0.04,0.6,1184.4,0.024
LN02193,SMB,Inventory,2023-04-04,2030-02-26,366000,84,10.37,6146.23,291921.6,0.7976,660,0.3326,,500000,Employed,6.2,WA,Real Estate,Real Estate,Current,0,17,,No,35,20,15,5,0,18.2,B,Moderate-Low,0.015,0.6,2627.29,0.009
LN02194,SMB,Equipment,2022-06-02,2025-05-17,184500,36,10.46,5993.22,46125.0,0.25,735,0.3084,,110705,Employed,22.9,VA,Hospitality,Real Estate,Current,0,27,,No,20,20,15,0,0,13.2,A,Low Risk,0.005,0.6,138.38,0.003
LN02195,SMB,Equipment,2020-06-06,2023-05-22,181000,36,10.6,5891.48,9050.0,0.05,632,0.3504,,67136,Employed,3.8,IL,Healthcare,Equipment,Current,0,36,,Yes,55,20,15,15,0,25.2,B,Moderate-Low,0.015,0.6,81.45,0.009
LN02196,SMB,Working Capital,2023-12-21,2030-11-14,259000,84,11.15,4455.16,234343.2,0.9048,623,0.2024,,235125,Employed,1.9,TN,Real Estate,Equipment,Current,0,8,,No,55,10,15,25,0,23.8,B,Moderate-Low,0.015,0.6,2109.09,0.009
LN02197,SMB,Working Capital,2021-04-03,2028-02-26,261000,84,9.52,4268.45,133605.9,0.5119,743,0.08,,500000,Employed,3.0,MA,Transportation,Unsecured,Current,0,41,,No,10,0,15,15,0,6.8,A,Low Risk,0.005,0.6,400.82,0.003
LN02198,SMB,Equipment,2022-10-15,2027-09-19,221000,60,9.08,4596.18,139959.3,0.6333,834,0.263,,318573,Employed,4.6,MD,Hospitality,Business Assets,Current,0,22,,No,0,10,15,15,0,6.2,A,Low Risk,0.005,0.6,419.88,0.003
LN02199,SMB,Inventory,2023-02-18,2028-01-23,486000,60,10.16,10364.37,340200.0,0.7,714,0.3619,,398571,Retired,19.9,TX,Healthcare,Equipment,Current,0,18,,Yes,20,35,15,10,0,18.0,B,Moderate-Low,0.015,0.6,3061.8,0.009
LN02200,SMB,Working Capital,2020-05-13,2023-04-28,125500,36,10.23,4063.1,6275.0,0.05,698,0.335,,186249,Employed,6.3,NC,Education,Unsecured,Current,0,36,,Yes,35,20,15,5,0,18.2,B,Moderate-Low,0.015,0.6,56.47,0.009
